2026-08-10T15:03:30.916+05:30  INFO 9812 --- [Bug Tracking System] [restartedMain] com.bugtracker.BugtrackerApplication     : Starting BugtrackerApplication using Java 26.0.1 with PID 9812 (D:\Users\Downloads\bugtracker\bugtracker\target\classes started by lovely in D:\Users\Downloads\bugtracker)
2026-08-10T15:03:30.921+05:30  INFO 9812 --- [Bug Tracking System] [restartedMain] com.bugtracker.BugtrackerApplication     : No active profile set, falling back to 1 default profile: "default"
2026-08-10T15:03:38.935+05:30  WARN 9812 --- [Bug Tracking System] [restartedMain] JpaBaseConfiguration$JpaWebConfiguration : spring.jpa.open-in-view is enabled by default. Therefore, database queries may be performed during view rendering. Explicitly configure spring.jpa.open-in-view to disable this warning
2026-08-10T15:03:39.057+05:30  WARN 9812 --- [Bug Tracking System] [restartedMain] r$InitializeUserDetailsManagerConfigurer : Global AuthenticationManager configured with an AuthenticationProvider bean. UserDetailsService beans will not be used by Spring Security for automatically configuring username/password login. Consider removing the AuthenticationProvider bean. Alternatively, consider using the UserDetailsService in a manually instantiated DaoAuthenticationProvider. If the current configuration is intentional, to turn off this warning, increase the logging level of 'org.springframework.security.config.annotation.authentication.configuration.InitializeUserDetailsBeanManagerConfigurer' to ERROR
2026-08-10T15:03:39.933+05:30  INFO 9812 --- [Bug Tracking System] [restartedMain] com.bugtracker.BugtrackerApplication     : Started BugtrackerApplication in 9.842 seconds (process running for 12.115)
2026-08-10T15:09:32.820+05:30  INFO 9812 --- [Bug Tracking System] [http-nio-8081-exec-7] com.bugtracker.service.BugService        : Bug #6 created successfully
2026-08-10T15:10:36.394+05:30  INFO 9812 --- [Bug Tracking System] [http-nio-8081-exec-6] com.bugtracker.service.BugService        : Bug #7 created successfully
2026-08-10T15:11:11.352+05:30  INFO 9812 --- [Bug Tracking System] [http-nio-8081-exec-9] com.bugtracker.service.BugService        : Bug #8 created successfully
2026-08-10T15:11:48.296+05:30  INFO 9812 --- [Bug Tracking System] [http-nio-8081-exec-4] com.bugtracker.service.BugService        : Bug #9 created successfully
2026-08-10T15:12:23.906+05:30  INFO 9812 --- [Bug Tracking System] [http-nio-8081-exec-7] com.bugtracker.service.BugService        : Bug #10 created successfully
2026-08-10T15:12:56.091+05:30  INFO 9812 --- [Bug Tracking System] [http-nio-8081-exec-1] com.bugtracker.service.BugService        : Bug #11 created successfully
2026-08-10T15:13:35.919+05:30  INFO 9812 --- [Bug Tracking System] [http-nio-8081-exec-4] com.bugtracker.service.BugService        : Bug #12 created successfully
2026-08-10T15:14:13.542+05:30  INFO 9812 --- [Bug Tracking System] [http-nio-8081-exec-8] com.bugtracker.service.BugService        : Bug #13 created successfully
2026-08-10T15:14:49.188+05:30  INFO 9812 --- [Bug Tracking System] [http-nio-8081-exec-1] com.bugtracker.service.BugService        : Bug #14 created successfully
2026-08-10T15:15:23.617+05:30  INFO 9812 --- [Bug Tracking System] [http-nio-8081-exec-6] com.bugtracker.service.BugService        : Bug #15 created successfully
2026-08-10T15:15:28.713+05:30 ERROR 9812 --- [Bug Tracking System] [http-nio-8081-exec-7] org.thymeleaf.TemplateEngine             : [THYMELEAF][http-nio-8081-exec-7] Exception processing template "bugs/list": An error happened during template parsing (template: "class path resource [templates/bugs/list.html]")

org.thymeleaf.exceptions.TemplateInputException: An error happened during template parsing (template: "class path resource [templates/bugs/list.html]")
	at org.thymeleaf.templateparser.markup.AbstractMarkupTemplateParser.parse(AbstractMarkupTemplateParser.java:241) ~[thymeleaf-3.1.5.RELEASE.jar:3.1.5.RELEASE]
	at org.thymeleaf.templateparser.markup.AbstractMarkupTemplateParser.parseStandalone(AbstractMarkupTemplateParser.java:100) ~[thymeleaf-3.1.5.RELEASE.jar:3.1.5.RELEASE]
	at org.thymeleaf.engine.TemplateManager.parseAndProcess(TemplateManager.java:666) ~[thymeleaf-3.1.5.RELEASE.jar:3.1.5.RELEASE]
	at org.thymeleaf.TemplateEngine.process(TemplateEngine.java:1103) ~[thymeleaf-3.1.5.RELEASE.jar:3.1.5.RELEASE]
	at org.thymeleaf.TemplateEngine.process(TemplateEngine.java:1077) ~[thymeleaf-3.1.5.RELEASE.jar:3.1.5.RELEASE]
	at org.thymeleaf.spring6.view.ThymeleafView.renderFragment(ThymeleafView.java:374) ~[thymeleaf-spring6-3.1.5.RELEASE.jar:3.1.5.RELEASE]
	at org.thymeleaf.spring6.view.ThymeleafView.render(ThymeleafView.java:193) ~[thymeleaf-spring6-3.1.5.RELEASE.jar:3.1.5.RELEASE]
	at org.springframework.web.servlet.DispatcherServlet.render(DispatcherServlet.java:1305) ~[spring-webmvc-7.0.7.jar:7.0.7]
	at org.springframework.web.servlet.DispatcherServlet.processDispatchResult(DispatcherServlet.java:1042) ~[spring-webmvc-7.0.7.jar:7.0.7]
	at org.springframework.web.servlet.DispatcherServlet.doDispatch(DispatcherServlet.java:980) ~[spring-webmvc-7.0.7.jar:7.0.7]
	at org.springframework.web.servlet.DispatcherServlet.doService(DispatcherServlet.java:866) ~[spring-webmvc-7.0.7.jar:7.0.7]
	at org.springframework.web.servlet.FrameworkServlet.processRequest(FrameworkServlet.java:1000) ~[spring-webmvc-7.0.7.jar:7.0.7]
	at org.springframework.web.servlet.FrameworkServlet.doGet(FrameworkServlet.java:892) ~[spring-webmvc-7.0.7.jar:7.0.7]
	at jakarta.servlet.http.HttpServlet.service(HttpServlet.java:622) ~[tomcat-embed-core-11.0.21.jar:6.1]
	at org.springframework.web.servlet.FrameworkServlet.service(FrameworkServlet.java:874) ~[spring-webmvc-7.0.7.jar:7.0.7]
	at jakarta.servlet.http.HttpServlet.service(HttpServlet.java:710) ~[tomcat-embed-core-11.0.21.jar:6.1]
	at org.apache.catalina.core.ApplicationFilterChain.doFilter(ApplicationFilterChain.java:128) ~[tomcat-embed-core-11.0.21.jar:11.0.21]
	at org.apache.tomcat.websocket.server.WsFilter.doFilter(WsFilter.java:53) ~[tomcat-embed-websocket-11.0.21.jar:11.0.21]
	at org.apache.catalina.core.ApplicationFilterChain.doFilter(ApplicationFilterChain.java:107) ~[tomcat-embed-core-11.0.21.jar:11.0.21]
	at org.springframework.web.filter.CompositeFilter$VirtualFilterChain.doFilter(CompositeFilter.java:108) ~[spring-web-7.0.7.jar:7.0.7]
	at org.springframework.security.web.FilterChainProxy.lambda$doFilterInternal$3(FilterChainProxy.java:235) ~[spring-security-web-7.0.5.jar:7.0.5]
	at org.springframework.security.web.FilterChainProxy$VirtualFilterChain.doFilter(FilterChainProxy.java:376) ~[spring-security-web-7.0.5.jar:7.0.5]
	at org.springframework.security.web.access.intercept.AuthorizationFilter.doFilter(AuthorizationFilter.java:101) ~[spring-security-web-7.0.5.jar:7.0.5]
	at org.springframework.security.web.FilterChainProxy$VirtualFilterChain.doFilter(FilterChainProxy.java:385) ~[spring-security-web-7.0.5.jar:7.0.5]
	at org.springframework.security.web.access.ExceptionTranslationFilter.doFilter(ExceptionTranslationFilter.java:126) ~[spring-security-web-7.0.5.jar:7.0.5]
	at org.springframework.security.web.access.ExceptionTranslationFilter.doFilter(ExceptionTranslationFilter.java:120) ~[spring-security-web-7.0.5.jar:7.0.5]
	at org.springframework.security.web.FilterChainProxy$VirtualFilterChain.doFilter(FilterChainProxy.java:385) ~[spring-security-web-7.0.5.jar:7.0.5]
	at org.springframework.security.web.session.SessionManagementFilter.doFilter(SessionManagementFilter.java:132) ~[spring-security-web-7.0.5.jar:7.0.5]
	at org.springframework.security.web.session.SessionManagementFilter.doFilter(SessionManagementFilter.java:86) ~[spring-security-web-7.0.5.jar:7.0.5]
	at org.springframework.security.web.FilterChainProxy$VirtualFilterChain.doFilter(FilterChainProxy.java:385) ~[spring-security-web-7.0.5.jar:7.0.5]
	at org.springframework.security.web.authentication.AnonymousAuthenticationFilter.doFilter(AnonymousAuthenticationFilter.java:100) ~[spring-security-web-7.0.5.jar:7.0.5]
	at org.springframework.security.web.FilterChainProxy$VirtualFilterChain.doFilter(FilterChainProxy.java:385) ~[spring-security-web-7.0.5.jar:7.0.5]
	at org.springframework.security.web.servletapi.SecurityContextHolderAwareRequestFilter.doFilter(SecurityContextHolderAwareRequestFilter.java:181) ~[spring-security-web-7.0.5.jar:7.0.5]
	at org.springframework.security.web.FilterChainProxy$VirtualFilterChain.doFilter(FilterChainProxy.java:385) ~[spring-security-web-7.0.5.jar:7.0.5]
	at org.springframework.security.web.savedrequest.RequestCacheAwareFilter.doFilter(RequestCacheAwareFilter.java:63) ~[spring-security-web-7.0.5.jar:7.0.5]
	at org.springframework.security.web.FilterChainProxy$VirtualFilterChain.doFilter(FilterChainProxy.java:385) ~[spring-security-web-7.0.5.jar:7.0.5]
	at org.springframework.security.web.session.ConcurrentSessionFilter.doFilter(ConcurrentSessionFilter.java:153) ~[spring-security-web-7.0.5.jar:7.0.5]
	at org.springframework.security.web.session.ConcurrentSessionFilter.doFilter(ConcurrentSessionFilter.java:131) ~[spring-security-web-7.0.5.jar:7.0.5]
	at org.springframework.security.web.FilterChainProxy$VirtualFilterChain.doFilter(FilterChainProxy.java:385) ~[spring-security-web-7.0.5.jar:7.0.5]
	at org.springframework.security.web.authentication.AbstractAuthenticationProcessingFilter.doFilter(AbstractAuthenticationProcessingFilter.java:245) ~[spring-security-web-7.0.5.jar:7.0.5]
	at org.springframework.security.web.authentication.AbstractAuthenticationProcessingFilter.doFilter(AbstractAuthenticationProcessingFilter.java:239) ~[spring-security-web-7.0.5.jar:7.0.5]
	at org.springframework.security.web.FilterChainProxy$VirtualFilterChain.doFilter(FilterChainProxy.java:385) ~[spring-security-web-7.0.5.jar:7.0.5]
	at org.springframework.security.web.authentication.logout.LogoutFilter.doFilter(LogoutFilter.java:110) ~[spring-security-web-7.0.5.jar:7.0.5]
	at org.springframework.security.web.authentication.logout.LogoutFilter.doFilter(LogoutFilter.java:96) ~[spring-security-web-7.0.5.jar:7.0.5]
	at org.springframework.security.web.FilterChainProxy$VirtualFilterChain.doFilter(FilterChainProxy.java:385) ~[spring-security-web-7.0.5.jar:7.0.5]
	at org.springframework.security.web.csrf.CsrfFilter.doFilterInternal(CsrfFilter.java:118) ~[spring-security-web-7.0.5.jar:7.0.5]
	at org.springframework.web.filter.OncePerRequestFilter.doFilter(OncePerRequestFilter.java:116) ~[spring-web-7.0.7.jar:7.0.7]
	at org.springframework.security.web.FilterChainProxy$VirtualFilterChain.doFilter(FilterChainProxy.java:385) ~[spring-security-web-7.0.5.jar:7.0.5]
	at org.springframework.security.web.header.HeaderWriterFilter.doHeadersAfter(HeaderWriterFilter.java:90) ~[spring-security-web-7.0.5.jar:7.0.5]
	at org.springframework.security.web.header.HeaderWriterFilter.doFilterInternal(HeaderWriterFilter.java:75) ~[spring-security-web-7.0.5.jar:7.0.5]
	at org.springframework.web.filter.OncePerRequestFilter.doFilter(OncePerRequestFilter.java:116) ~[spring-web-7.0.7.jar:7.0.7]
	at org.springframework.security.web.FilterChainProxy$VirtualFilterChain.doFilter(FilterChainProxy.java:385) ~[spring-security-web-7.0.5.jar:7.0.5]
	at org.springframework.security.web.context.SecurityContextHolderFilter.doFilter(SecurityContextHolderFilter.java:82) ~[spring-security-web-7.0.5.jar:7.0.5]
	at org.springframework.security.web.context.SecurityContextHolderFilter.doFilter(SecurityContextHolderFilter.java:69) ~[spring-security-web-7.0.5.jar:7.0.5]
	at org.springframework.security.web.FilterChainProxy$VirtualFilterChain.doFilter(FilterChainProxy.java:385) ~[spring-security-web-7.0.5.jar:7.0.5]
	at org.springframework.security.web.context.request.async.WebAsyncManagerIntegrationFilter.doFilterInternal(WebAsyncManagerIntegrationFilter.java:62) ~[spring-security-web-7.0.5.jar:7.0.5]
	at org.springframework.web.filter.OncePerRequestFilter.doFilter(OncePerRequestFilter.java:116) ~[spring-web-7.0.7.jar:7.0.7]
	at org.springframework.security.web.FilterChainProxy$VirtualFilterChain.doFilter(FilterChainProxy.java:385) ~[spring-security-web-7.0.5.jar:7.0.5]
	at org.springframework.security.web.session.DisableEncodeUrlFilter.doFilterInternal(DisableEncodeUrlFilter.java:42) ~[spring-security-web-7.0.5.jar:7.0.5]
	at org.springframework.web.filter.OncePerRequestFilter.doFilter(OncePerRequestFilter.java:116) ~[spring-web-7.0.7.jar:7.0.7]
	at org.springframework.security.web.FilterChainProxy$VirtualFilterChain.doFilter(FilterChainProxy.java:385) ~[spring-security-web-7.0.5.jar:7.0.5]
	at org.springframework.security.web.FilterChainProxy.doFilterInternal(FilterChainProxy.java:237) ~[spring-security-web-7.0.5.jar:7.0.5]
	at org.springframework.security.web.FilterChainProxy.doFilter(FilterChainProxy.java:195) ~[spring-security-web-7.0.5.jar:7.0.5]
	at org.springframework.web.filter.CompositeFilter$VirtualFilterChain.doFilter(CompositeFilter.java:113) ~[spring-web-7.0.7.jar:7.0.7]
	at org.springframework.web.filter.ServletRequestPathFilter.doFilter(ServletRequestPathFilter.java:52) ~[spring-web-7.0.7.jar:7.0.7]
	at org.springframework.web.filter.CompositeFilter$VirtualFilterChain.doFilter(CompositeFilter.java:113) ~[spring-web-7.0.7.jar:7.0.7]
	at org.springframework.web.filter.CompositeFilter.doFilter(CompositeFilter.java:74) ~[spring-web-7.0.7.jar:7.0.7]
	at org.springframework.security.config.annotation.web.configuration.WebSecurityConfiguration$CompositeFilterChainProxy.doFilter(WebSecurityConfiguration.java:317) ~[spring-security-config-7.0.5.jar:7.0.5]
	at org.springframework.web.filter.DelegatingFilterProxy.invokeDelegate(DelegatingFilterProxy.java:355) ~[spring-web-7.0.7.jar:7.0.7]
	at org.springframework.web.filter.DelegatingFilterProxy.doFilter(DelegatingFilterProxy.java:272) ~[spring-web-7.0.7.jar:7.0.7]
	at org.apache.catalina.core.ApplicationFilterChain.doFilter(ApplicationFilterChain.java:107) ~[tomcat-embed-core-11.0.21.jar:11.0.21]
	at org.springframework.web.filter.RequestContextFilter.doFilterInternal(RequestContextFilter.java:100) ~[spring-web-7.0.7.jar:7.0.7]
	at org.springframework.web.filter.OncePerRequestFilter.doFilter(OncePerRequestFilter.java:116) ~[spring-web-7.0.7.jar:7.0.7]
	at org.apache.catalina.core.ApplicationFilterChain.doFilter(ApplicationFilterChain.java:107) ~[tomcat-embed-core-11.0.21.jar:11.0.21]
	at org.springframework.web.filter.FormContentFilter.doFilterInternal(FormContentFilter.java:93) ~[spring-web-7.0.7.jar:7.0.7]
	at org.springframework.web.filter.OncePerRequestFilter.doFilter(OncePerRequestFilter.java:116) ~[spring-web-7.0.7.jar:7.0.7]
	at org.apache.catalina.core.ApplicationFilterChain.doFilter(ApplicationFilterChain.java:107) ~[tomcat-embed-core-11.0.21.jar:11.0.21]
	at org.springframework.web.filter.CharacterEncodingFilter.doFilterInternal(CharacterEncodingFilter.java:199) ~[spring-web-7.0.7.jar:7.0.7]
	at org.springframework.web.filter.OncePerRequestFilter.doFilter(OncePerRequestFilter.java:116) ~[spring-web-7.0.7.jar:7.0.7]
	at org.apache.catalina.core.ApplicationFilterChain.doFilter(ApplicationFilterChain.java:107) ~[tomcat-embed-core-11.0.21.jar:11.0.21]
	at org.apache.catalina.core.StandardWrapperValve.invoke(StandardWrapperValve.java:165) ~[tomcat-embed-core-11.0.21.jar:11.0.21]
	at org.apache.catalina.core.StandardContextValve.invoke(StandardContextValve.java:77) ~[tomcat-embed-core-11.0.21.jar:11.0.21]
	at org.apache.catalina.authenticator.AuthenticatorBase.invoke(AuthenticatorBase.java:492) ~[tomcat-embed-core-11.0.21.jar:11.0.21]
	at org.apache.catalina.core.StandardHostValve.invoke(StandardHostValve.java:113) ~[tomcat-embed-core-11.0.21.jar:11.0.21]
	at org.apache.catalina.valves.ErrorReportValve.invoke(ErrorReportValve.java:83) ~[tomcat-embed-core-11.0.21.jar:11.0.21]
	at org.apache.catalina.core.StandardEngineValve.invoke(StandardEngineValve.java:72) ~[tomcat-embed-core-11.0.21.jar:11.0.21]
	at org.apache.catalina.connector.CoyoteAdapter.service(CoyoteAdapter.java:341) ~[tomcat-embed-core-11.0.21.jar:11.0.21]
	at org.apache.coyote.http11.Http11Processor.service(Http11Processor.java:397) ~[tomcat-embed-core-11.0.21.jar:11.0.21]
	at org.apache.coyote.AbstractProcessorLight.process(AbstractProcessorLight.java:63) ~[tomcat-embed-core-11.0.21.jar:11.0.21]
	at org.apache.coyote.AbstractProtocol$ConnectionHandler.process(AbstractProtocol.java:903) ~[tomcat-embed-core-11.0.21.jar:11.0.21]
	at org.apache.tomcat.util.net.NioEndpoint$SocketProcessor.doRun(NioEndpoint.java:1801) ~[tomcat-embed-core-11.0.21.jar:11.0.21]
	at org.apache.tomcat.util.net.SocketProcessorBase.run(SocketProcessorBase.java:52) ~[tomcat-embed-core-11.0.21.jar:11.0.21]
	at org.apache.tomcat.util.threads.ThreadPoolExecutor.runWorker(ThreadPoolExecutor.java:946) ~[tomcat-embed-core-11.0.21.jar:11.0.21]
	at org.apache.tomcat.util.threads.ThreadPoolExecutor$Worker.run(ThreadPoolExecutor.java:480) ~[tomcat-embed-core-11.0.21.jar:11.0.21]
	at org.apache.tomcat.util.threads.TaskThread$WrappingRunnable.run(TaskThread.java:57) ~[tomcat-embed-core-11.0.21.jar:11.0.21]
	at java.base/java.lang.Thread.run(Thread.java:1516) ~[na:na]
Caused by: org.attoparser.ParseException: Error during execution of processor 'org.thymeleaf.standard.processor.StandardEachTagProcessor' (template: "bugs/list" - line 501, col 33)
	at org.attoparser.MarkupParser.parseDocument(MarkupParser.java:393) ~[attoparser-2.0.7.RELEASE.jar:2.0.7.RELEASE]
	at org.attoparser.MarkupParser.parse(MarkupParser.java:257) ~[attoparser-2.0.7.RELEASE.jar:2.0.7.RELEASE]
	at org.thymeleaf.templateparser.markup.AbstractMarkupTemplateParser.parse(AbstractMarkupTemplateParser.java:230) ~[thymeleaf-3.1.5.RELEASE.jar:3.1.5.RELEASE]
	... 95 common frames omitted
Caused by: org.thymeleaf.exceptions.TemplateProcessingException: Error during execution of processor 'org.thymeleaf.standard.processor.StandardEachTagProcessor' (template: "bugs/list" - line 501, col 33)
	at org.thymeleaf.processor.element.AbstractAttributeTagProcessor.doProcess(AbstractAttributeTagProcessor.java:117) ~[thymeleaf-3.1.5.RELEASE.jar:3.1.5.RELEASE]
	at org.thymeleaf.processor.element.AbstractElementTagProcessor.process(AbstractElementTagProcessor.java:95) ~[thymeleaf-3.1.5.RELEASE.jar:3.1.5.RELEASE]
	at org.thymeleaf.util.ProcessorConfigurationUtils$ElementTagProcessorWrapper.process(ProcessorConfigurationUtils.java:633) ~[thymeleaf-3.1.5.RELEASE.jar:3.1.5.RELEASE]
	at org.thymeleaf.engine.ProcessorTemplateHandler.handleOpenElement(ProcessorTemplateHandler.java:1314) ~[thymeleaf-3.1.5.RELEASE.jar:3.1.5.RELEASE]
	at org.thymeleaf.engine.TemplateHandlerAdapterMarkupHandler.handleOpenElementEnd(TemplateHandlerAdapterMarkupHandler.java:304) ~[thymeleaf-3.1.5.RELEASE.jar:3.1.5.RELEASE]
	at org.thymeleaf.templateparser.markup.InlinedOutputExpressionMarkupHandler$InlineMarkupAdapterPreProcessorHandler.handleOpenElementEnd(InlinedOutputExpressionMarkupHandler.java:278) ~[thymeleaf-3.1.5.RELEASE.jar:3.1.5.RELEASE]
	at org.thymeleaf.standard.inline.OutputExpressionInlinePreProcessorHandler.handleOpenElementEnd(OutputExpressionInlinePreProcessorHandler.java:186) ~[thymeleaf-3.1.5.RELEASE.jar:3.1.5.RELEASE]
	at org.thymeleaf.templateparser.markup.InlinedOutputExpressionMarkupHandler.handleOpenElementEnd(InlinedOutputExpressionMarkupHandler.java:124) ~[thymeleaf-3.1.5.RELEASE.jar:3.1.5.RELEASE]
	at org.attoparser.HtmlElement.handleOpenElementEnd(HtmlElement.java:109) ~[attoparser-2.0.7.RELEASE.jar:2.0.7.RELEASE]
	at org.attoparser.HtmlMarkupHandler.handleOpenElementEnd(HtmlMarkupHandler.java:297) ~[attoparser-2.0.7.RELEASE.jar:2.0.7.RELEASE]
	at org.attoparser.MarkupEventProcessorHandler.handleOpenElementEnd(MarkupEventProcessorHandler.java:402) ~[attoparser-2.0.7.RELEASE.jar:2.0.7.RELEASE]
	at org.attoparser.ParsingElementMarkupUtil.parseOpenElement(ParsingElementMarkupUtil.java:159) ~[attoparser-2.0.7.RELEASE.jar:2.0.7.RELEASE]
	at org.attoparser.MarkupParser.parseBuffer(MarkupParser.java:710) ~[attoparser-2.0.7.RELEASE.jar:2.0.7.RELEASE]
	at org.attoparser.MarkupParser.parseDocument(MarkupParser.java:301) ~[attoparser-2.0.7.RELEASE.jar:2.0.7.RELEASE]
	... 97 common frames omitted
Caused by: org.springframework.expression.spel.SpelParseException: Expression [#numbers.sequence(
                                              [[${ [[${ Math.max(1,
                                              currentPage-2) }]] }]],
                                              [[${ Math.min(totalPages,
                                              currentPage+2) }]])] @69: EL1043E: Unexpected token. Expected 'rsquare(])' but was 'lcurly({)'
	at org.springframework.expression.spel.standard.InternalSpelExpressionParser.internalException(InternalSpelExpressionParser.java:1057) ~[spring-expression-7.0.7.jar:7.0.7]
	at org.springframework.expression.spel.standard.InternalSpelExpressionParser.eatToken(InternalSpelExpressionParser.java:938) ~[spring-expression-7.0.7.jar:7.0.7]
	at org.springframework.expression.spel.standard.InternalSpelExpressionParser.maybeEatIndexer(InternalSpelExpressionParser.java:701) ~[spring-expression-7.0.7.jar:7.0.7]
	at org.springframework.expression.spel.standard.InternalSpelExpressionParser.eatStartNode(InternalSpelExpressionParser.java:530) ~[spring-expression-7.0.7.jar:7.0.7]
	at org.springframework.expression.spel.standard.InternalSpelExpressionParser.eatPrimaryExpression(InternalSpelExpressionParser.java:367) ~[spring-expression-7.0.7.jar:7.0.7]
	at org.springframework.expression.spel.standard.InternalSpelExpressionParser.eatUnaryExpression(InternalSpelExpressionParser.java:362) ~[spring-expression-7.0.7.jar:7.0.7]
	at org.springframework.expression.spel.standard.InternalSpelExpressionParser.eatPowerIncDecExpression(InternalSpelExpressionParser.java:316) ~[spring-expression-7.0.7.jar:7.0.7]
	at org.springframework.expression.spel.standard.InternalSpelExpressionParser.eatProductExpression(InternalSpelExpressionParser.java:295) ~[spring-expression-7.0.7.jar:7.0.7]
	at org.springframework.expression.spel.standard.InternalSpelExpressionParser.eatSumExpression(InternalSpelExpressionParser.java:278) ~[spring-expression-7.0.7.jar:7.0.7]
	at org.springframework.expression.spel.standard.InternalSpelExpressionParser.eatRelationalExpression(InternalSpelExpressionParser.java:233) ~[spring-expression-7.0.7.jar:7.0.7]
	at org.springframework.expression.spel.standard.InternalSpelExpressionParser.eatLogicalAndExpression(InternalSpelExpressionParser.java:221) ~[spring-expression-7.0.7.jar:7.0.7]
	at org.springframework.expression.spel.standard.InternalSpelExpressionParser.eatLogicalOrExpression(InternalSpelExpressionParser.java:209) ~[spring-expression-7.0.7.jar:7.0.7]
	at org.springframework.expression.spel.standard.InternalSpelExpressionParser.eatExpression(InternalSpelExpressionParser.java:171) ~[spring-expression-7.0.7.jar:7.0.7]
	at org.springframework.expression.spel.standard.InternalSpelExpressionParser.maybeEatIndexer(InternalSpelExpressionParser.java:697) ~[spring-expression-7.0.7.jar:7.0.7]
	at org.springframework.expression.spel.standard.InternalSpelExpressionParser.eatStartNode(InternalSpelExpressionParser.java:530) ~[spring-expression-7.0.7.jar:7.0.7]
	at org.springframework.expression.spel.standard.InternalSpelExpressionParser.eatPrimaryExpression(InternalSpelExpressionParser.java:367) ~[spring-expression-7.0.7.jar:7.0.7]
	at org.springframework.expression.spel.standard.InternalSpelExpressionParser.eatUnaryExpression(InternalSpelExpressionParser.java:362) ~[spring-expression-7.0.7.jar:7.0.7]
	at org.springframework.expression.spel.standard.InternalSpelExpressionParser.eatPowerIncDecExpression(InternalSpelExpressionParser.java:316) ~[spring-expression-7.0.7.jar:7.0.7]
	at org.springframework.expression.spel.standard.InternalSpelExpressionParser.eatProductExpression(InternalSpelExpressionParser.java:295) ~[spring-expression-7.0.7.jar:7.0.7]
	at org.springframework.expression.spel.standard.InternalSpelExpressionParser.eatSumExpression(InternalSpelExpressionParser.java:278) ~[spring-expression-7.0.7.jar:7.0.7]
	at org.springframework.expression.spel.standard.InternalSpelExpressionParser.eatRelationalExpression(InternalSpelExpressionParser.java:233) ~[spring-expression-7.0.7.jar:7.0.7]
	at org.springframework.expression.spel.standard.InternalSpelExpressionParser.eatLogicalAndExpression(InternalSpelExpressionParser.java:221) ~[spring-expression-7.0.7.jar:7.0.7]
	at org.springframework.expression.spel.standard.InternalSpelExpressionParser.eatLogicalOrExpression(InternalSpelExpressionParser.java:209) ~[spring-expression-7.0.7.jar:7.0.7]
	at org.springframework.expression.spel.standard.InternalSpelExpressionParser.eatExpression(InternalSpelExpressionParser.java:171) ~[spring-expression-7.0.7.jar:7.0.7]
	at org.springframework.expression.spel.standard.InternalSpelExpressionParser.consumeArguments(InternalSpelExpressionParser.java:485) ~[spring-expression-7.0.7.jar:7.0.7]
	at org.springframework.expression.spel.standard.InternalSpelExpressionParser.maybeEatMethodArgs(InternalSpelExpressionParser.java:455) ~[spring-expression-7.0.7.jar:7.0.7]
	at org.springframework.expression.spel.standard.InternalSpelExpressionParser.maybeEatMethodOrProperty(InternalSpelExpressionParser.java:771) ~[spring-expression-7.0.7.jar:7.0.7]
	at org.springframework.expression.spel.standard.InternalSpelExpressionParser.eatDottedNode(InternalSpelExpressionParser.java:412) ~[spring-expression-7.0.7.jar:7.0.7]
	at org.springframework.expression.spel.standard.InternalSpelExpressionParser.eatNode(InternalSpelExpressionParser.java:387) ~[spring-expression-7.0.7.jar:7.0.7]
	at org.springframework.expression.spel.standard.InternalSpelExpressionParser.eatPrimaryExpression(InternalSpelExpressionParser.java:369) ~[spring-expression-7.0.7.jar:7.0.7]
	at org.springframework.expression.spel.standard.InternalSpelExpressionParser.eatUnaryExpression(InternalSpelExpressionParser.java:362) ~[spring-expression-7.0.7.jar:7.0.7]
	at org.springframework.expression.spel.standard.InternalSpelExpressionParser.eatPowerIncDecExpression(InternalSpelExpressionParser.java:316) ~[spring-expression-7.0.7.jar:7.0.7]
	at org.springframework.expression.spel.standard.InternalSpelExpressionParser.eatProductExpression(InternalSpelExpressionParser.java:295) ~[spring-expression-7.0.7.jar:7.0.7]
	at org.springframework.expression.spel.standard.InternalSpelExpressionParser.eatSumExpression(InternalSpelExpressionParser.java:278) ~[spring-expression-7.0.7.jar:7.0.7]
	at org.springframework.expression.spel.standard.InternalSpelExpressionParser.eatRelationalExpression(InternalSpelExpressionParser.java:233) ~[spring-expression-7.0.7.jar:7.0.7]
	at org.springframework.expression.spel.standard.InternalSpelExpressionParser.eatLogicalAndExpression(InternalSpelExpressionParser.java:221) ~[spring-expression-7.0.7.jar:7.0.7]
	at org.springframework.expression.spel.standard.InternalSpelExpressionParser.eatLogicalOrExpression(InternalSpelExpressionParser.java:209) ~[spring-expression-7.0.7.jar:7.0.7]
	at org.springframework.expression.spel.standard.InternalSpelExpressionParser.eatExpression(InternalSpelExpressionParser.java:171) ~[spring-expression-7.0.7.jar:7.0.7]
	at org.springframework.expression.spel.standard.InternalSpelExpressionParser.doParseExpression(InternalSpelExpressionParser.java:141) ~[spring-expression-7.0.7.jar:7.0.7]
	at org.springframework.expression.spel.standard.SpelExpressionParser.doParseExpression(SpelExpressionParser.java:64) ~[spring-expression-7.0.7.jar:7.0.7]
	at org.springframework.expression.spel.standard.SpelExpressionParser.doParseExpression(SpelExpressionParser.java:35) ~[spring-expression-7.0.7.jar:7.0.7]
	at org.springframework.expression.common.TemplateAwareExpressionParser.parseExpression(TemplateAwareExpressionParser.java:63) ~[spring-expression-7.0.7.jar:7.0.7]
	at org.springframework.expression.common.TemplateAwareExpressionParser.parseExpression(TemplateAwareExpressionParser.java:52) ~[spring-expression-7.0.7.jar:7.0.7]
	at org.thymeleaf.spring6.expression.SPELVariableExpressionEvaluator.getExpression(SPELVariableExpressionEvaluator.java:383) ~[thymeleaf-spring6-3.1.5.RELEASE.jar:3.1.5.RELEASE]
	at org.thymeleaf.spring6.expression.SPELVariableExpressionEvaluator.obtainComputedSpelExpression(SPELVariableExpressionEvaluator.java:331) ~[thymeleaf-spring6-3.1.5.RELEASE.jar:3.1.5.RELEASE]
	at org.thymeleaf.spring6.expression.SPELVariableExpressionEvaluator.evaluate(SPELVariableExpressionEvaluator.java:159) ~[thymeleaf-spring6-3.1.5.RELEASE.jar:3.1.5.RELEASE]
	at org.thymeleaf.standard.expression.VariableExpression.executeVariableExpression(VariableExpression.java:166) ~[thymeleaf-3.1.5.RELEASE.jar:3.1.5.RELEASE]
	at org.thymeleaf.standard.expression.SimpleExpression.executeSimple(SimpleExpression.java:66) ~[thymeleaf-3.1.5.RELEASE.jar:3.1.5.RELEASE]
	at org.thymeleaf.standard.expression.Expression.execute(Expression.java:109) ~[thymeleaf-3.1.5.RELEASE.jar:3.1.5.RELEASE]
	at org.thymeleaf.standard.expression.Expression.execute(Expression.java:138) ~[thymeleaf-3.1.5.RELEASE.jar:3.1.5.RELEASE]
	at org.thymeleaf.standard.expression.Expression.execute(Expression.java:125) ~[thymeleaf-3.1.5.RELEASE.jar:3.1.5.RELEASE]
	at org.thymeleaf.standard.processor.StandardEachTagProcessor.doProcess(StandardEachTagProcessor.java:73) ~[thymeleaf-3.1.5.RELEASE.jar:3.1.5.RELEASE]
	at org.thymeleaf.processor.element.AbstractAttributeTagProcessor.doProcess(AbstractAttributeTagProcessor.java:74) ~[thymeleaf-3.1.5.RELEASE.jar:3.1.5.RELEASE]
	... 110 common frames omitted

2026-08-10T15:15:28.753+05:30 ERROR 9812 --- [Bug Tracking System] [http-nio-8081-exec-7] o.a.c.c.C.[.[.[/].[dispatcherServlet]    : Servlet.service() for servlet [dispatcherServlet] in context with path [] threw exception [Request processing failed: org.thymeleaf.exceptions.TemplateInputException: An error happened during template parsing (template: "class path resource [templates/bugs/list.html]")] with root cause

org.springframework.expression.spel.SpelParseException: Expression [#numbers.sequence(
                                              [[${ [[${ Math.max(1,
                                              currentPage-2) }]] }]],
                                              [[${ Math.min(totalPages,
                                              currentPage+2) }]])] @69: EL1043E: Unexpected token. Expected 'rsquare(])' but was 'lcurly({)'
	at org.springframework.expression.spel.standard.InternalSpelExpressionParser.internalException(InternalSpelExpressionParser.java:1057) ~[spring-expression-7.0.7.jar:7.0.7]
	at org.springframework.expression.spel.standard.InternalSpelExpressionParser.eatToken(InternalSpelExpressionParser.java:938) ~[spring-expression-7.0.7.jar:7.0.7]
	at org.springframework.expression.spel.standard.InternalSpelExpressionParser.maybeEatIndexer(InternalSpelExpressionParser.java:701) ~[spring-expression-7.0.7.jar:7.0.7]
	at org.springframework.expression.spel.standard.InternalSpelExpressionParser.eatStartNode(InternalSpelExpressionParser.java:530) ~[spring-expression-7.0.7.jar:7.0.7]
	at org.springframework.expression.spel.standard.InternalSpelExpressionParser.eatPrimaryExpression(InternalSpelExpressionParser.java:367) ~[spring-expression-7.0.7.jar:7.0.7]
	at org.springframework.expression.spel.standard.InternalSpelExpressionParser.eatUnaryExpression(InternalSpelExpressionParser.java:362) ~[spring-expression-7.0.7.jar:7.0.7]
	at org.springframework.expression.spel.standard.InternalSpelExpressionParser.eatPowerIncDecExpression(InternalSpelExpressionParser.java:316) ~[spring-expression-7.0.7.jar:7.0.7]
	at org.springframework.expression.spel.standard.InternalSpelExpressionParser.eatProductExpression(InternalSpelExpressionParser.java:295) ~[spring-expression-7.0.7.jar:7.0.7]
	at org.springframework.expression.spel.standard.InternalSpelExpressionParser.eatSumExpression(InternalSpelExpressionParser.java:278) ~[spring-expression-7.0.7.jar:7.0.7]
	at org.springframework.expression.spel.standard.InternalSpelExpressionParser.eatRelationalExpression(InternalSpelExpressionParser.java:233) ~[spring-expression-7.0.7.jar:7.0.7]
	at org.springframework.expression.spel.standard.InternalSpelExpressionParser.eatLogicalAndExpression(InternalSpelExpressionParser.java:221) ~[spring-expression-7.0.7.jar:7.0.7]
	at org.springframework.expression.spel.standard.InternalSpelExpressionParser.eatLogicalOrExpression(InternalSpelExpressionParser.java:209) ~[spring-expression-7.0.7.jar:7.0.7]
	at org.springframework.expression.spel.standard.InternalSpelExpressionParser.eatExpression(InternalSpelExpressionParser.java:171) ~[spring-expression-7.0.7.jar:7.0.7]
	at org.springframework.expression.spel.standard.InternalSpelExpressionParser.maybeEatIndexer(InternalSpelExpressionParser.java:697) ~[spring-expression-7.0.7.jar:7.0.7]
	at org.springframework.expression.spel.standard.InternalSpelExpressionParser.eatStartNode(InternalSpelExpressionParser.java:530) ~[spring-expression-7.0.7.jar:7.0.7]
	at org.springframework.expression.spel.standard.InternalSpelExpressionParser.eatPrimaryExpression(InternalSpelExpressionParser.java:367) ~[spring-expression-7.0.7.jar:7.0.7]
	at org.springframework.expression.spel.standard.InternalSpelExpressionParser.eatUnaryExpression(InternalSpelExpressionParser.java:362) ~[spring-expression-7.0.7.jar:7.0.7]
	at org.springframework.expression.spel.standard.InternalSpelExpressionParser.eatPowerIncDecExpression(InternalSpelExpressionParser.java:316) ~[spring-expression-7.0.7.jar:7.0.7]
	at org.springframework.expression.spel.standard.InternalSpelExpressionParser.eatProductExpression(InternalSpelExpressionParser.java:295) ~[spring-expression-7.0.7.jar:7.0.7]
	at org.springframework.expression.spel.standard.InternalSpelExpressionParser.eatSumExpression(InternalSpelExpressionParser.java:278) ~[spring-expression-7.0.7.jar:7.0.7]
	at org.springframework.expression.spel.standard.InternalSpelExpressionParser.eatRelationalExpression(InternalSpelExpressionParser.java:233) ~[spring-expression-7.0.7.jar:7.0.7]
	at org.springframework.expression.spel.standard.InternalSpelExpressionParser.eatLogicalAndExpression(InternalSpelExpressionParser.java:221) ~[spring-expression-7.0.7.jar:7.0.7]
	at org.springframework.expression.spel.standard.InternalSpelExpressionParser.eatLogicalOrExpression(InternalSpelExpressionParser.java:209) ~[spring-expression-7.0.7.jar:7.0.7]
	at org.springframework.expression.spel.standard.InternalSpelExpressionParser.eatExpression(InternalSpelExpressionParser.java:171) ~[spring-expression-7.0.7.jar:7.0.7]
	at org.springframework.expression.spel.standard.InternalSpelExpressionParser.consumeArguments(InternalSpelExpressionParser.java:485) ~[spring-expression-7.0.7.jar:7.0.7]
	at org.springframework.expression.spel.standard.InternalSpelExpressionParser.maybeEatMethodArgs(InternalSpelExpressionParser.java:455) ~[spring-expression-7.0.7.jar:7.0.7]
	at org.springframework.expression.spel.standard.InternalSpelExpressionParser.maybeEatMethodOrProperty(InternalSpelExpressionParser.java:771) ~[spring-expression-7.0.7.jar:7.0.7]
	at org.springframework.expression.spel.standard.InternalSpelExpressionParser.eatDottedNode(InternalSpelExpressionParser.java:412) ~[spring-expression-7.0.7.jar:7.0.7]
	at org.springframework.expression.spel.standard.InternalSpelExpressionParser.eatNode(InternalSpelExpressionParser.java:387) ~[spring-expression-7.0.7.jar:7.0.7]
	at org.springframework.expression.spel.standard.InternalSpelExpressionParser.eatPrimaryExpression(InternalSpelExpressionParser.java:369) ~[spring-expression-7.0.7.jar:7.0.7]
	at org.springframework.expression.spel.standard.InternalSpelExpressionParser.eatUnaryExpression(InternalSpelExpressionParser.java:362) ~[spring-expression-7.0.7.jar:7.0.7]
	at org.springframework.expression.spel.standard.InternalSpelExpressionParser.eatPowerIncDecExpression(InternalSpelExpressionParser.java:316) ~[spring-expression-7.0.7.jar:7.0.7]
	at org.springframework.expression.spel.standard.InternalSpelExpressionParser.eatProductExpression(InternalSpelExpressionParser.java:295) ~[spring-expression-7.0.7.jar:7.0.7]
	at org.springframework.expression.spel.standard.InternalSpelExpressionParser.eatSumExpression(InternalSpelExpressionParser.java:278) ~[spring-expression-7.0.7.jar:7.0.7]
	at org.springframework.expression.spel.standard.InternalSpelExpressionParser.eatRelationalExpression(InternalSpelExpressionParser.java:233) ~[spring-expression-7.0.7.jar:7.0.7]
	at org.springframework.expression.spel.standard.InternalSpelExpressionParser.eatLogicalAndExpression(InternalSpelExpressionParser.java:221) ~[spring-expression-7.0.7.jar:7.0.7]
	at org.springframework.expression.spel.standard.InternalSpelExpressionParser.eatLogicalOrExpression(InternalSpelExpressionParser.java:209) ~[spring-expression-7.0.7.jar:7.0.7]
	at org.springframework.expression.spel.standard.InternalSpelExpressionParser.eatExpression(InternalSpelExpressionParser.java:171) ~[spring-expression-7.0.7.jar:7.0.7]
	at org.springframework.expression.spel.standard.InternalSpelExpressionParser.doParseExpression(InternalSpelExpressionParser.java:141) ~[spring-expression-7.0.7.jar:7.0.7]
	at org.springframework.expression.spel.standard.SpelExpressionParser.doParseExpression(SpelExpressionParser.java:64) ~[spring-expression-7.0.7.jar:7.0.7]
	at org.springframework.expression.spel.standard.SpelExpressionParser.doParseExpression(SpelExpressionParser.java:35) ~[spring-expression-7.0.7.jar:7.0.7]
	at org.springframework.expression.common.TemplateAwareExpressionParser.parseExpression(TemplateAwareExpressionParser.java:63) ~[spring-expression-7.0.7.jar:7.0.7]
	at org.springframework.expression.common.TemplateAwareExpressionParser.parseExpression(TemplateAwareExpressionParser.java:52) ~[spring-expression-7.0.7.jar:7.0.7]
	at org.thymeleaf.spring6.expression.SPELVariableExpressionEvaluator.getExpression(SPELVariableExpressionEvaluator.java:383) ~[thymeleaf-spring6-3.1.5.RELEASE.jar:3.1.5.RELEASE]
	at org.thymeleaf.spring6.expression.SPELVariableExpressionEvaluator.obtainComputedSpelExpression(SPELVariableExpressionEvaluator.java:331) ~[thymeleaf-spring6-3.1.5.RELEASE.jar:3.1.5.RELEASE]
	at org.thymeleaf.spring6.expression.SPELVariableExpressionEvaluator.evaluate(SPELVariableExpressionEvaluator.java:159) ~[thymeleaf-spring6-3.1.5.RELEASE.jar:3.1.5.RELEASE]
	at org.thymeleaf.standard.expression.VariableExpression.executeVariableExpression(VariableExpression.java:166) ~[thymeleaf-3.1.5.RELEASE.jar:3.1.5.RELEASE]
	at org.thymeleaf.standard.expression.SimpleExpression.executeSimple(SimpleExpression.java:66) ~[thymeleaf-3.1.5.RELEASE.jar:3.1.5.RELEASE]
	at org.thymeleaf.standard.expression.Expression.execute(Expression.java:109) ~[thymeleaf-3.1.5.RELEASE.jar:3.1.5.RELEASE]
	at org.thymeleaf.standard.expression.Expression.execute(Expression.java:138) ~[thymeleaf-3.1.5.RELEASE.jar:3.1.5.RELEASE]
	at org.thymeleaf.standard.expression.Expression.execute(Expression.java:125) ~[thymeleaf-3.1.5.RELEASE.jar:3.1.5.RELEASE]
	at org.thymeleaf.standard.processor.StandardEachTagProcessor.doProcess(StandardEachTagProcessor.java:73) ~[thymeleaf-3.1.5.RELEASE.jar:3.1.5.RELEASE]
	at org.thymeleaf.processor.element.AbstractAttributeTagProcessor.doProcess(AbstractAttributeTagProcessor.java:74) ~[thymeleaf-3.1.5.RELEASE.jar:3.1.5.RELEASE]
	at org.thymeleaf.processor.element.AbstractElementTagProcessor.process(AbstractElementTagProcessor.java:95) ~[thymeleaf-3.1.5.RELEASE.jar:3.1.5.RELEASE]
	at org.thymeleaf.util.ProcessorConfigurationUtils$ElementTagProcessorWrapper.process(ProcessorConfigurationUtils.java:633) ~[thymeleaf-3.1.5.RELEASE.jar:3.1.5.RELEASE]
	at org.thymeleaf.engine.ProcessorTemplateHandler.handleOpenElement(ProcessorTemplateHandler.java:1314) ~[thymeleaf-3.1.5.RELEASE.jar:3.1.5.RELEASE]
	at org.thymeleaf.engine.TemplateHandlerAdapterMarkupHandler.handleOpenElementEnd(TemplateHandlerAdapterMarkupHandler.java:304) ~[thymeleaf-3.1.5.RELEASE.jar:3.1.5.RELEASE]
	at org.thymeleaf.templateparser.markup.InlinedOutputExpressionMarkupHandler$InlineMarkupAdapterPreProcessorHandler.handleOpenElementEnd(InlinedOutputExpressionMarkupHandler.java:278) ~[thymeleaf-3.1.5.RELEASE.jar:3.1.5.RELEASE]
	at org.thymeleaf.standard.inline.OutputExpressionInlinePreProcessorHandler.handleOpenElementEnd(OutputExpressionInlinePreProcessorHandler.java:186) ~[thymeleaf-3.1.5.RELEASE.jar:3.1.5.RELEASE]
	at org.thymeleaf.templateparser.markup.InlinedOutputExpressionMarkupHandler.handleOpenElementEnd(InlinedOutputExpressionMarkupHandler.java:124) ~[thymeleaf-3.1.5.RELEASE.jar:3.1.5.RELEASE]
	at org.attoparser.HtmlElement.handleOpenElementEnd(HtmlElement.java:109) ~[attoparser-2.0.7.RELEASE.jar:2.0.7.RELEASE]
	at org.attoparser.HtmlMarkupHandler.handleOpenElementEnd(HtmlMarkupHandler.java:297) ~[attoparser-2.0.7.RELEASE.jar:2.0.7.RELEASE]
	at org.attoparser.MarkupEventProcessorHandler.handleOpenElementEnd(MarkupEventProcessorHandler.java:402) ~[attoparser-2.0.7.RELEASE.jar:2.0.7.RELEASE]
	at org.attoparser.ParsingElementMarkupUtil.parseOpenElement(ParsingElementMarkupUtil.java:159) ~[attoparser-2.0.7.RELEASE.jar:2.0.7.RELEASE]
	at org.attoparser.MarkupParser.parseBuffer(MarkupParser.java:710) ~[attoparser-2.0.7.RELEASE.jar:2.0.7.RELEASE]
	at org.attoparser.MarkupParser.parseDocument(MarkupParser.java:301) ~[attoparser-2.0.7.RELEASE.jar:2.0.7.RELEASE]
	at org.attoparser.MarkupParser.parse(MarkupParser.java:257) ~[attoparser-2.0.7.RELEASE.jar:2.0.7.RELEASE]
	at org.thymeleaf.templateparser.markup.AbstractMarkupTemplateParser.parse(AbstractMarkupTemplateParser.java:230) ~[thymeleaf-3.1.5.RELEASE.jar:3.1.5.RELEASE]
	at org.thymeleaf.templateparser.markup.AbstractMarkupTemplateParser.parseStandalone(AbstractMarkupTemplateParser.java:100) ~[thymeleaf-3.1.5.RELEASE.jar:3.1.5.RELEASE]
	at org.thymeleaf.engine.TemplateManager.parseAndProcess(TemplateManager.java:666) ~[thymeleaf-3.1.5.RELEASE.jar:3.1.5.RELEASE]
	at org.thymeleaf.TemplateEngine.process(TemplateEngine.java:1103) ~[thymeleaf-3.1.5.RELEASE.jar:3.1.5.RELEASE]
	at org.thymeleaf.TemplateEngine.process(TemplateEngine.java:1077) ~[thymeleaf-3.1.5.RELEASE.jar:3.1.5.RELEASE]
	at org.thymeleaf.spring6.view.ThymeleafView.renderFragment(ThymeleafView.java:374) ~[thymeleaf-spring6-3.1.5.RELEASE.jar:3.1.5.RELEASE]
	at org.thymeleaf.spring6.view.ThymeleafView.render(ThymeleafView.java:193) ~[thymeleaf-spring6-3.1.5.RELEASE.jar:3.1.5.RELEASE]
	at org.springframework.web.servlet.DispatcherServlet.render(DispatcherServlet.java:1305) ~[spring-webmvc-7.0.7.jar:7.0.7]
	at org.springframework.web.servlet.DispatcherServlet.processDispatchResult(DispatcherServlet.java:1042) ~[spring-webmvc-7.0.7.jar:7.0.7]
	at org.springframework.web.servlet.DispatcherServlet.doDispatch(DispatcherServlet.java:980) ~[spring-webmvc-7.0.7.jar:7.0.7]
	at org.springframework.web.servlet.DispatcherServlet.doService(DispatcherServlet.java:866) ~[spring-webmvc-7.0.7.jar:7.0.7]
	at org.springframework.web.servlet.FrameworkServlet.processRequest(FrameworkServlet.java:1000) ~[spring-webmvc-7.0.7.jar:7.0.7]
	at org.springframework.web.servlet.FrameworkServlet.doGet(FrameworkServlet.java:892) ~[spring-webmvc-7.0.7.jar:7.0.7]
	at jakarta.servlet.http.HttpServlet.service(HttpServlet.java:622) ~[tomcat-embed-core-11.0.21.jar:6.1]
	at org.springframework.web.servlet.FrameworkServlet.service(FrameworkServlet.java:874) ~[spring-webmvc-7.0.7.jar:7.0.7]
	at jakarta.servlet.http.HttpServlet.service(HttpServlet.java:710) ~[tomcat-embed-core-11.0.21.jar:6.1]
	at org.apache.catalina.core.ApplicationFilterChain.doFilter(ApplicationFilterChain.java:128) ~[tomcat-embed-core-11.0.21.jar:11.0.21]
	at org.apache.tomcat.websocket.server.WsFilter.doFilter(WsFilter.java:53) ~[tomcat-embed-websocket-11.0.21.jar:11.0.21]
	at org.apache.catalina.core.ApplicationFilterChain.doFilter(ApplicationFilterChain.java:107) ~[tomcat-embed-core-11.0.21.jar:11.0.21]
	at org.springframework.web.filter.CompositeFilter$VirtualFilterChain.doFilter(CompositeFilter.java:108) ~[spring-web-7.0.7.jar:7.0.7]
	at org.springframework.security.web.FilterChainProxy.lambda$doFilterInternal$3(FilterChainProxy.java:235) ~[spring-security-web-7.0.5.jar:7.0.5]
	at org.springframework.security.web.FilterChainProxy$VirtualFilterChain.doFilter(FilterChainProxy.java:376) ~[spring-security-web-7.0.5.jar:7.0.5]
	at org.springframework.security.web.access.intercept.AuthorizationFilter.doFilter(AuthorizationFilter.java:101) ~[spring-security-web-7.0.5.jar:7.0.5]
	at org.springframework.security.web.FilterChainProxy$VirtualFilterChain.doFilter(FilterChainProxy.java:385) ~[spring-security-web-7.0.5.jar:7.0.5]
	at org.springframework.security.web.access.ExceptionTranslationFilter.doFilter(ExceptionTranslationFilter.java:126) ~[spring-security-web-7.0.5.jar:7.0.5]
	at org.springframework.security.web.access.ExceptionTranslationFilter.doFilter(ExceptionTranslationFilter.java:120) ~[spring-security-web-7.0.5.jar:7.0.5]
	at org.springframework.security.web.FilterChainProxy$VirtualFilterChain.doFilter(FilterChainProxy.java:385) ~[spring-security-web-7.0.5.jar:7.0.5]
	at org.springframework.security.web.session.SessionManagementFilter.doFilter(SessionManagementFilter.java:132) ~[spring-security-web-7.0.5.jar:7.0.5]
	at org.springframework.security.web.session.SessionManagementFilter.doFilter(SessionManagementFilter.java:86) ~[spring-security-web-7.0.5.jar:7.0.5]
	at org.springframework.security.web.FilterChainProxy$VirtualFilterChain.doFilter(FilterChainProxy.java:385) ~[spring-security-web-7.0.5.jar:7.0.5]
	at org.springframework.security.web.authentication.AnonymousAuthenticationFilter.doFilter(AnonymousAuthenticationFilter.java:100) ~[spring-security-web-7.0.5.jar:7.0.5]
	at org.springframework.security.web.FilterChainProxy$VirtualFilterChain.doFilter(FilterChainProxy.java:385) ~[spring-security-web-7.0.5.jar:7.0.5]
	at org.springframework.security.web.servletapi.SecurityContextHolderAwareRequestFilter.doFilter(SecurityContextHolderAwareRequestFilter.java:181) ~[spring-security-web-7.0.5.jar:7.0.5]
	at org.springframework.security.web.FilterChainProxy$VirtualFilterChain.doFilter(FilterChainProxy.java:385) ~[spring-security-web-7.0.5.jar:7.0.5]
	at org.springframework.security.web.savedrequest.RequestCacheAwareFilter.doFilter(RequestCacheAwareFilter.java:63) ~[spring-security-web-7.0.5.jar:7.0.5]
	at org.springframework.security.web.FilterChainProxy$VirtualFilterChain.doFilter(FilterChainProxy.java:385) ~[spring-security-web-7.0.5.jar:7.0.5]
	at org.springframework.security.web.session.ConcurrentSessionFilter.doFilter(ConcurrentSessionFilter.java:153) ~[spring-security-web-7.0.5.jar:7.0.5]
	at org.springframework.security.web.session.ConcurrentSessionFilter.doFilter(ConcurrentSessionFilter.java:131) ~[spring-security-web-7.0.5.jar:7.0.5]
	at org.springframework.security.web.FilterChainProxy$VirtualFilterChain.doFilter(FilterChainProxy.java:385) ~[spring-security-web-7.0.5.jar:7.0.5]
	at org.springframework.security.web.authentication.AbstractAuthenticationProcessingFilter.doFilter(AbstractAuthenticationProcessingFilter.java:245) ~[spring-security-web-7.0.5.jar:7.0.5]
	at org.springframework.security.web.authentication.AbstractAuthenticationProcessingFilter.doFilter(AbstractAuthenticationProcessingFilter.java:239) ~[spring-security-web-7.0.5.jar:7.0.5]
	at org.springframework.security.web.FilterChainProxy$VirtualFilterChain.doFilter(FilterChainProxy.java:385) ~[spring-security-web-7.0.5.jar:7.0.5]
	at org.springframework.security.web.authentication.logout.LogoutFilter.doFilter(LogoutFilter.java:110) ~[spring-security-web-7.0.5.jar:7.0.5]
	at org.springframework.security.web.authentication.logout.LogoutFilter.doFilter(LogoutFilter.java:96) ~[spring-security-web-7.0.5.jar:7.0.5]
	at org.springframework.security.web.FilterChainProxy$VirtualFilterChain.doFilter(FilterChainProxy.java:385) ~[spring-security-web-7.0.5.jar:7.0.5]
	at org.springframework.security.web.csrf.CsrfFilter.doFilterInternal(CsrfFilter.java:118) ~[spring-security-web-7.0.5.jar:7.0.5]
	at org.springframework.web.filter.OncePerRequestFilter.doFilter(OncePerRequestFilter.java:116) ~[spring-web-7.0.7.jar:7.0.7]
	at org.springframework.security.web.FilterChainProxy$VirtualFilterChain.doFilter(FilterChainProxy.java:385) ~[spring-security-web-7.0.5.jar:7.0.5]
	at org.springframework.security.web.header.HeaderWriterFilter.doHeadersAfter(HeaderWriterFilter.java:90) ~[spring-security-web-7.0.5.jar:7.0.5]
	at org.springframework.security.web.header.HeaderWriterFilter.doFilterInternal(HeaderWriterFilter.java:75) ~[spring-security-web-7.0.5.jar:7.0.5]
	at org.springframework.web.filter.OncePerRequestFilter.doFilter(OncePerRequestFilter.java:116) ~[spring-web-7.0.7.jar:7.0.7]
	at org.springframework.security.web.FilterChainProxy$VirtualFilterChain.doFilter(FilterChainProxy.java:385) ~[spring-security-web-7.0.5.jar:7.0.5]
	at org.springframework.security.web.context.SecurityContextHolderFilter.doFilter(SecurityContextHolderFilter.java:82) ~[spring-security-web-7.0.5.jar:7.0.5]
	at org.springframework.security.web.context.SecurityContextHolderFilter.doFilter(SecurityContextHolderFilter.java:69) ~[spring-security-web-7.0.5.jar:7.0.5]
	at org.springframework.security.web.FilterChainProxy$VirtualFilterChain.doFilter(FilterChainProxy.java:385) ~[spring-security-web-7.0.5.jar:7.0.5]
	at org.springframework.security.web.context.request.async.WebAsyncManagerIntegrationFilter.doFilterInternal(WebAsyncManagerIntegrationFilter.java:62) ~[spring-security-web-7.0.5.jar:7.0.5]
	at org.springframework.web.filter.OncePerRequestFilter.doFilter(OncePerRequestFilter.java:116) ~[spring-web-7.0.7.jar:7.0.7]
	at org.springframework.security.web.FilterChainProxy$VirtualFilterChain.doFilter(FilterChainProxy.java:385) ~[spring-security-web-7.0.5.jar:7.0.5]
	at org.springframework.security.web.session.DisableEncodeUrlFilter.doFilterInternal(DisableEncodeUrlFilter.java:42) ~[spring-security-web-7.0.5.jar:7.0.5]
	at org.springframework.web.filter.OncePerRequestFilter.doFilter(OncePerRequestFilter.java:116) ~[spring-web-7.0.7.jar:7.0.7]
	at org.springframework.security.web.FilterChainProxy$VirtualFilterChain.doFilter(FilterChainProxy.java:385) ~[spring-security-web-7.0.5.jar:7.0.5]
	at org.springframework.security.web.FilterChainProxy.doFilterInternal(FilterChainProxy.java:237) ~[spring-security-web-7.0.5.jar:7.0.5]
	at org.springframework.security.web.FilterChainProxy.doFilter(FilterChainProxy.java:195) ~[spring-security-web-7.0.5.jar:7.0.5]
	at org.springframework.web.filter.CompositeFilter$VirtualFilterChain.doFilter(CompositeFilter.java:113) ~[spring-web-7.0.7.jar:7.0.7]
	at org.springframework.web.filter.ServletRequestPathFilter.doFilter(ServletRequestPathFilter.java:52) ~[spring-web-7.0.7.jar:7.0.7]
	at org.springframework.web.filter.CompositeFilter$VirtualFilterChain.doFilter(CompositeFilter.java:113) ~[spring-web-7.0.7.jar:7.0.7]
	at org.springframework.web.filter.CompositeFilter.doFilter(CompositeFilter.java:74) ~[spring-web-7.0.7.jar:7.0.7]
	at org.springframework.security.config.annotation.web.configuration.WebSecurityConfiguration$CompositeFilterChainProxy.doFilter(WebSecurityConfiguration.java:317) ~[spring-security-config-7.0.5.jar:7.0.5]
	at org.springframework.web.filter.DelegatingFilterProxy.invokeDelegate(DelegatingFilterProxy.java:355) ~[spring-web-7.0.7.jar:7.0.7]
	at org.springframework.web.filter.DelegatingFilterProxy.doFilter(DelegatingFilterProxy.java:272) ~[spring-web-7.0.7.jar:7.0.7]
	at org.apache.catalina.core.ApplicationFilterChain.doFilter(ApplicationFilterChain.java:107) ~[tomcat-embed-core-11.0.21.jar:11.0.21]
	at org.springframework.web.filter.RequestContextFilter.doFilterInternal(RequestContextFilter.java:100) ~[spring-web-7.0.7.jar:7.0.7]
	at org.springframework.web.filter.OncePerRequestFilter.doFilter(OncePerRequestFilter.java:116) ~[spring-web-7.0.7.jar:7.0.7]
	at org.apache.catalina.core.ApplicationFilterChain.doFilter(ApplicationFilterChain.java:107) ~[tomcat-embed-core-11.0.21.jar:11.0.21]
	at org.springframework.web.filter.FormContentFilter.doFilterInternal(FormContentFilter.java:93) ~[spring-web-7.0.7.jar:7.0.7]
	at org.springframework.web.filter.OncePerRequestFilter.doFilter(OncePerRequestFilter.java:116) ~[spring-web-7.0.7.jar:7.0.7]
	at org.apache.catalina.core.ApplicationFilterChain.doFilter(ApplicationFilterChain.java:107) ~[tomcat-embed-core-11.0.21.jar:11.0.21]
	at org.springframework.web.filter.CharacterEncodingFilter.doFilterInternal(CharacterEncodingFilter.java:199) ~[spring-web-7.0.7.jar:7.0.7]
	at org.springframework.web.filter.OncePerRequestFilter.doFilter(OncePerRequestFilter.java:116) ~[spring-web-7.0.7.jar:7.0.7]
	at org.apache.catalina.core.ApplicationFilterChain.doFilter(ApplicationFilterChain.java:107) ~[tomcat-embed-core-11.0.21.jar:11.0.21]
	at org.apache.catalina.core.StandardWrapperValve.invoke(StandardWrapperValve.java:165) ~[tomcat-embed-core-11.0.21.jar:11.0.21]
	at org.apache.catalina.core.StandardContextValve.invoke(StandardContextValve.java:77) ~[tomcat-embed-core-11.0.21.jar:11.0.21]
	at org.apache.catalina.authenticator.AuthenticatorBase.invoke(AuthenticatorBase.java:492) ~[tomcat-embed-core-11.0.21.jar:11.0.21]
	at org.apache.catalina.core.StandardHostValve.invoke(StandardHostValve.java:113) ~[tomcat-embed-core-11.0.21.jar:11.0.21]
	at org.apache.catalina.valves.ErrorReportValve.invoke(ErrorReportValve.java:83) ~[tomcat-embed-core-11.0.21.jar:11.0.21]
	at org.apache.catalina.core.StandardEngineValve.invoke(StandardEngineValve.java:72) ~[tomcat-embed-core-11.0.21.jar:11.0.21]
	at org.apache.catalina.connector.CoyoteAdapter.service(CoyoteAdapter.java:341) ~[tomcat-embed-core-11.0.21.jar:11.0.21]
	at org.apache.coyote.http11.Http11Processor.service(Http11Processor.java:397) ~[tomcat-embed-core-11.0.21.jar:11.0.21]
	at org.apache.coyote.AbstractProcessorLight.process(AbstractProcessorLight.java:63) ~[tomcat-embed-core-11.0.21.jar:11.0.21]
	at org.apache.coyote.AbstractProtocol$ConnectionHandler.process(AbstractProtocol.java:903) ~[tomcat-embed-core-11.0.21.jar:11.0.21]
	at org.apache.tomcat.util.net.NioEndpoint$SocketProcessor.doRun(NioEndpoint.java:1801) ~[tomcat-embed-core-11.0.21.jar:11.0.21]
	at org.apache.tomcat.util.net.SocketProcessorBase.run(SocketProcessorBase.java:52) ~[tomcat-embed-core-11.0.21.jar:11.0.21]
	at org.apache.tomcat.util.threads.ThreadPoolExecutor.runWorker(ThreadPoolExecutor.java:946) ~[tomcat-embed-core-11.0.21.jar:11.0.21]
	at org.apache.tomcat.util.threads.ThreadPoolExecutor$Worker.run(ThreadPoolExecutor.java:480) ~[tomcat-embed-core-11.0.21.jar:11.0.21]
	at org.apache.tomcat.util.threads.TaskThread$WrappingRunnable.run(TaskThread.java:57) ~[tomcat-embed-core-11.0.21.jar:11.0.21]
	at java.base/java.lang.Thread.run(Thread.java:1516) ~[na:na]

2026-08-10T15:15:28.790+05:30 ERROR 9812 --- [Bug Tracking System] [http-nio-8081-exec-7] a.e.ErrorMvcAutoConfiguration$StaticView : Cannot render error page for request [/bugs] and exception [An error happened during template parsing (template: "class path resource [templates/bugs/list.html]")] as the response has already been committed. As a result, the response may have the wrong status code.
2026-08-10T15:16:41.725+05:30 ERROR 9812 --- [Bug Tracking System] [http-nio-8081-exec-9] org.thymeleaf.TemplateEngine             : [THYMELEAF][http-nio-8081-exec-9] Exception processing template "bugs/list": An error happened during template parsing (template: "class path resource [templates/bugs/list.html]")

org.thymeleaf.exceptions.TemplateInputException: An error happened during template parsing (template: "class path resource [templates/bugs/list.html]")
	at org.thymeleaf.templateparser.markup.AbstractMarkupTemplateParser.parse(AbstractMarkupTemplateParser.java:241) ~[thymeleaf-3.1.5.RELEASE.jar:3.1.5.RELEASE]
	at org.thymeleaf.templateparser.markup.AbstractMarkupTemplateParser.parseStandalone(AbstractMarkupTemplateParser.java:100) ~[thymeleaf-3.1.5.RELEASE.jar:3.1.5.RELEASE]
	at org.thymeleaf.engine.TemplateManager.parseAndProcess(TemplateManager.java:666) ~[thymeleaf-3.1.5.RELEASE.jar:3.1.5.RELEASE]
	at org.thymeleaf.TemplateEngine.process(TemplateEngine.java:1103) ~[thymeleaf-3.1.5.RELEASE.jar:3.1.5.RELEASE]
	at org.thymeleaf.TemplateEngine.process(TemplateEngine.java:1077) ~[thymeleaf-3.1.5.RELEASE.jar:3.1.5.RELEASE]
	at org.thymeleaf.spring6.view.ThymeleafView.renderFragment(ThymeleafView.java:374) ~[thymeleaf-spring6-3.1.5.RELEASE.jar:3.1.5.RELEASE]
	at org.thymeleaf.spring6.view.ThymeleafView.render(ThymeleafView.java:193) ~[thymeleaf-spring6-3.1.5.RELEASE.jar:3.1.5.RELEASE]
	at org.springframework.web.servlet.DispatcherServlet.render(DispatcherServlet.java:1305) ~[spring-webmvc-7.0.7.jar:7.0.7]
	at org.springframework.web.servlet.DispatcherServlet.processDispatchResult(DispatcherServlet.java:1042) ~[spring-webmvc-7.0.7.jar:7.0.7]
	at org.springframework.web.servlet.DispatcherServlet.doDispatch(DispatcherServlet.java:980) ~[spring-webmvc-7.0.7.jar:7.0.7]
	at org.springframework.web.servlet.DispatcherServlet.doService(DispatcherServlet.java:866) ~[spring-webmvc-7.0.7.jar:7.0.7]
	at org.springframework.web.servlet.FrameworkServlet.processRequest(FrameworkServlet.java:1000) ~[spring-webmvc-7.0.7.jar:7.0.7]
	at org.springframework.web.servlet.FrameworkServlet.doGet(FrameworkServlet.java:892) ~[spring-webmvc-7.0.7.jar:7.0.7]
	at jakarta.servlet.http.HttpServlet.service(HttpServlet.java:622) ~[tomcat-embed-core-11.0.21.jar:6.1]
	at org.springframework.web.servlet.FrameworkServlet.service(FrameworkServlet.java:874) ~[spring-webmvc-7.0.7.jar:7.0.7]
	at jakarta.servlet.http.HttpServlet.service(HttpServlet.java:710) ~[tomcat-embed-core-11.0.21.jar:6.1]
	at org.apache.catalina.core.ApplicationFilterChain.doFilter(ApplicationFilterChain.java:128) ~[tomcat-embed-core-11.0.21.jar:11.0.21]
	at org.apache.tomcat.websocket.server.WsFilter.doFilter(WsFilter.java:53) ~[tomcat-embed-websocket-11.0.21.jar:11.0.21]
	at org.apache.catalina.core.ApplicationFilterChain.doFilter(ApplicationFilterChain.java:107) ~[tomcat-embed-core-11.0.21.jar:11.0.21]
	at org.springframework.web.filter.CompositeFilter$VirtualFilterChain.doFilter(CompositeFilter.java:108) ~[spring-web-7.0.7.jar:7.0.7]
	at org.springframework.security.web.FilterChainProxy.lambda$doFilterInternal$3(FilterChainProxy.java:235) ~[spring-security-web-7.0.5.jar:7.0.5]
	at org.springframework.security.web.FilterChainProxy$VirtualFilterChain.doFilter(FilterChainProxy.java:376) ~[spring-security-web-7.0.5.jar:7.0.5]
	at org.springframework.security.web.access.intercept.AuthorizationFilter.doFilter(AuthorizationFilter.java:101) ~[spring-security-web-7.0.5.jar:7.0.5]
	at org.springframework.security.web.FilterChainProxy$VirtualFilterChain.doFilter(FilterChainProxy.java:385) ~[spring-security-web-7.0.5.jar:7.0.5]
	at org.springframework.security.web.access.ExceptionTranslationFilter.doFilter(ExceptionTranslationFilter.java:126) ~[spring-security-web-7.0.5.jar:7.0.5]
	at org.springframework.security.web.access.ExceptionTranslationFilter.doFilter(ExceptionTranslationFilter.java:120) ~[spring-security-web-7.0.5.jar:7.0.5]
	at org.springframework.security.web.FilterChainProxy$VirtualFilterChain.doFilter(FilterChainProxy.java:385) ~[spring-security-web-7.0.5.jar:7.0.5]
	at org.springframework.security.web.session.SessionManagementFilter.doFilter(SessionManagementFilter.java:132) ~[spring-security-web-7.0.5.jar:7.0.5]
	at org.springframework.security.web.session.SessionManagementFilter.doFilter(SessionManagementFilter.java:86) ~[spring-security-web-7.0.5.jar:7.0.5]
	at org.springframework.security.web.FilterChainProxy$VirtualFilterChain.doFilter(FilterChainProxy.java:385) ~[spring-security-web-7.0.5.jar:7.0.5]
	at org.springframework.security.web.authentication.AnonymousAuthenticationFilter.doFilter(AnonymousAuthenticationFilter.java:100) ~[spring-security-web-7.0.5.jar:7.0.5]
	at org.springframework.security.web.FilterChainProxy$VirtualFilterChain.doFilter(FilterChainProxy.java:385) ~[spring-security-web-7.0.5.jar:7.0.5]
	at org.springframework.security.web.servletapi.SecurityContextHolderAwareRequestFilter.doFilter(SecurityContextHolderAwareRequestFilter.java:181) ~[spring-security-web-7.0.5.jar:7.0.5]
	at org.springframework.security.web.FilterChainProxy$VirtualFilterChain.doFilter(FilterChainProxy.java:385) ~[spring-security-web-7.0.5.jar:7.0.5]
	at org.springframework.security.web.savedrequest.RequestCacheAwareFilter.doFilter(RequestCacheAwareFilter.java:63) ~[spring-security-web-7.0.5.jar:7.0.5]
	at org.springframework.security.web.FilterChainProxy$VirtualFilterChain.doFilter(FilterChainProxy.java:385) ~[spring-security-web-7.0.5.jar:7.0.5]
	at org.springframework.security.web.session.ConcurrentSessionFilter.doFilter(ConcurrentSessionFilter.java:153) ~[spring-security-web-7.0.5.jar:7.0.5]
	at org.springframework.security.web.session.ConcurrentSessionFilter.doFilter(ConcurrentSessionFilter.java:131) ~[spring-security-web-7.0.5.jar:7.0.5]
	at org.springframework.security.web.FilterChainProxy$VirtualFilterChain.doFilter(FilterChainProxy.java:385) ~[spring-security-web-7.0.5.jar:7.0.5]
	at org.springframework.security.web.authentication.AbstractAuthenticationProcessingFilter.doFilter(AbstractAuthenticationProcessingFilter.java:245) ~[spring-security-web-7.0.5.jar:7.0.5]
	at org.springframework.security.web.authentication.AbstractAuthenticationProcessingFilter.doFilter(AbstractAuthenticationProcessingFilter.java:239) ~[spring-security-web-7.0.5.jar:7.0.5]
	at org.springframework.security.web.FilterChainProxy$VirtualFilterChain.doFilter(FilterChainProxy.java:385) ~[spring-security-web-7.0.5.jar:7.0.5]
	at org.springframework.security.web.authentication.logout.LogoutFilter.doFilter(LogoutFilter.java:110) ~[spring-security-web-7.0.5.jar:7.0.5]
	at org.springframework.security.web.authentication.logout.LogoutFilter.doFilter(LogoutFilter.java:96) ~[spring-security-web-7.0.5.jar:7.0.5]
	at org.springframework.security.web.FilterChainProxy$VirtualFilterChain.doFilter(FilterChainProxy.java:385) ~[spring-security-web-7.0.5.jar:7.0.5]
	at org.springframework.security.web.csrf.CsrfFilter.doFilterInternal(CsrfFilter.java:118) ~[spring-security-web-7.0.5.jar:7.0.5]
	at org.springframework.web.filter.OncePerRequestFilter.doFilter(OncePerRequestFilter.java:116) ~[spring-web-7.0.7.jar:7.0.7]
	at org.springframework.security.web.FilterChainProxy$VirtualFilterChain.doFilter(FilterChainProxy.java:385) ~[spring-security-web-7.0.5.jar:7.0.5]
	at org.springframework.security.web.header.HeaderWriterFilter.doHeadersAfter(HeaderWriterFilter.java:90) ~[spring-security-web-7.0.5.jar:7.0.5]
	at org.springframework.security.web.header.HeaderWriterFilter.doFilterInternal(HeaderWriterFilter.java:75) ~[spring-security-web-7.0.5.jar:7.0.5]
	at org.springframework.web.filter.OncePerRequestFilter.doFilter(OncePerRequestFilter.java:116) ~[spring-web-7.0.7.jar:7.0.7]
	at org.springframework.security.web.FilterChainProxy$VirtualFilterChain.doFilter(FilterChainProxy.java:385) ~[spring-security-web-7.0.5.jar:7.0.5]
	at org.springframework.security.web.context.SecurityContextHolderFilter.doFilter(SecurityContextHolderFilter.java:82) ~[spring-security-web-7.0.5.jar:7.0.5]
	at org.springframework.security.web.context.SecurityContextHolderFilter.doFilter(SecurityContextHolderFilter.java:69) ~[spring-security-web-7.0.5.jar:7.0.5]
	at org.springframework.security.web.FilterChainProxy$VirtualFilterChain.doFilter(FilterChainProxy.java:385) ~[spring-security-web-7.0.5.jar:7.0.5]
	at org.springframework.security.web.context.request.async.WebAsyncManagerIntegrationFilter.doFilterInternal(WebAsyncManagerIntegrationFilter.java:62) ~[spring-security-web-7.0.5.jar:7.0.5]
	at org.springframework.web.filter.OncePerRequestFilter.doFilter(OncePerRequestFilter.java:116) ~[spring-web-7.0.7.jar:7.0.7]
	at org.springframework.security.web.FilterChainProxy$VirtualFilterChain.doFilter(FilterChainProxy.java:385) ~[spring-security-web-7.0.5.jar:7.0.5]
	at org.springframework.security.web.session.DisableEncodeUrlFilter.doFilterInternal(DisableEncodeUrlFilter.java:42) ~[spring-security-web-7.0.5.jar:7.0.5]
	at org.springframework.web.filter.OncePerRequestFilter.doFilter(OncePerRequestFilter.java:116) ~[spring-web-7.0.7.jar:7.0.7]
	at org.springframework.security.web.FilterChainProxy$VirtualFilterChain.doFilter(FilterChainProxy.java:385) ~[spring-security-web-7.0.5.jar:7.0.5]
	at org.springframework.security.web.FilterChainProxy.doFilterInternal(FilterChainProxy.java:237) ~[spring-security-web-7.0.5.jar:7.0.5]
	at org.springframework.security.web.FilterChainProxy.doFilter(FilterChainProxy.java:195) ~[spring-security-web-7.0.5.jar:7.0.5]
	at org.springframework.web.filter.CompositeFilter$VirtualFilterChain.doFilter(CompositeFilter.java:113) ~[spring-web-7.0.7.jar:7.0.7]
	at org.springframework.web.filter.ServletRequestPathFilter.doFilter(ServletRequestPathFilter.java:52) ~[spring-web-7.0.7.jar:7.0.7]
	at org.springframework.web.filter.CompositeFilter$VirtualFilterChain.doFilter(CompositeFilter.java:113) ~[spring-web-7.0.7.jar:7.0.7]
	at org.springframework.web.filter.CompositeFilter.doFilter(CompositeFilter.java:74) ~[spring-web-7.0.7.jar:7.0.7]
	at org.springframework.security.config.annotation.web.configuration.WebSecurityConfiguration$CompositeFilterChainProxy.doFilter(WebSecurityConfiguration.java:317) ~[spring-security-config-7.0.5.jar:7.0.5]
	at org.springframework.web.filter.DelegatingFilterProxy.invokeDelegate(DelegatingFilterProxy.java:355) ~[spring-web-7.0.7.jar:7.0.7]
	at org.springframework.web.filter.DelegatingFilterProxy.doFilter(DelegatingFilterProxy.java:272) ~[spring-web-7.0.7.jar:7.0.7]
	at org.apache.catalina.core.ApplicationFilterChain.doFilter(ApplicationFilterChain.java:107) ~[tomcat-embed-core-11.0.21.jar:11.0.21]
	at org.springframework.web.filter.RequestContextFilter.doFilterInternal(RequestContextFilter.java:100) ~[spring-web-7.0.7.jar:7.0.7]
	at org.springframework.web.filter.OncePerRequestFilter.doFilter(OncePerRequestFilter.java:116) ~[spring-web-7.0.7.jar:7.0.7]
	at org.apache.catalina.core.ApplicationFilterChain.doFilter(ApplicationFilterChain.java:107) ~[tomcat-embed-core-11.0.21.jar:11.0.21]
	at org.springframework.web.filter.FormContentFilter.doFilterInternal(FormContentFilter.java:93) ~[spring-web-7.0.7.jar:7.0.7]
	at org.springframework.web.filter.OncePerRequestFilter.doFilter(OncePerRequestFilter.java:116) ~[spring-web-7.0.7.jar:7.0.7]
	at org.apache.catalina.core.ApplicationFilterChain.doFilter(ApplicationFilterChain.java:107) ~[tomcat-embed-core-11.0.21.jar:11.0.21]
	at org.springframework.web.filter.CharacterEncodingFilter.doFilterInternal(CharacterEncodingFilter.java:199) ~[spring-web-7.0.7.jar:7.0.7]
	at org.springframework.web.filter.OncePerRequestFilter.doFilter(OncePerRequestFilter.java:116) ~[spring-web-7.0.7.jar:7.0.7]
	at org.apache.catalina.core.ApplicationFilterChain.doFilter(ApplicationFilterChain.java:107) ~[tomcat-embed-core-11.0.21.jar:11.0.21]
	at org.apache.catalina.core.StandardWrapperValve.invoke(StandardWrapperValve.java:165) ~[tomcat-embed-core-11.0.21.jar:11.0.21]
	at org.apache.catalina.core.StandardContextValve.invoke(StandardContextValve.java:77) ~[tomcat-embed-core-11.0.21.jar:11.0.21]
	at org.apache.catalina.authenticator.AuthenticatorBase.invoke(AuthenticatorBase.java:492) ~[tomcat-embed-core-11.0.21.jar:11.0.21]
	at org.apache.catalina.core.StandardHostValve.invoke(StandardHostValve.java:113) ~[tomcat-embed-core-11.0.21.jar:11.0.21]
	at org.apache.catalina.valves.ErrorReportValve.invoke(ErrorReportValve.java:83) ~[tomcat-embed-core-11.0.21.jar:11.0.21]
	at org.apache.catalina.core.StandardEngineValve.invoke(StandardEngineValve.java:72) ~[tomcat-embed-core-11.0.21.jar:11.0.21]
	at org.apache.catalina.connector.CoyoteAdapter.service(CoyoteAdapter.java:341) ~[tomcat-embed-core-11.0.21.jar:11.0.21]
	at org.apache.coyote.http11.Http11Processor.service(Http11Processor.java:397) ~[tomcat-embed-core-11.0.21.jar:11.0.21]
	at org.apache.coyote.AbstractProcessorLight.process(AbstractProcessorLight.java:63) ~[tomcat-embed-core-11.0.21.jar:11.0.21]
	at org.apache.coyote.AbstractProtocol$ConnectionHandler.process(AbstractProtocol.java:903) ~[tomcat-embed-core-11.0.21.jar:11.0.21]
	at org.apache.tomcat.util.net.NioEndpoint$SocketProcessor.doRun(NioEndpoint.java:1801) ~[tomcat-embed-core-11.0.21.jar:11.0.21]
	at org.apache.tomcat.util.net.SocketProcessorBase.run(SocketProcessorBase.java:52) ~[tomcat-embed-core-11.0.21.jar:11.0.21]
	at org.apache.tomcat.util.threads.ThreadPoolExecutor.runWorker(ThreadPoolExecutor.java:946) ~[tomcat-embed-core-11.0.21.jar:11.0.21]
	at org.apache.tomcat.util.threads.ThreadPoolExecutor$Worker.run(ThreadPoolExecutor.java:480) ~[tomcat-embed-core-11.0.21.jar:11.0.21]
	at org.apache.tomcat.util.threads.TaskThread$WrappingRunnable.run(TaskThread.java:57) ~[tomcat-embed-core-11.0.21.jar:11.0.21]
	at java.base/java.lang.Thread.run(Thread.java:1516) ~[na:na]
Caused by: org.attoparser.ParseException: Error during execution of processor 'org.thymeleaf.standard.processor.StandardEachTagProcessor' (template: "bugs/list" - line 501, col 33)
	at org.attoparser.MarkupParser.parseDocument(MarkupParser.java:393) ~[attoparser-2.0.7.RELEASE.jar:2.0.7.RELEASE]
	at org.attoparser.MarkupParser.parse(MarkupParser.java:257) ~[attoparser-2.0.7.RELEASE.jar:2.0.7.RELEASE]
	at org.thymeleaf.templateparser.markup.AbstractMarkupTemplateParser.parse(AbstractMarkupTemplateParser.java:230) ~[thymeleaf-3.1.5.RELEASE.jar:3.1.5.RELEASE]
	... 95 common frames omitted
Caused by: org.thymeleaf.exceptions.TemplateProcessingException: Error during execution of processor 'org.thymeleaf.standard.processor.StandardEachTagProcessor' (template: "bugs/list" - line 501, col 33)
	at org.thymeleaf.processor.element.AbstractAttributeTagProcessor.doProcess(AbstractAttributeTagProcessor.java:117) ~[thymeleaf-3.1.5.RELEASE.jar:3.1.5.RELEASE]
	at org.thymeleaf.processor.element.AbstractElementTagProcessor.process(AbstractElementTagProcessor.java:95) ~[thymeleaf-3.1.5.RELEASE.jar:3.1.5.RELEASE]
	at org.thymeleaf.util.ProcessorConfigurationUtils$ElementTagProcessorWrapper.process(ProcessorConfigurationUtils.java:633) ~[thymeleaf-3.1.5.RELEASE.jar:3.1.5.RELEASE]
	at org.thymeleaf.engine.ProcessorTemplateHandler.handleOpenElement(ProcessorTemplateHandler.java:1314) ~[thymeleaf-3.1.5.RELEASE.jar:3.1.5.RELEASE]
	at org.thymeleaf.engine.TemplateHandlerAdapterMarkupHandler.handleOpenElementEnd(TemplateHandlerAdapterMarkupHandler.java:304) ~[thymeleaf-3.1.5.RELEASE.jar:3.1.5.RELEASE]
	at org.thymeleaf.templateparser.markup.InlinedOutputExpressionMarkupHandler$InlineMarkupAdapterPreProcessorHandler.handleOpenElementEnd(InlinedOutputExpressionMarkupHandler.java:278) ~[thymeleaf-3.1.5.RELEASE.jar:3.1.5.RELEASE]
	at org.thymeleaf.standard.inline.OutputExpressionInlinePreProcessorHandler.handleOpenElementEnd(OutputExpressionInlinePreProcessorHandler.java:186) ~[thymeleaf-3.1.5.RELEASE.jar:3.1.5.RELEASE]
	at org.thymeleaf.templateparser.markup.InlinedOutputExpressionMarkupHandler.handleOpenElementEnd(InlinedOutputExpressionMarkupHandler.java:124) ~[thymeleaf-3.1.5.RELEASE.jar:3.1.5.RELEASE]
	at org.attoparser.HtmlElement.handleOpenElementEnd(HtmlElement.java:109) ~[attoparser-2.0.7.RELEASE.jar:2.0.7.RELEASE]
	at org.attoparser.HtmlMarkupHandler.handleOpenElementEnd(HtmlMarkupHandler.java:297) ~[attoparser-2.0.7.RELEASE.jar:2.0.7.RELEASE]
	at org.attoparser.MarkupEventProcessorHandler.handleOpenElementEnd(MarkupEventProcessorHandler.java:402) ~[attoparser-2.0.7.RELEASE.jar:2.0.7.RELEASE]
	at org.attoparser.ParsingElementMarkupUtil.parseOpenElement(ParsingElementMarkupUtil.java:159) ~[attoparser-2.0.7.RELEASE.jar:2.0.7.RELEASE]
	at org.attoparser.MarkupParser.parseBuffer(MarkupParser.java:710) ~[attoparser-2.0.7.RELEASE.jar:2.0.7.RELEASE]
	at org.attoparser.MarkupParser.parseDocument(MarkupParser.java:301) ~[attoparser-2.0.7.RELEASE.jar:2.0.7.RELEASE]
	... 97 common frames omitted
Caused by: org.springframework.expression.spel.SpelParseException: Expression [#numbers.sequence(
                                              [[${ [[${ Math.max(1,
                                              currentPage-2) }]] }]],
                                              [[${ Math.min(totalPages,
                                              currentPage+2) }]])] @69: EL1043E: Unexpected token. Expected 'rsquare(])' but was 'lcurly({)'
	at org.springframework.expression.spel.standard.InternalSpelExpressionParser.internalException(InternalSpelExpressionParser.java:1057) ~[spring-expression-7.0.7.jar:7.0.7]
	at org.springframework.expression.spel.standard.InternalSpelExpressionParser.eatToken(InternalSpelExpressionParser.java:938) ~[spring-expression-7.0.7.jar:7.0.7]
	at org.springframework.expression.spel.standard.InternalSpelExpressionParser.maybeEatIndexer(InternalSpelExpressionParser.java:701) ~[spring-expression-7.0.7.jar:7.0.7]
	at org.springframework.expression.spel.standard.InternalSpelExpressionParser.eatStartNode(InternalSpelExpressionParser.java:530) ~[spring-expression-7.0.7.jar:7.0.7]
	at org.springframework.expression.spel.standard.InternalSpelExpressionParser.eatPrimaryExpression(InternalSpelExpressionParser.java:367) ~[spring-expression-7.0.7.jar:7.0.7]
	at org.springframework.expression.spel.standard.InternalSpelExpressionParser.eatUnaryExpression(InternalSpelExpressionParser.java:362) ~[spring-expression-7.0.7.jar:7.0.7]
	at org.springframework.expression.spel.standard.InternalSpelExpressionParser.eatPowerIncDecExpression(InternalSpelExpressionParser.java:316) ~[spring-expression-7.0.7.jar:7.0.7]
	at org.springframework.expression.spel.standard.InternalSpelExpressionParser.eatProductExpression(InternalSpelExpressionParser.java:295) ~[spring-expression-7.0.7.jar:7.0.7]
	at org.springframework.expression.spel.standard.InternalSpelExpressionParser.eatSumExpression(InternalSpelExpressionParser.java:278) ~[spring-expression-7.0.7.jar:7.0.7]
	at org.springframework.expression.spel.standard.InternalSpelExpressionParser.eatRelationalExpression(InternalSpelExpressionParser.java:233) ~[spring-expression-7.0.7.jar:7.0.7]
	at org.springframework.expression.spel.standard.InternalSpelExpressionParser.eatLogicalAndExpression(InternalSpelExpressionParser.java:221) ~[spring-expression-7.0.7.jar:7.0.7]
	at org.springframework.expression.spel.standard.InternalSpelExpressionParser.eatLogicalOrExpression(InternalSpelExpressionParser.java:209) ~[spring-expression-7.0.7.jar:7.0.7]
	at org.springframework.expression.spel.standard.InternalSpelExpressionParser.eatExpression(InternalSpelExpressionParser.java:171) ~[spring-expression-7.0.7.jar:7.0.7]
	at org.springframework.expression.spel.standard.InternalSpelExpressionParser.maybeEatIndexer(InternalSpelExpressionParser.java:697) ~[spring-expression-7.0.7.jar:7.0.7]
	at org.springframework.expression.spel.standard.InternalSpelExpressionParser.eatStartNode(InternalSpelExpressionParser.java:530) ~[spring-expression-7.0.7.jar:7.0.7]
	at org.springframework.expression.spel.standard.InternalSpelExpressionParser.eatPrimaryExpression(InternalSpelExpressionParser.java:367) ~[spring-expression-7.0.7.jar:7.0.7]
	at org.springframework.expression.spel.standard.InternalSpelExpressionParser.eatUnaryExpression(InternalSpelExpressionParser.java:362) ~[spring-expression-7.0.7.jar:7.0.7]
	at org.springframework.expression.spel.standard.InternalSpelExpressionParser.eatPowerIncDecExpression(InternalSpelExpressionParser.java:316) ~[spring-expression-7.0.7.jar:7.0.7]
	at org.springframework.expression.spel.standard.InternalSpelExpressionParser.eatProductExpression(InternalSpelExpressionParser.java:295) ~[spring-expression-7.0.7.jar:7.0.7]
	at org.springframework.expression.spel.standard.InternalSpelExpressionParser.eatSumExpression(InternalSpelExpressionParser.java:278) ~[spring-expression-7.0.7.jar:7.0.7]
	at org.springframework.expression.spel.standard.InternalSpelExpressionParser.eatRelationalExpression(InternalSpelExpressionParser.java:233) ~[spring-expression-7.0.7.jar:7.0.7]
	at org.springframework.expression.spel.standard.InternalSpelExpressionParser.eatLogicalAndExpression(InternalSpelExpressionParser.java:221) ~[spring-expression-7.0.7.jar:7.0.7]
	at org.springframework.expression.spel.standard.InternalSpelExpressionParser.eatLogicalOrExpression(InternalSpelExpressionParser.java:209) ~[spring-expression-7.0.7.jar:7.0.7]
	at org.springframework.expression.spel.standard.InternalSpelExpressionParser.eatExpression(InternalSpelExpressionParser.java:171) ~[spring-expression-7.0.7.jar:7.0.7]
	at org.springframework.expression.spel.standard.InternalSpelExpressionParser.consumeArguments(InternalSpelExpressionParser.java:485) ~[spring-expression-7.0.7.jar:7.0.7]
	at org.springframework.expression.spel.standard.InternalSpelExpressionParser.maybeEatMethodArgs(InternalSpelExpressionParser.java:455) ~[spring-expression-7.0.7.jar:7.0.7]
	at org.springframework.expression.spel.standard.InternalSpelExpressionParser.maybeEatMethodOrProperty(InternalSpelExpressionParser.java:771) ~[spring-expression-7.0.7.jar:7.0.7]
	at org.springframework.expression.spel.standard.InternalSpelExpressionParser.eatDottedNode(InternalSpelExpressionParser.java:412) ~[spring-expression-7.0.7.jar:7.0.7]
	at org.springframework.expression.spel.standard.InternalSpelExpressionParser.eatNode(InternalSpelExpressionParser.java:387) ~[spring-expression-7.0.7.jar:7.0.7]
	at org.springframework.expression.spel.standard.InternalSpelExpressionParser.eatPrimaryExpression(InternalSpelExpressionParser.java:369) ~[spring-expression-7.0.7.jar:7.0.7]
	at org.springframework.expression.spel.standard.InternalSpelExpressionParser.eatUnaryExpression(InternalSpelExpressionParser.java:362) ~[spring-expression-7.0.7.jar:7.0.7]
	at org.springframework.expression.spel.standard.InternalSpelExpressionParser.eatPowerIncDecExpression(InternalSpelExpressionParser.java:316) ~[spring-expression-7.0.7.jar:7.0.7]
	at org.springframework.expression.spel.standard.InternalSpelExpressionParser.eatProductExpression(InternalSpelExpressionParser.java:295) ~[spring-expression-7.0.7.jar:7.0.7]
	at org.springframework.expression.spel.standard.InternalSpelExpressionParser.eatSumExpression(InternalSpelExpressionParser.java:278) ~[spring-expression-7.0.7.jar:7.0.7]
	at org.springframework.expression.spel.standard.InternalSpelExpressionParser.eatRelationalExpression(InternalSpelExpressionParser.java:233) ~[spring-expression-7.0.7.jar:7.0.7]
	at org.springframework.expression.spel.standard.InternalSpelExpressionParser.eatLogicalAndExpression(InternalSpelExpressionParser.java:221) ~[spring-expression-7.0.7.jar:7.0.7]
	at org.springframework.expression.spel.standard.InternalSpelExpressionParser.eatLogicalOrExpression(InternalSpelExpressionParser.java:209) ~[spring-expression-7.0.7.jar:7.0.7]
	at org.springframework.expression.spel.standard.InternalSpelExpressionParser.eatExpression(InternalSpelExpressionParser.java:171) ~[spring-expression-7.0.7.jar:7.0.7]
	at org.springframework.expression.spel.standard.InternalSpelExpressionParser.doParseExpression(InternalSpelExpressionParser.java:141) ~[spring-expression-7.0.7.jar:7.0.7]
	at org.springframework.expression.spel.standard.SpelExpressionParser.doParseExpression(SpelExpressionParser.java:64) ~[spring-expression-7.0.7.jar:7.0.7]
	at org.springframework.expression.spel.standard.SpelExpressionParser.doParseExpression(SpelExpressionParser.java:35) ~[spring-expression-7.0.7.jar:7.0.7]
	at org.springframework.expression.common.TemplateAwareExpressionParser.parseExpression(TemplateAwareExpressionParser.java:63) ~[spring-expression-7.0.7.jar:7.0.7]
	at org.springframework.expression.common.TemplateAwareExpressionParser.parseExpression(TemplateAwareExpressionParser.java:52) ~[spring-expression-7.0.7.jar:7.0.7]
	at org.thymeleaf.spring6.expression.SPELVariableExpressionEvaluator.getExpression(SPELVariableExpressionEvaluator.java:383) ~[thymeleaf-spring6-3.1.5.RELEASE.jar:3.1.5.RELEASE]
	at org.thymeleaf.spring6.expression.SPELVariableExpressionEvaluator.obtainComputedSpelExpression(SPELVariableExpressionEvaluator.java:331) ~[thymeleaf-spring6-3.1.5.RELEASE.jar:3.1.5.RELEASE]
	at org.thymeleaf.spring6.expression.SPELVariableExpressionEvaluator.evaluate(SPELVariableExpressionEvaluator.java:159) ~[thymeleaf-spring6-3.1.5.RELEASE.jar:3.1.5.RELEASE]
	at org.thymeleaf.standard.expression.VariableExpression.executeVariableExpression(VariableExpression.java:166) ~[thymeleaf-3.1.5.RELEASE.jar:3.1.5.RELEASE]
	at org.thymeleaf.standard.expression.SimpleExpression.executeSimple(SimpleExpression.java:66) ~[thymeleaf-3.1.5.RELEASE.jar:3.1.5.RELEASE]
	at org.thymeleaf.standard.expression.Expression.execute(Expression.java:109) ~[thymeleaf-3.1.5.RELEASE.jar:3.1.5.RELEASE]
	at org.thymeleaf.standard.expression.Expression.execute(Expression.java:138) ~[thymeleaf-3.1.5.RELEASE.jar:3.1.5.RELEASE]
	at org.thymeleaf.standard.expression.Expression.execute(Expression.java:125) ~[thymeleaf-3.1.5.RELEASE.jar:3.1.5.RELEASE]
	at org.thymeleaf.standard.processor.StandardEachTagProcessor.doProcess(StandardEachTagProcessor.java:73) ~[thymeleaf-3.1.5.RELEASE.jar:3.1.5.RELEASE]
	at org.thymeleaf.processor.element.AbstractAttributeTagProcessor.doProcess(AbstractAttributeTagProcessor.java:74) ~[thymeleaf-3.1.5.RELEASE.jar:3.1.5.RELEASE]
	... 110 common frames omitted

2026-08-10T15:16:41.756+05:30 ERROR 9812 --- [Bug Tracking System] [http-nio-8081-exec-9] o.a.c.c.C.[.[.[/].[dispatcherServlet]    : Servlet.service() for servlet [dispatcherServlet] in context with path [] threw exception [Request processing failed: org.thymeleaf.exceptions.TemplateInputException: An error happened during template parsing (template: "class path resource [templates/bugs/list.html]")] with root cause

org.springframework.expression.spel.SpelParseException: Expression [#numbers.sequence(
                                              [[${ [[${ Math.max(1,
                                              currentPage-2) }]] }]],
                                              [[${ Math.min(totalPages,
                                              currentPage+2) }]])] @69: EL1043E: Unexpected token. Expected 'rsquare(])' but was 'lcurly({)'
	at org.springframework.expression.spel.standard.InternalSpelExpressionParser.internalException(InternalSpelExpressionParser.java:1057) ~[spring-expression-7.0.7.jar:7.0.7]
	at org.springframework.expression.spel.standard.InternalSpelExpressionParser.eatToken(InternalSpelExpressionParser.java:938) ~[spring-expression-7.0.7.jar:7.0.7]
	at org.springframework.expression.spel.standard.InternalSpelExpressionParser.maybeEatIndexer(InternalSpelExpressionParser.java:701) ~[spring-expression-7.0.7.jar:7.0.7]
	at org.springframework.expression.spel.standard.InternalSpelExpressionParser.eatStartNode(InternalSpelExpressionParser.java:530) ~[spring-expression-7.0.7.jar:7.0.7]
	at org.springframework.expression.spel.standard.InternalSpelExpressionParser.eatPrimaryExpression(InternalSpelExpressionParser.java:367) ~[spring-expression-7.0.7.jar:7.0.7]
	at org.springframework.expression.spel.standard.InternalSpelExpressionParser.eatUnaryExpression(InternalSpelExpressionParser.java:362) ~[spring-expression-7.0.7.jar:7.0.7]
	at org.springframework.expression.spel.standard.InternalSpelExpressionParser.eatPowerIncDecExpression(InternalSpelExpressionParser.java:316) ~[spring-expression-7.0.7.jar:7.0.7]
	at org.springframework.expression.spel.standard.InternalSpelExpressionParser.eatProductExpression(InternalSpelExpressionParser.java:295) ~[spring-expression-7.0.7.jar:7.0.7]
	at org.springframework.expression.spel.standard.InternalSpelExpressionParser.eatSumExpression(InternalSpelExpressionParser.java:278) ~[spring-expression-7.0.7.jar:7.0.7]
	at org.springframework.expression.spel.standard.InternalSpelExpressionParser.eatRelationalExpression(InternalSpelExpressionParser.java:233) ~[spring-expression-7.0.7.jar:7.0.7]
	at org.springframework.expression.spel.standard.InternalSpelExpressionParser.eatLogicalAndExpression(InternalSpelExpressionParser.java:221) ~[spring-expression-7.0.7.jar:7.0.7]
	at org.springframework.expression.spel.standard.InternalSpelExpressionParser.eatLogicalOrExpression(InternalSpelExpressionParser.java:209) ~[spring-expression-7.0.7.jar:7.0.7]
	at org.springframework.expression.spel.standard.InternalSpelExpressionParser.eatExpression(InternalSpelExpressionParser.java:171) ~[spring-expression-7.0.7.jar:7.0.7]
	at org.springframework.expression.spel.standard.InternalSpelExpressionParser.maybeEatIndexer(InternalSpelExpressionParser.java:697) ~[spring-expression-7.0.7.jar:7.0.7]
	at org.springframework.expression.spel.standard.InternalSpelExpressionParser.eatStartNode(InternalSpelExpressionParser.java:530) ~[spring-expression-7.0.7.jar:7.0.7]
	at org.springframework.expression.spel.standard.InternalSpelExpressionParser.eatPrimaryExpression(InternalSpelExpressionParser.java:367) ~[spring-expression-7.0.7.jar:7.0.7]
	at org.springframework.expression.spel.standard.InternalSpelExpressionParser.eatUnaryExpression(InternalSpelExpressionParser.java:362) ~[spring-expression-7.0.7.jar:7.0.7]
	at org.springframework.expression.spel.standard.InternalSpelExpressionParser.eatPowerIncDecExpression(InternalSpelExpressionParser.java:316) ~[spring-expression-7.0.7.jar:7.0.7]
	at org.springframework.expression.spel.standard.InternalSpelExpressionParser.eatProductExpression(InternalSpelExpressionParser.java:295) ~[spring-expression-7.0.7.jar:7.0.7]
	at org.springframework.expression.spel.standard.InternalSpelExpressionParser.eatSumExpression(InternalSpelExpressionParser.java:278) ~[spring-expression-7.0.7.jar:7.0.7]
	at org.springframework.expression.spel.standard.InternalSpelExpressionParser.eatRelationalExpression(InternalSpelExpressionParser.java:233) ~[spring-expression-7.0.7.jar:7.0.7]
	at org.springframework.expression.spel.standard.InternalSpelExpressionParser.eatLogicalAndExpression(InternalSpelExpressionParser.java:221) ~[spring-expression-7.0.7.jar:7.0.7]
	at org.springframework.expression.spel.standard.InternalSpelExpressionParser.eatLogicalOrExpression(InternalSpelExpressionParser.java:209) ~[spring-expression-7.0.7.jar:7.0.7]
	at org.springframework.expression.spel.standard.InternalSpelExpressionParser.eatExpression(InternalSpelExpressionParser.java:171) ~[spring-expression-7.0.7.jar:7.0.7]
	at org.springframework.expression.spel.standard.InternalSpelExpressionParser.consumeArguments(InternalSpelExpressionParser.java:485) ~[spring-expression-7.0.7.jar:7.0.7]
	at org.springframework.expression.spel.standard.InternalSpelExpressionParser.maybeEatMethodArgs(InternalSpelExpressionParser.java:455) ~[spring-expression-7.0.7.jar:7.0.7]
	at org.springframework.expression.spel.standard.InternalSpelExpressionParser.maybeEatMethodOrProperty(InternalSpelExpressionParser.java:771) ~[spring-expression-7.0.7.jar:7.0.7]
	at org.springframework.expression.spel.standard.InternalSpelExpressionParser.eatDottedNode(InternalSpelExpressionParser.java:412) ~[spring-expression-7.0.7.jar:7.0.7]
	at org.springframework.expression.spel.standard.InternalSpelExpressionParser.eatNode(InternalSpelExpressionParser.java:387) ~[spring-expression-7.0.7.jar:7.0.7]
	at org.springframework.expression.spel.standard.InternalSpelExpressionParser.eatPrimaryExpression(InternalSpelExpressionParser.java:369) ~[spring-expression-7.0.7.jar:7.0.7]
	at org.springframework.expression.spel.standard.InternalSpelExpressionParser.eatUnaryExpression(InternalSpelExpressionParser.java:362) ~[spring-expression-7.0.7.jar:7.0.7]
	at org.springframework.expression.spel.standard.InternalSpelExpressionParser.eatPowerIncDecExpression(InternalSpelExpressionParser.java:316) ~[spring-expression-7.0.7.jar:7.0.7]
	at org.springframework.expression.spel.standard.InternalSpelExpressionParser.eatProductExpression(InternalSpelExpressionParser.java:295) ~[spring-expression-7.0.7.jar:7.0.7]
	at org.springframework.expression.spel.standard.InternalSpelExpressionParser.eatSumExpression(InternalSpelExpressionParser.java:278) ~[spring-expression-7.0.7.jar:7.0.7]
	at org.springframework.expression.spel.standard.InternalSpelExpressionParser.eatRelationalExpression(InternalSpelExpressionParser.java:233) ~[spring-expression-7.0.7.jar:7.0.7]
	at org.springframework.expression.spel.standard.InternalSpelExpressionParser.eatLogicalAndExpression(InternalSpelExpressionParser.java:221) ~[spring-expression-7.0.7.jar:7.0.7]
	at org.springframework.expression.spel.standard.InternalSpelExpressionParser.eatLogicalOrExpression(InternalSpelExpressionParser.java:209) ~[spring-expression-7.0.7.jar:7.0.7]
	at org.springframework.expression.spel.standard.InternalSpelExpressionParser.eatExpression(InternalSpelExpressionParser.java:171) ~[spring-expression-7.0.7.jar:7.0.7]
	at org.springframework.expression.spel.standard.InternalSpelExpressionParser.doParseExpression(InternalSpelExpressionParser.java:141) ~[spring-expression-7.0.7.jar:7.0.7]
	at org.springframework.expression.spel.standard.SpelExpressionParser.doParseExpression(SpelExpressionParser.java:64) ~[spring-expression-7.0.7.jar:7.0.7]
	at org.springframework.expression.spel.standard.SpelExpressionParser.doParseExpression(SpelExpressionParser.java:35) ~[spring-expression-7.0.7.jar:7.0.7]
	at org.springframework.expression.common.TemplateAwareExpressionParser.parseExpression(TemplateAwareExpressionParser.java:63) ~[spring-expression-7.0.7.jar:7.0.7]
	at org.springframework.expression.common.TemplateAwareExpressionParser.parseExpression(TemplateAwareExpressionParser.java:52) ~[spring-expression-7.0.7.jar:7.0.7]
	at org.thymeleaf.spring6.expression.SPELVariableExpressionEvaluator.getExpression(SPELVariableExpressionEvaluator.java:383) ~[thymeleaf-spring6-3.1.5.RELEASE.jar:3.1.5.RELEASE]
	at org.thymeleaf.spring6.expression.SPELVariableExpressionEvaluator.obtainComputedSpelExpression(SPELVariableExpressionEvaluator.java:331) ~[thymeleaf-spring6-3.1.5.RELEASE.jar:3.1.5.RELEASE]
	at org.thymeleaf.spring6.expression.SPELVariableExpressionEvaluator.evaluate(SPELVariableExpressionEvaluator.java:159) ~[thymeleaf-spring6-3.1.5.RELEASE.jar:3.1.5.RELEASE]
	at org.thymeleaf.standard.expression.VariableExpression.executeVariableExpression(VariableExpression.java:166) ~[thymeleaf-3.1.5.RELEASE.jar:3.1.5.RELEASE]
	at org.thymeleaf.standard.expression.SimpleExpression.executeSimple(SimpleExpression.java:66) ~[thymeleaf-3.1.5.RELEASE.jar:3.1.5.RELEASE]
	at org.thymeleaf.standard.expression.Expression.execute(Expression.java:109) ~[thymeleaf-3.1.5.RELEASE.jar:3.1.5.RELEASE]
	at org.thymeleaf.standard.expression.Expression.execute(Expression.java:138) ~[thymeleaf-3.1.5.RELEASE.jar:3.1.5.RELEASE]
	at org.thymeleaf.standard.expression.Expression.execute(Expression.java:125) ~[thymeleaf-3.1.5.RELEASE.jar:3.1.5.RELEASE]
	at org.thymeleaf.standard.processor.StandardEachTagProcessor.doProcess(StandardEachTagProcessor.java:73) ~[thymeleaf-3.1.5.RELEASE.jar:3.1.5.RELEASE]
	at org.thymeleaf.processor.element.AbstractAttributeTagProcessor.doProcess(AbstractAttributeTagProcessor.java:74) ~[thymeleaf-3.1.5.RELEASE.jar:3.1.5.RELEASE]
	at org.thymeleaf.processor.element.AbstractElementTagProcessor.process(AbstractElementTagProcessor.java:95) ~[thymeleaf-3.1.5.RELEASE.jar:3.1.5.RELEASE]
	at org.thymeleaf.util.ProcessorConfigurationUtils$ElementTagProcessorWrapper.process(ProcessorConfigurationUtils.java:633) ~[thymeleaf-3.1.5.RELEASE.jar:3.1.5.RELEASE]
	at org.thymeleaf.engine.ProcessorTemplateHandler.handleOpenElement(ProcessorTemplateHandler.java:1314) ~[thymeleaf-3.1.5.RELEASE.jar:3.1.5.RELEASE]
	at org.thymeleaf.engine.TemplateHandlerAdapterMarkupHandler.handleOpenElementEnd(TemplateHandlerAdapterMarkupHandler.java:304) ~[thymeleaf-3.1.5.RELEASE.jar:3.1.5.RELEASE]
	at org.thymeleaf.templateparser.markup.InlinedOutputExpressionMarkupHandler$InlineMarkupAdapterPreProcessorHandler.handleOpenElementEnd(InlinedOutputExpressionMarkupHandler.java:278) ~[thymeleaf-3.1.5.RELEASE.jar:3.1.5.RELEASE]
	at org.thymeleaf.standard.inline.OutputExpressionInlinePreProcessorHandler.handleOpenElementEnd(OutputExpressionInlinePreProcessorHandler.java:186) ~[thymeleaf-3.1.5.RELEASE.jar:3.1.5.RELEASE]
	at org.thymeleaf.templateparser.markup.InlinedOutputExpressionMarkupHandler.handleOpenElementEnd(InlinedOutputExpressionMarkupHandler.java:124) ~[thymeleaf-3.1.5.RELEASE.jar:3.1.5.RELEASE]
	at org.attoparser.HtmlElement.handleOpenElementEnd(HtmlElement.java:109) ~[attoparser-2.0.7.RELEASE.jar:2.0.7.RELEASE]
	at org.attoparser.HtmlMarkupHandler.handleOpenElementEnd(HtmlMarkupHandler.java:297) ~[attoparser-2.0.7.RELEASE.jar:2.0.7.RELEASE]
	at org.attoparser.MarkupEventProcessorHandler.handleOpenElementEnd(MarkupEventProcessorHandler.java:402) ~[attoparser-2.0.7.RELEASE.jar:2.0.7.RELEASE]
	at org.attoparser.ParsingElementMarkupUtil.parseOpenElement(ParsingElementMarkupUtil.java:159) ~[attoparser-2.0.7.RELEASE.jar:2.0.7.RELEASE]
	at org.attoparser.MarkupParser.parseBuffer(MarkupParser.java:710) ~[attoparser-2.0.7.RELEASE.jar:2.0.7.RELEASE]
	at org.attoparser.MarkupParser.parseDocument(MarkupParser.java:301) ~[attoparser-2.0.7.RELEASE.jar:2.0.7.RELEASE]
	at org.attoparser.MarkupParser.parse(MarkupParser.java:257) ~[attoparser-2.0.7.RELEASE.jar:2.0.7.RELEASE]
	at org.thymeleaf.templateparser.markup.AbstractMarkupTemplateParser.parse(AbstractMarkupTemplateParser.java:230) ~[thymeleaf-3.1.5.RELEASE.jar:3.1.5.RELEASE]
	at org.thymeleaf.templateparser.markup.AbstractMarkupTemplateParser.parseStandalone(AbstractMarkupTemplateParser.java:100) ~[thymeleaf-3.1.5.RELEASE.jar:3.1.5.RELEASE]
	at org.thymeleaf.engine.TemplateManager.parseAndProcess(TemplateManager.java:666) ~[thymeleaf-3.1.5.RELEASE.jar:3.1.5.RELEASE]
	at org.thymeleaf.TemplateEngine.process(TemplateEngine.java:1103) ~[thymeleaf-3.1.5.RELEASE.jar:3.1.5.RELEASE]
	at org.thymeleaf.TemplateEngine.process(TemplateEngine.java:1077) ~[thymeleaf-3.1.5.RELEASE.jar:3.1.5.RELEASE]
	at org.thymeleaf.spring6.view.ThymeleafView.renderFragment(ThymeleafView.java:374) ~[thymeleaf-spring6-3.1.5.RELEASE.jar:3.1.5.RELEASE]
	at org.thymeleaf.spring6.view.ThymeleafView.render(ThymeleafView.java:193) ~[thymeleaf-spring6-3.1.5.RELEASE.jar:3.1.5.RELEASE]
	at org.springframework.web.servlet.DispatcherServlet.render(DispatcherServlet.java:1305) ~[spring-webmvc-7.0.7.jar:7.0.7]
	at org.springframework.web.servlet.DispatcherServlet.processDispatchResult(DispatcherServlet.java:1042) ~[spring-webmvc-7.0.7.jar:7.0.7]
	at org.springframework.web.servlet.DispatcherServlet.doDispatch(DispatcherServlet.java:980) ~[spring-webmvc-7.0.7.jar:7.0.7]
	at org.springframework.web.servlet.DispatcherServlet.doService(DispatcherServlet.java:866) ~[spring-webmvc-7.0.7.jar:7.0.7]
	at org.springframework.web.servlet.FrameworkServlet.processRequest(FrameworkServlet.java:1000) ~[spring-webmvc-7.0.7.jar:7.0.7]
	at org.springframework.web.servlet.FrameworkServlet.doGet(FrameworkServlet.java:892) ~[spring-webmvc-7.0.7.jar:7.0.7]
	at jakarta.servlet.http.HttpServlet.service(HttpServlet.java:622) ~[tomcat-embed-core-11.0.21.jar:6.1]
	at org.springframework.web.servlet.FrameworkServlet.service(FrameworkServlet.java:874) ~[spring-webmvc-7.0.7.jar:7.0.7]
	at jakarta.servlet.http.HttpServlet.service(HttpServlet.java:710) ~[tomcat-embed-core-11.0.21.jar:6.1]
	at org.apache.catalina.core.ApplicationFilterChain.doFilter(ApplicationFilterChain.java:128) ~[tomcat-embed-core-11.0.21.jar:11.0.21]
	at org.apache.tomcat.websocket.server.WsFilter.doFilter(WsFilter.java:53) ~[tomcat-embed-websocket-11.0.21.jar:11.0.21]
	at org.apache.catalina.core.ApplicationFilterChain.doFilter(ApplicationFilterChain.java:107) ~[tomcat-embed-core-11.0.21.jar:11.0.21]
	at org.springframework.web.filter.CompositeFilter$VirtualFilterChain.doFilter(CompositeFilter.java:108) ~[spring-web-7.0.7.jar:7.0.7]
	at org.springframework.security.web.FilterChainProxy.lambda$doFilterInternal$3(FilterChainProxy.java:235) ~[spring-security-web-7.0.5.jar:7.0.5]
	at org.springframework.security.web.FilterChainProxy$VirtualFilterChain.doFilter(FilterChainProxy.java:376) ~[spring-security-web-7.0.5.jar:7.0.5]
	at org.springframework.security.web.access.intercept.AuthorizationFilter.doFilter(AuthorizationFilter.java:101) ~[spring-security-web-7.0.5.jar:7.0.5]
	at org.springframework.security.web.FilterChainProxy$VirtualFilterChain.doFilter(FilterChainProxy.java:385) ~[spring-security-web-7.0.5.jar:7.0.5]
	at org.springframework.security.web.access.ExceptionTranslationFilter.doFilter(ExceptionTranslationFilter.java:126) ~[spring-security-web-7.0.5.jar:7.0.5]
	at org.springframework.security.web.access.ExceptionTranslationFilter.doFilter(ExceptionTranslationFilter.java:120) ~[spring-security-web-7.0.5.jar:7.0.5]
	at org.springframework.security.web.FilterChainProxy$VirtualFilterChain.doFilter(FilterChainProxy.java:385) ~[spring-security-web-7.0.5.jar:7.0.5]
	at org.springframework.security.web.session.SessionManagementFilter.doFilter(SessionManagementFilter.java:132) ~[spring-security-web-7.0.5.jar:7.0.5]
	at org.springframework.security.web.session.SessionManagementFilter.doFilter(SessionManagementFilter.java:86) ~[spring-security-web-7.0.5.jar:7.0.5]
	at org.springframework.security.web.FilterChainProxy$VirtualFilterChain.doFilter(FilterChainProxy.java:385) ~[spring-security-web-7.0.5.jar:7.0.5]
	at org.springframework.security.web.authentication.AnonymousAuthenticationFilter.doFilter(AnonymousAuthenticationFilter.java:100) ~[spring-security-web-7.0.5.jar:7.0.5]
	at org.springframework.security.web.FilterChainProxy$VirtualFilterChain.doFilter(FilterChainProxy.java:385) ~[spring-security-web-7.0.5.jar:7.0.5]
	at org.springframework.security.web.servletapi.SecurityContextHolderAwareRequestFilter.doFilter(SecurityContextHolderAwareRequestFilter.java:181) ~[spring-security-web-7.0.5.jar:7.0.5]
	at org.springframework.security.web.FilterChainProxy$VirtualFilterChain.doFilter(FilterChainProxy.java:385) ~[spring-security-web-7.0.5.jar:7.0.5]
	at org.springframework.security.web.savedrequest.RequestCacheAwareFilter.doFilter(RequestCacheAwareFilter.java:63) ~[spring-security-web-7.0.5.jar:7.0.5]
	at org.springframework.security.web.FilterChainProxy$VirtualFilterChain.doFilter(FilterChainProxy.java:385) ~[spring-security-web-7.0.5.jar:7.0.5]
	at org.springframework.security.web.session.ConcurrentSessionFilter.doFilter(ConcurrentSessionFilter.java:153) ~[spring-security-web-7.0.5.jar:7.0.5]
	at org.springframework.security.web.session.ConcurrentSessionFilter.doFilter(ConcurrentSessionFilter.java:131) ~[spring-security-web-7.0.5.jar:7.0.5]
	at org.springframework.security.web.FilterChainProxy$VirtualFilterChain.doFilter(FilterChainProxy.java:385) ~[spring-security-web-7.0.5.jar:7.0.5]
	at org.springframework.security.web.authentication.AbstractAuthenticationProcessingFilter.doFilter(AbstractAuthenticationProcessingFilter.java:245) ~[spring-security-web-7.0.5.jar:7.0.5]
	at org.springframework.security.web.authentication.AbstractAuthenticationProcessingFilter.doFilter(AbstractAuthenticationProcessingFilter.java:239) ~[spring-security-web-7.0.5.jar:7.0.5]
	at org.springframework.security.web.FilterChainProxy$VirtualFilterChain.doFilter(FilterChainProxy.java:385) ~[spring-security-web-7.0.5.jar:7.0.5]
	at org.springframework.security.web.authentication.logout.LogoutFilter.doFilter(LogoutFilter.java:110) ~[spring-security-web-7.0.5.jar:7.0.5]
	at org.springframework.security.web.authentication.logout.LogoutFilter.doFilter(LogoutFilter.java:96) ~[spring-security-web-7.0.5.jar:7.0.5]
	at org.springframework.security.web.FilterChainProxy$VirtualFilterChain.doFilter(FilterChainProxy.java:385) ~[spring-security-web-7.0.5.jar:7.0.5]
	at org.springframework.security.web.csrf.CsrfFilter.doFilterInternal(CsrfFilter.java:118) ~[spring-security-web-7.0.5.jar:7.0.5]
	at org.springframework.web.filter.OncePerRequestFilter.doFilter(OncePerRequestFilter.java:116) ~[spring-web-7.0.7.jar:7.0.7]
	at org.springframework.security.web.FilterChainProxy$VirtualFilterChain.doFilter(FilterChainProxy.java:385) ~[spring-security-web-7.0.5.jar:7.0.5]
	at org.springframework.security.web.header.HeaderWriterFilter.doHeadersAfter(HeaderWriterFilter.java:90) ~[spring-security-web-7.0.5.jar:7.0.5]
	at org.springframework.security.web.header.HeaderWriterFilter.doFilterInternal(HeaderWriterFilter.java:75) ~[spring-security-web-7.0.5.jar:7.0.5]
	at org.springframework.web.filter.OncePerRequestFilter.doFilter(OncePerRequestFilter.java:116) ~[spring-web-7.0.7.jar:7.0.7]
	at org.springframework.security.web.FilterChainProxy$VirtualFilterChain.doFilter(FilterChainProxy.java:385) ~[spring-security-web-7.0.5.jar:7.0.5]
	at org.springframework.security.web.context.SecurityContextHolderFilter.doFilter(SecurityContextHolderFilter.java:82) ~[spring-security-web-7.0.5.jar:7.0.5]
	at org.springframework.security.web.context.SecurityContextHolderFilter.doFilter(SecurityContextHolderFilter.java:69) ~[spring-security-web-7.0.5.jar:7.0.5]
	at org.springframework.security.web.FilterChainProxy$VirtualFilterChain.doFilter(FilterChainProxy.java:385) ~[spring-security-web-7.0.5.jar:7.0.5]
	at org.springframework.security.web.context.request.async.WebAsyncManagerIntegrationFilter.doFilterInternal(WebAsyncManagerIntegrationFilter.java:62) ~[spring-security-web-7.0.5.jar:7.0.5]
	at org.springframework.web.filter.OncePerRequestFilter.doFilter(OncePerRequestFilter.java:116) ~[spring-web-7.0.7.jar:7.0.7]
	at org.springframework.security.web.FilterChainProxy$VirtualFilterChain.doFilter(FilterChainProxy.java:385) ~[spring-security-web-7.0.5.jar:7.0.5]
	at org.springframework.security.web.session.DisableEncodeUrlFilter.doFilterInternal(DisableEncodeUrlFilter.java:42) ~[spring-security-web-7.0.5.jar:7.0.5]
	at org.springframework.web.filter.OncePerRequestFilter.doFilter(OncePerRequestFilter.java:116) ~[spring-web-7.0.7.jar:7.0.7]
	at org.springframework.security.web.FilterChainProxy$VirtualFilterChain.doFilter(FilterChainProxy.java:385) ~[spring-security-web-7.0.5.jar:7.0.5]
	at org.springframework.security.web.FilterChainProxy.doFilterInternal(FilterChainProxy.java:237) ~[spring-security-web-7.0.5.jar:7.0.5]
	at org.springframework.security.web.FilterChainProxy.doFilter(FilterChainProxy.java:195) ~[spring-security-web-7.0.5.jar:7.0.5]
	at org.springframework.web.filter.CompositeFilter$VirtualFilterChain.doFilter(CompositeFilter.java:113) ~[spring-web-7.0.7.jar:7.0.7]
	at org.springframework.web.filter.ServletRequestPathFilter.doFilter(ServletRequestPathFilter.java:52) ~[spring-web-7.0.7.jar:7.0.7]
	at org.springframework.web.filter.CompositeFilter$VirtualFilterChain.doFilter(CompositeFilter.java:113) ~[spring-web-7.0.7.jar:7.0.7]
	at org.springframework.web.filter.CompositeFilter.doFilter(CompositeFilter.java:74) ~[spring-web-7.0.7.jar:7.0.7]
	at org.springframework.security.config.annotation.web.configuration.WebSecurityConfiguration$CompositeFilterChainProxy.doFilter(WebSecurityConfiguration.java:317) ~[spring-security-config-7.0.5.jar:7.0.5]
	at org.springframework.web.filter.DelegatingFilterProxy.invokeDelegate(DelegatingFilterProxy.java:355) ~[spring-web-7.0.7.jar:7.0.7]
	at org.springframework.web.filter.DelegatingFilterProxy.doFilter(DelegatingFilterProxy.java:272) ~[spring-web-7.0.7.jar:7.0.7]
	at org.apache.catalina.core.ApplicationFilterChain.doFilter(ApplicationFilterChain.java:107) ~[tomcat-embed-core-11.0.21.jar:11.0.21]
	at org.springframework.web.filter.RequestContextFilter.doFilterInternal(RequestContextFilter.java:100) ~[spring-web-7.0.7.jar:7.0.7]
	at org.springframework.web.filter.OncePerRequestFilter.doFilter(OncePerRequestFilter.java:116) ~[spring-web-7.0.7.jar:7.0.7]
	at org.apache.catalina.core.ApplicationFilterChain.doFilter(ApplicationFilterChain.java:107) ~[tomcat-embed-core-11.0.21.jar:11.0.21]
	at org.springframework.web.filter.FormContentFilter.doFilterInternal(FormContentFilter.java:93) ~[spring-web-7.0.7.jar:7.0.7]
	at org.springframework.web.filter.OncePerRequestFilter.doFilter(OncePerRequestFilter.java:116) ~[spring-web-7.0.7.jar:7.0.7]
	at org.apache.catalina.core.ApplicationFilterChain.doFilter(ApplicationFilterChain.java:107) ~[tomcat-embed-core-11.0.21.jar:11.0.21]
	at org.springframework.web.filter.CharacterEncodingFilter.doFilterInternal(CharacterEncodingFilter.java:199) ~[spring-web-7.0.7.jar:7.0.7]
	at org.springframework.web.filter.OncePerRequestFilter.doFilter(OncePerRequestFilter.java:116) ~[spring-web-7.0.7.jar:7.0.7]
	at org.apache.catalina.core.ApplicationFilterChain.doFilter(ApplicationFilterChain.java:107) ~[tomcat-embed-core-11.0.21.jar:11.0.21]
	at org.apache.catalina.core.StandardWrapperValve.invoke(StandardWrapperValve.java:165) ~[tomcat-embed-core-11.0.21.jar:11.0.21]
	at org.apache.catalina.core.StandardContextValve.invoke(StandardContextValve.java:77) ~[tomcat-embed-core-11.0.21.jar:11.0.21]
	at org.apache.catalina.authenticator.AuthenticatorBase.invoke(AuthenticatorBase.java:492) ~[tomcat-embed-core-11.0.21.jar:11.0.21]
	at org.apache.catalina.core.StandardHostValve.invoke(StandardHostValve.java:113) ~[tomcat-embed-core-11.0.21.jar:11.0.21]
	at org.apache.catalina.valves.ErrorReportValve.invoke(ErrorReportValve.java:83) ~[tomcat-embed-core-11.0.21.jar:11.0.21]
	at org.apache.catalina.core.StandardEngineValve.invoke(StandardEngineValve.java:72) ~[tomcat-embed-core-11.0.21.jar:11.0.21]
	at org.apache.catalina.connector.CoyoteAdapter.service(CoyoteAdapter.java:341) ~[tomcat-embed-core-11.0.21.jar:11.0.21]
	at org.apache.coyote.http11.Http11Processor.service(Http11Processor.java:397) ~[tomcat-embed-core-11.0.21.jar:11.0.21]
	at org.apache.coyote.AbstractProcessorLight.process(AbstractProcessorLight.java:63) ~[tomcat-embed-core-11.0.21.jar:11.0.21]
	at org.apache.coyote.AbstractProtocol$ConnectionHandler.process(AbstractProtocol.java:903) ~[tomcat-embed-core-11.0.21.jar:11.0.21]
	at org.apache.tomcat.util.net.NioEndpoint$SocketProcessor.doRun(NioEndpoint.java:1801) ~[tomcat-embed-core-11.0.21.jar:11.0.21]
	at org.apache.tomcat.util.net.SocketProcessorBase.run(SocketProcessorBase.java:52) ~[tomcat-embed-core-11.0.21.jar:11.0.21]
	at org.apache.tomcat.util.threads.ThreadPoolExecutor.runWorker(ThreadPoolExecutor.java:946) ~[tomcat-embed-core-11.0.21.jar:11.0.21]
	at org.apache.tomcat.util.threads.ThreadPoolExecutor$Worker.run(ThreadPoolExecutor.java:480) ~[tomcat-embed-core-11.0.21.jar:11.0.21]
	at org.apache.tomcat.util.threads.TaskThread$WrappingRunnable.run(TaskThread.java:57) ~[tomcat-embed-core-11.0.21.jar:11.0.21]
	at java.base/java.lang.Thread.run(Thread.java:1516) ~[na:na]

2026-08-10T15:16:41.773+05:30 ERROR 9812 --- [Bug Tracking System] [http-nio-8081-exec-9] a.e.ErrorMvcAutoConfiguration$StaticView : Cannot render error page for request [/bugs] and exception [An error happened during template parsing (template: "class path resource [templates/bugs/list.html]")] as the response has already been committed. As a result, the response may have the wrong status code.
2026-08-10T15:17:21.787+05:30 ERROR 9812 --- [Bug Tracking System] [http-nio-8081-exec-2] org.thymeleaf.TemplateEngine             : [THYMELEAF][http-nio-8081-exec-2] Exception processing template "bugs/list": An error happened during template parsing (template: "class path resource [templates/bugs/list.html]")

org.thymeleaf.exceptions.TemplateInputException: An error happened during template parsing (template: "class path resource [templates/bugs/list.html]")
	at org.thymeleaf.templateparser.markup.AbstractMarkupTemplateParser.parse(AbstractMarkupTemplateParser.java:241) ~[thymeleaf-3.1.5.RELEASE.jar:3.1.5.RELEASE]
	at org.thymeleaf.templateparser.markup.AbstractMarkupTemplateParser.parseStandalone(AbstractMarkupTemplateParser.java:100) ~[thymeleaf-3.1.5.RELEASE.jar:3.1.5.RELEASE]
	at org.thymeleaf.engine.TemplateManager.parseAndProcess(TemplateManager.java:666) ~[thymeleaf-3.1.5.RELEASE.jar:3.1.5.RELEASE]
	at org.thymeleaf.TemplateEngine.process(TemplateEngine.java:1103) ~[thymeleaf-3.1.5.RELEASE.jar:3.1.5.RELEASE]
	at org.thymeleaf.TemplateEngine.process(TemplateEngine.java:1077) ~[thymeleaf-3.1.5.RELEASE.jar:3.1.5.RELEASE]
	at org.thymeleaf.spring6.view.ThymeleafView.renderFragment(ThymeleafView.java:374) ~[thymeleaf-spring6-3.1.5.RELEASE.jar:3.1.5.RELEASE]
	at org.thymeleaf.spring6.view.ThymeleafView.render(ThymeleafView.java:193) ~[thymeleaf-spring6-3.1.5.RELEASE.jar:3.1.5.RELEASE]
	at org.springframework.web.servlet.DispatcherServlet.render(DispatcherServlet.java:1305) ~[spring-webmvc-7.0.7.jar:7.0.7]
	at org.springframework.web.servlet.DispatcherServlet.processDispatchResult(DispatcherServlet.java:1042) ~[spring-webmvc-7.0.7.jar:7.0.7]
	at org.springframework.web.servlet.DispatcherServlet.doDispatch(DispatcherServlet.java:980) ~[spring-webmvc-7.0.7.jar:7.0.7]
	at org.springframework.web.servlet.DispatcherServlet.doService(DispatcherServlet.java:866) ~[spring-webmvc-7.0.7.jar:7.0.7]
	at org.springframework.web.servlet.FrameworkServlet.processRequest(FrameworkServlet.java:1000) ~[spring-webmvc-7.0.7.jar:7.0.7]
	at org.springframework.web.servlet.FrameworkServlet.doGet(FrameworkServlet.java:892) ~[spring-webmvc-7.0.7.jar:7.0.7]
	at jakarta.servlet.http.HttpServlet.service(HttpServlet.java:622) ~[tomcat-embed-core-11.0.21.jar:6.1]
	at org.springframework.web.servlet.FrameworkServlet.service(FrameworkServlet.java:874) ~[spring-webmvc-7.0.7.jar:7.0.7]
	at jakarta.servlet.http.HttpServlet.service(HttpServlet.java:710) ~[tomcat-embed-core-11.0.21.jar:6.1]
	at org.apache.catalina.core.ApplicationFilterChain.doFilter(ApplicationFilterChain.java:128) ~[tomcat-embed-core-11.0.21.jar:11.0.21]
	at org.apache.tomcat.websocket.server.WsFilter.doFilter(WsFilter.java:53) ~[tomcat-embed-websocket-11.0.21.jar:11.0.21]
	at org.apache.catalina.core.ApplicationFilterChain.doFilter(ApplicationFilterChain.java:107) ~[tomcat-embed-core-11.0.21.jar:11.0.21]
	at org.springframework.web.filter.CompositeFilter$VirtualFilterChain.doFilter(CompositeFilter.java:108) ~[spring-web-7.0.7.jar:7.0.7]
	at org.springframework.security.web.FilterChainProxy.lambda$doFilterInternal$3(FilterChainProxy.java:235) ~[spring-security-web-7.0.5.jar:7.0.5]
	at org.springframework.security.web.FilterChainProxy$VirtualFilterChain.doFilter(FilterChainProxy.java:376) ~[spring-security-web-7.0.5.jar:7.0.5]
	at org.springframework.security.web.access.intercept.AuthorizationFilter.doFilter(AuthorizationFilter.java:101) ~[spring-security-web-7.0.5.jar:7.0.5]
	at org.springframework.security.web.FilterChainProxy$VirtualFilterChain.doFilter(FilterChainProxy.java:385) ~[spring-security-web-7.0.5.jar:7.0.5]
	at org.springframework.security.web.access.ExceptionTranslationFilter.doFilter(ExceptionTranslationFilter.java:126) ~[spring-security-web-7.0.5.jar:7.0.5]
	at org.springframework.security.web.access.ExceptionTranslationFilter.doFilter(ExceptionTranslationFilter.java:120) ~[spring-security-web-7.0.5.jar:7.0.5]
	at org.springframework.security.web.FilterChainProxy$VirtualFilterChain.doFilter(FilterChainProxy.java:385) ~[spring-security-web-7.0.5.jar:7.0.5]
	at org.springframework.security.web.session.SessionManagementFilter.doFilter(SessionManagementFilter.java:132) ~[spring-security-web-7.0.5.jar:7.0.5]
	at org.springframework.security.web.session.SessionManagementFilter.doFilter(SessionManagementFilter.java:86) ~[spring-security-web-7.0.5.jar:7.0.5]
	at org.springframework.security.web.FilterChainProxy$VirtualFilterChain.doFilter(FilterChainProxy.java:385) ~[spring-security-web-7.0.5.jar:7.0.5]
	at org.springframework.security.web.authentication.AnonymousAuthenticationFilter.doFilter(AnonymousAuthenticationFilter.java:100) ~[spring-security-web-7.0.5.jar:7.0.5]
	at org.springframework.security.web.FilterChainProxy$VirtualFilterChain.doFilter(FilterChainProxy.java:385) ~[spring-security-web-7.0.5.jar:7.0.5]
	at org.springframework.security.web.servletapi.SecurityContextHolderAwareRequestFilter.doFilter(SecurityContextHolderAwareRequestFilter.java:181) ~[spring-security-web-7.0.5.jar:7.0.5]
	at org.springframework.security.web.FilterChainProxy$VirtualFilterChain.doFilter(FilterChainProxy.java:385) ~[spring-security-web-7.0.5.jar:7.0.5]
	at org.springframework.security.web.savedrequest.RequestCacheAwareFilter.doFilter(RequestCacheAwareFilter.java:63) ~[spring-security-web-7.0.5.jar:7.0.5]
	at org.springframework.security.web.FilterChainProxy$VirtualFilterChain.doFilter(FilterChainProxy.java:385) ~[spring-security-web-7.0.5.jar:7.0.5]
	at org.springframework.security.web.session.ConcurrentSessionFilter.doFilter(ConcurrentSessionFilter.java:153) ~[spring-security-web-7.0.5.jar:7.0.5]
	at org.springframework.security.web.session.ConcurrentSessionFilter.doFilter(ConcurrentSessionFilter.java:131) ~[spring-security-web-7.0.5.jar:7.0.5]
	at org.springframework.security.web.FilterChainProxy$VirtualFilterChain.doFilter(FilterChainProxy.java:385) ~[spring-security-web-7.0.5.jar:7.0.5]
	at org.springframework.security.web.authentication.AbstractAuthenticationProcessingFilter.doFilter(AbstractAuthenticationProcessingFilter.java:245) ~[spring-security-web-7.0.5.jar:7.0.5]
	at org.springframework.security.web.authentication.AbstractAuthenticationProcessingFilter.doFilter(AbstractAuthenticationProcessingFilter.java:239) ~[spring-security-web-7.0.5.jar:7.0.5]
	at org.springframework.security.web.FilterChainProxy$VirtualFilterChain.doFilter(FilterChainProxy.java:385) ~[spring-security-web-7.0.5.jar:7.0.5]
	at org.springframework.security.web.authentication.logout.LogoutFilter.doFilter(LogoutFilter.java:110) ~[spring-security-web-7.0.5.jar:7.0.5]
	at org.springframework.security.web.authentication.logout.LogoutFilter.doFilter(LogoutFilter.java:96) ~[spring-security-web-7.0.5.jar:7.0.5]
	at org.springframework.security.web.FilterChainProxy$VirtualFilterChain.doFilter(FilterChainProxy.java:385) ~[spring-security-web-7.0.5.jar:7.0.5]
	at org.springframework.security.web.csrf.CsrfFilter.doFilterInternal(CsrfFilter.java:118) ~[spring-security-web-7.0.5.jar:7.0.5]
	at org.springframework.web.filter.OncePerRequestFilter.doFilter(OncePerRequestFilter.java:116) ~[spring-web-7.0.7.jar:7.0.7]
	at org.springframework.security.web.FilterChainProxy$VirtualFilterChain.doFilter(FilterChainProxy.java:385) ~[spring-security-web-7.0.5.jar:7.0.5]
	at org.springframework.security.web.header.HeaderWriterFilter.doHeadersAfter(HeaderWriterFilter.java:90) ~[spring-security-web-7.0.5.jar:7.0.5]
	at org.springframework.security.web.header.HeaderWriterFilter.doFilterInternal(HeaderWriterFilter.java:75) ~[spring-security-web-7.0.5.jar:7.0.5]
	at org.springframework.web.filter.OncePerRequestFilter.doFilter(OncePerRequestFilter.java:116) ~[spring-web-7.0.7.jar:7.0.7]
	at org.springframework.security.web.FilterChainProxy$VirtualFilterChain.doFilter(FilterChainProxy.java:385) ~[spring-security-web-7.0.5.jar:7.0.5]
	at org.springframework.security.web.context.SecurityContextHolderFilter.doFilter(SecurityContextHolderFilter.java:82) ~[spring-security-web-7.0.5.jar:7.0.5]
	at org.springframework.security.web.context.SecurityContextHolderFilter.doFilter(SecurityContextHolderFilter.java:69) ~[spring-security-web-7.0.5.jar:7.0.5]
	at org.springframework.security.web.FilterChainProxy$VirtualFilterChain.doFilter(FilterChainProxy.java:385) ~[spring-security-web-7.0.5.jar:7.0.5]
	at org.springframework.security.web.context.request.async.WebAsyncManagerIntegrationFilter.doFilterInternal(WebAsyncManagerIntegrationFilter.java:62) ~[spring-security-web-7.0.5.jar:7.0.5]
	at org.springframework.web.filter.OncePerRequestFilter.doFilter(OncePerRequestFilter.java:116) ~[spring-web-7.0.7.jar:7.0.7]
	at org.springframework.security.web.FilterChainProxy$VirtualFilterChain.doFilter(FilterChainProxy.java:385) ~[spring-security-web-7.0.5.jar:7.0.5]
	at org.springframework.security.web.session.DisableEncodeUrlFilter.doFilterInternal(DisableEncodeUrlFilter.java:42) ~[spring-security-web-7.0.5.jar:7.0.5]
	at org.springframework.web.filter.OncePerRequestFilter.doFilter(OncePerRequestFilter.java:116) ~[spring-web-7.0.7.jar:7.0.7]
	at org.springframework.security.web.FilterChainProxy$VirtualFilterChain.doFilter(FilterChainProxy.java:385) ~[spring-security-web-7.0.5.jar:7.0.5]
	at org.springframework.security.web.FilterChainProxy.doFilterInternal(FilterChainProxy.java:237) ~[spring-security-web-7.0.5.jar:7.0.5]
	at org.springframework.security.web.FilterChainProxy.doFilter(FilterChainProxy.java:195) ~[spring-security-web-7.0.5.jar:7.0.5]
	at org.springframework.web.filter.CompositeFilter$VirtualFilterChain.doFilter(CompositeFilter.java:113) ~[spring-web-7.0.7.jar:7.0.7]
	at org.springframework.web.filter.ServletRequestPathFilter.doFilter(ServletRequestPathFilter.java:52) ~[spring-web-7.0.7.jar:7.0.7]
	at org.springframework.web.filter.CompositeFilter$VirtualFilterChain.doFilter(CompositeFilter.java:113) ~[spring-web-7.0.7.jar:7.0.7]
	at org.springframework.web.filter.CompositeFilter.doFilter(CompositeFilter.java:74) ~[spring-web-7.0.7.jar:7.0.7]
	at org.springframework.security.config.annotation.web.configuration.WebSecurityConfiguration$CompositeFilterChainProxy.doFilter(WebSecurityConfiguration.java:317) ~[spring-security-config-7.0.5.jar:7.0.5]
	at org.springframework.web.filter.DelegatingFilterProxy.invokeDelegate(DelegatingFilterProxy.java:355) ~[spring-web-7.0.7.jar:7.0.7]
	at org.springframework.web.filter.DelegatingFilterProxy.doFilter(DelegatingFilterProxy.java:272) ~[spring-web-7.0.7.jar:7.0.7]
	at org.apache.catalina.core.ApplicationFilterChain.doFilter(ApplicationFilterChain.java:107) ~[tomcat-embed-core-11.0.21.jar:11.0.21]
	at org.springframework.web.filter.RequestContextFilter.doFilterInternal(RequestContextFilter.java:100) ~[spring-web-7.0.7.jar:7.0.7]
	at org.springframework.web.filter.OncePerRequestFilter.doFilter(OncePerRequestFilter.java:116) ~[spring-web-7.0.7.jar:7.0.7]
	at org.apache.catalina.core.ApplicationFilterChain.doFilter(ApplicationFilterChain.java:107) ~[tomcat-embed-core-11.0.21.jar:11.0.21]
	at org.springframework.web.filter.FormContentFilter.doFilterInternal(FormContentFilter.java:93) ~[spring-web-7.0.7.jar:7.0.7]
	at org.springframework.web.filter.OncePerRequestFilter.doFilter(OncePerRequestFilter.java:116) ~[spring-web-7.0.7.jar:7.0.7]
	at org.apache.catalina.core.ApplicationFilterChain.doFilter(ApplicationFilterChain.java:107) ~[tomcat-embed-core-11.0.21.jar:11.0.21]
	at org.springframework.web.filter.CharacterEncodingFilter.doFilterInternal(CharacterEncodingFilter.java:199) ~[spring-web-7.0.7.jar:7.0.7]
	at org.springframework.web.filter.OncePerRequestFilter.doFilter(OncePerRequestFilter.java:116) ~[spring-web-7.0.7.jar:7.0.7]
	at org.apache.catalina.core.ApplicationFilterChain.doFilter(ApplicationFilterChain.java:107) ~[tomcat-embed-core-11.0.21.jar:11.0.21]
	at org.apache.catalina.core.StandardWrapperValve.invoke(StandardWrapperValve.java:165) ~[tomcat-embed-core-11.0.21.jar:11.0.21]
	at org.apache.catalina.core.StandardContextValve.invoke(StandardContextValve.java:77) ~[tomcat-embed-core-11.0.21.jar:11.0.21]
	at org.apache.catalina.authenticator.AuthenticatorBase.invoke(AuthenticatorBase.java:492) ~[tomcat-embed-core-11.0.21.jar:11.0.21]
	at org.apache.catalina.core.StandardHostValve.invoke(StandardHostValve.java:113) ~[tomcat-embed-core-11.0.21.jar:11.0.21]
	at org.apache.catalina.valves.ErrorReportValve.invoke(ErrorReportValve.java:83) ~[tomcat-embed-core-11.0.21.jar:11.0.21]
	at org.apache.catalina.core.StandardEngineValve.invoke(StandardEngineValve.java:72) ~[tomcat-embed-core-11.0.21.jar:11.0.21]
	at org.apache.catalina.connector.CoyoteAdapter.service(CoyoteAdapter.java:341) ~[tomcat-embed-core-11.0.21.jar:11.0.21]
	at org.apache.coyote.http11.Http11Processor.service(Http11Processor.java:397) ~[tomcat-embed-core-11.0.21.jar:11.0.21]
	at org.apache.coyote.AbstractProcessorLight.process(AbstractProcessorLight.java:63) ~[tomcat-embed-core-11.0.21.jar:11.0.21]
	at org.apache.coyote.AbstractProtocol$ConnectionHandler.process(AbstractProtocol.java:903) ~[tomcat-embed-core-11.0.21.jar:11.0.21]
	at org.apache.tomcat.util.net.NioEndpoint$SocketProcessor.doRun(NioEndpoint.java:1801) ~[tomcat-embed-core-11.0.21.jar:11.0.21]
	at org.apache.tomcat.util.net.SocketProcessorBase.run(SocketProcessorBase.java:52) ~[tomcat-embed-core-11.0.21.jar:11.0.21]
	at org.apache.tomcat.util.threads.ThreadPoolExecutor.runWorker(ThreadPoolExecutor.java:946) ~[tomcat-embed-core-11.0.21.jar:11.0.21]
	at org.apache.tomcat.util.threads.ThreadPoolExecutor$Worker.run(ThreadPoolExecutor.java:480) ~[tomcat-embed-core-11.0.21.jar:11.0.21]
	at org.apache.tomcat.util.threads.TaskThread$WrappingRunnable.run(TaskThread.java:57) ~[tomcat-embed-core-11.0.21.jar:11.0.21]
	at java.base/java.lang.Thread.run(Thread.java:1516) ~[na:na]
Caused by: org.attoparser.ParseException: Error during execution of processor 'org.thymeleaf.standard.processor.StandardEachTagProcessor' (template: "bugs/list" - line 501, col 33)
	at org.attoparser.MarkupParser.parseDocument(MarkupParser.java:393) ~[attoparser-2.0.7.RELEASE.jar:2.0.7.RELEASE]
	at org.attoparser.MarkupParser.parse(MarkupParser.java:257) ~[attoparser-2.0.7.RELEASE.jar:2.0.7.RELEASE]
	at org.thymeleaf.templateparser.markup.AbstractMarkupTemplateParser.parse(AbstractMarkupTemplateParser.java:230) ~[thymeleaf-3.1.5.RELEASE.jar:3.1.5.RELEASE]
	... 95 common frames omitted
Caused by: org.thymeleaf.exceptions.TemplateProcessingException: Error during execution of processor 'org.thymeleaf.standard.processor.StandardEachTagProcessor' (template: "bugs/list" - line 501, col 33)
	at org.thymeleaf.processor.element.AbstractAttributeTagProcessor.doProcess(AbstractAttributeTagProcessor.java:117) ~[thymeleaf-3.1.5.RELEASE.jar:3.1.5.RELEASE]
	at org.thymeleaf.processor.element.AbstractElementTagProcessor.process(AbstractElementTagProcessor.java:95) ~[thymeleaf-3.1.5.RELEASE.jar:3.1.5.RELEASE]
	at org.thymeleaf.util.ProcessorConfigurationUtils$ElementTagProcessorWrapper.process(ProcessorConfigurationUtils.java:633) ~[thymeleaf-3.1.5.RELEASE.jar:3.1.5.RELEASE]
	at org.thymeleaf.engine.ProcessorTemplateHandler.handleOpenElement(ProcessorTemplateHandler.java:1314) ~[thymeleaf-3.1.5.RELEASE.jar:3.1.5.RELEASE]
	at org.thymeleaf.engine.TemplateHandlerAdapterMarkupHandler.handleOpenElementEnd(TemplateHandlerAdapterMarkupHandler.java:304) ~[thymeleaf-3.1.5.RELEASE.jar:3.1.5.RELEASE]
	at org.thymeleaf.templateparser.markup.InlinedOutputExpressionMarkupHandler$InlineMarkupAdapterPreProcessorHandler.handleOpenElementEnd(InlinedOutputExpressionMarkupHandler.java:278) ~[thymeleaf-3.1.5.RELEASE.jar:3.1.5.RELEASE]
	at org.thymeleaf.standard.inline.OutputExpressionInlinePreProcessorHandler.handleOpenElementEnd(OutputExpressionInlinePreProcessorHandler.java:186) ~[thymeleaf-3.1.5.RELEASE.jar:3.1.5.RELEASE]
	at org.thymeleaf.templateparser.markup.InlinedOutputExpressionMarkupHandler.handleOpenElementEnd(InlinedOutputExpressionMarkupHandler.java:124) ~[thymeleaf-3.1.5.RELEASE.jar:3.1.5.RELEASE]
	at org.attoparser.HtmlElement.handleOpenElementEnd(HtmlElement.java:109) ~[attoparser-2.0.7.RELEASE.jar:2.0.7.RELEASE]
	at org.attoparser.HtmlMarkupHandler.handleOpenElementEnd(HtmlMarkupHandler.java:297) ~[attoparser-2.0.7.RELEASE.jar:2.0.7.RELEASE]
	at org.attoparser.MarkupEventProcessorHandler.handleOpenElementEnd(MarkupEventProcessorHandler.java:402) ~[attoparser-2.0.7.RELEASE.jar:2.0.7.RELEASE]
	at org.attoparser.ParsingElementMarkupUtil.parseOpenElement(ParsingElementMarkupUtil.java:159) ~[attoparser-2.0.7.RELEASE.jar:2.0.7.RELEASE]
	at org.attoparser.MarkupParser.parseBuffer(MarkupParser.java:710) ~[attoparser-2.0.7.RELEASE.jar:2.0.7.RELEASE]
	at org.attoparser.MarkupParser.parseDocument(MarkupParser.java:301) ~[attoparser-2.0.7.RELEASE.jar:2.0.7.RELEASE]
	... 97 common frames omitted
Caused by: org.springframework.expression.spel.SpelParseException: Expression [#numbers.sequence(
                                              [[${ [[${ Math.max(1,
                                              currentPage-2) }]] }]],
                                              [[${ Math.min(totalPages,
                                              currentPage+2) }]])] @69: EL1043E: Unexpected token. Expected 'rsquare(])' but was 'lcurly({)'
	at org.springframework.expression.spel.standard.InternalSpelExpressionParser.internalException(InternalSpelExpressionParser.java:1057) ~[spring-expression-7.0.7.jar:7.0.7]
	at org.springframework.expression.spel.standard.InternalSpelExpressionParser.eatToken(InternalSpelExpressionParser.java:938) ~[spring-expression-7.0.7.jar:7.0.7]
	at org.springframework.expression.spel.standard.InternalSpelExpressionParser.maybeEatIndexer(InternalSpelExpressionParser.java:701) ~[spring-expression-7.0.7.jar:7.0.7]
	at org.springframework.expression.spel.standard.InternalSpelExpressionParser.eatStartNode(InternalSpelExpressionParser.java:530) ~[spring-expression-7.0.7.jar:7.0.7]
	at org.springframework.expression.spel.standard.InternalSpelExpressionParser.eatPrimaryExpression(InternalSpelExpressionParser.java:367) ~[spring-expression-7.0.7.jar:7.0.7]
	at org.springframework.expression.spel.standard.InternalSpelExpressionParser.eatUnaryExpression(InternalSpelExpressionParser.java:362) ~[spring-expression-7.0.7.jar:7.0.7]
	at org.springframework.expression.spel.standard.InternalSpelExpressionParser.eatPowerIncDecExpression(InternalSpelExpressionParser.java:316) ~[spring-expression-7.0.7.jar:7.0.7]
	at org.springframework.expression.spel.standard.InternalSpelExpressionParser.eatProductExpression(InternalSpelExpressionParser.java:295) ~[spring-expression-7.0.7.jar:7.0.7]
	at org.springframework.expression.spel.standard.InternalSpelExpressionParser.eatSumExpression(InternalSpelExpressionParser.java:278) ~[spring-expression-7.0.7.jar:7.0.7]
	at org.springframework.expression.spel.standard.InternalSpelExpressionParser.eatRelationalExpression(InternalSpelExpressionParser.java:233) ~[spring-expression-7.0.7.jar:7.0.7]
	at org.springframework.expression.spel.standard.InternalSpelExpressionParser.eatLogicalAndExpression(InternalSpelExpressionParser.java:221) ~[spring-expression-7.0.7.jar:7.0.7]
	at org.springframework.expression.spel.standard.InternalSpelExpressionParser.eatLogicalOrExpression(InternalSpelExpressionParser.java:209) ~[spring-expression-7.0.7.jar:7.0.7]
	at org.springframework.expression.spel.standard.InternalSpelExpressionParser.eatExpression(InternalSpelExpressionParser.java:171) ~[spring-expression-7.0.7.jar:7.0.7]
	at org.springframework.expression.spel.standard.InternalSpelExpressionParser.maybeEatIndexer(InternalSpelExpressionParser.java:697) ~[spring-expression-7.0.7.jar:7.0.7]
	at org.springframework.expression.spel.standard.InternalSpelExpressionParser.eatStartNode(InternalSpelExpressionParser.java:530) ~[spring-expression-7.0.7.jar:7.0.7]
	at org.springframework.expression.spel.standard.InternalSpelExpressionParser.eatPrimaryExpression(InternalSpelExpressionParser.java:367) ~[spring-expression-7.0.7.jar:7.0.7]
	at org.springframework.expression.spel.standard.InternalSpelExpressionParser.eatUnaryExpression(InternalSpelExpressionParser.java:362) ~[spring-expression-7.0.7.jar:7.0.7]
	at org.springframework.expression.spel.standard.InternalSpelExpressionParser.eatPowerIncDecExpression(InternalSpelExpressionParser.java:316) ~[spring-expression-7.0.7.jar:7.0.7]
	at org.springframework.expression.spel.standard.InternalSpelExpressionParser.eatProductExpression(InternalSpelExpressionParser.java:295) ~[spring-expression-7.0.7.jar:7.0.7]
	at org.springframework.expression.spel.standard.InternalSpelExpressionParser.eatSumExpression(InternalSpelExpressionParser.java:278) ~[spring-expression-7.0.7.jar:7.0.7]
	at org.springframework.expression.spel.standard.InternalSpelExpressionParser.eatRelationalExpression(InternalSpelExpressionParser.java:233) ~[spring-expression-7.0.7.jar:7.0.7]
	at org.springframework.expression.spel.standard.InternalSpelExpressionParser.eatLogicalAndExpression(InternalSpelExpressionParser.java:221) ~[spring-expression-7.0.7.jar:7.0.7]
	at org.springframework.expression.spel.standard.InternalSpelExpressionParser.eatLogicalOrExpression(InternalSpelExpressionParser.java:209) ~[spring-expression-7.0.7.jar:7.0.7]
	at org.springframework.expression.spel.standard.InternalSpelExpressionParser.eatExpression(InternalSpelExpressionParser.java:171) ~[spring-expression-7.0.7.jar:7.0.7]
	at org.springframework.expression.spel.standard.InternalSpelExpressionParser.consumeArguments(InternalSpelExpressionParser.java:485) ~[spring-expression-7.0.7.jar:7.0.7]
	at org.springframework.expression.spel.standard.InternalSpelExpressionParser.maybeEatMethodArgs(InternalSpelExpressionParser.java:455) ~[spring-expression-7.0.7.jar:7.0.7]
	at org.springframework.expression.spel.standard.InternalSpelExpressionParser.maybeEatMethodOrProperty(InternalSpelExpressionParser.java:771) ~[spring-expression-7.0.7.jar:7.0.7]
	at org.springframework.expression.spel.standard.InternalSpelExpressionParser.eatDottedNode(InternalSpelExpressionParser.java:412) ~[spring-expression-7.0.7.jar:7.0.7]
	at org.springframework.expression.spel.standard.InternalSpelExpressionParser.eatNode(InternalSpelExpressionParser.java:387) ~[spring-expression-7.0.7.jar:7.0.7]
	at org.springframework.expression.spel.standard.InternalSpelExpressionParser.eatPrimaryExpression(InternalSpelExpressionParser.java:369) ~[spring-expression-7.0.7.jar:7.0.7]
	at org.springframework.expression.spel.standard.InternalSpelExpressionParser.eatUnaryExpression(InternalSpelExpressionParser.java:362) ~[spring-expression-7.0.7.jar:7.0.7]
	at org.springframework.expression.spel.standard.InternalSpelExpressionParser.eatPowerIncDecExpression(InternalSpelExpressionParser.java:316) ~[spring-expression-7.0.7.jar:7.0.7]
	at org.springframework.expression.spel.standard.InternalSpelExpressionParser.eatProductExpression(InternalSpelExpressionParser.java:295) ~[spring-expression-7.0.7.jar:7.0.7]
	at org.springframework.expression.spel.standard.InternalSpelExpressionParser.eatSumExpression(InternalSpelExpressionParser.java:278) ~[spring-expression-7.0.7.jar:7.0.7]
	at org.springframework.expression.spel.standard.InternalSpelExpressionParser.eatRelationalExpression(InternalSpelExpressionParser.java:233) ~[spring-expression-7.0.7.jar:7.0.7]
	at org.springframework.expression.spel.standard.InternalSpelExpressionParser.eatLogicalAndExpression(InternalSpelExpressionParser.java:221) ~[spring-expression-7.0.7.jar:7.0.7]
	at org.springframework.expression.spel.standard.InternalSpelExpressionParser.eatLogicalOrExpression(InternalSpelExpressionParser.java:209) ~[spring-expression-7.0.7.jar:7.0.7]
	at org.springframework.expression.spel.standard.InternalSpelExpressionParser.eatExpression(InternalSpelExpressionParser.java:171) ~[spring-expression-7.0.7.jar:7.0.7]
	at org.springframework.expression.spel.standard.InternalSpelExpressionParser.doParseExpression(InternalSpelExpressionParser.java:141) ~[spring-expression-7.0.7.jar:7.0.7]
	at org.springframework.expression.spel.standard.SpelExpressionParser.doParseExpression(SpelExpressionParser.java:64) ~[spring-expression-7.0.7.jar:7.0.7]
	at org.springframework.expression.spel.standard.SpelExpressionParser.doParseExpression(SpelExpressionParser.java:35) ~[spring-expression-7.0.7.jar:7.0.7]
	at org.springframework.expression.common.TemplateAwareExpressionParser.parseExpression(TemplateAwareExpressionParser.java:63) ~[spring-expression-7.0.7.jar:7.0.7]
	at org.springframework.expression.common.TemplateAwareExpressionParser.parseExpression(TemplateAwareExpressionParser.java:52) ~[spring-expression-7.0.7.jar:7.0.7]
	at org.thymeleaf.spring6.expression.SPELVariableExpressionEvaluator.getExpression(SPELVariableExpressionEvaluator.java:383) ~[thymeleaf-spring6-3.1.5.RELEASE.jar:3.1.5.RELEASE]
	at org.thymeleaf.spring6.expression.SPELVariableExpressionEvaluator.obtainComputedSpelExpression(SPELVariableExpressionEvaluator.java:331) ~[thymeleaf-spring6-3.1.5.RELEASE.jar:3.1.5.RELEASE]
	at org.thymeleaf.spring6.expression.SPELVariableExpressionEvaluator.evaluate(SPELVariableExpressionEvaluator.java:159) ~[thymeleaf-spring6-3.1.5.RELEASE.jar:3.1.5.RELEASE]
	at org.thymeleaf.standard.expression.VariableExpression.executeVariableExpression(VariableExpression.java:166) ~[thymeleaf-3.1.5.RELEASE.jar:3.1.5.RELEASE]
	at org.thymeleaf.standard.expression.SimpleExpression.executeSimple(SimpleExpression.java:66) ~[thymeleaf-3.1.5.RELEASE.jar:3.1.5.RELEASE]
	at org.thymeleaf.standard.expression.Expression.execute(Expression.java:109) ~[thymeleaf-3.1.5.RELEASE.jar:3.1.5.RELEASE]
	at org.thymeleaf.standard.expression.Expression.execute(Expression.java:138) ~[thymeleaf-3.1.5.RELEASE.jar:3.1.5.RELEASE]
	at org.thymeleaf.standard.expression.Expression.execute(Expression.java:125) ~[thymeleaf-3.1.5.RELEASE.jar:3.1.5.RELEASE]
	at org.thymeleaf.standard.processor.StandardEachTagProcessor.doProcess(StandardEachTagProcessor.java:73) ~[thymeleaf-3.1.5.RELEASE.jar:3.1.5.RELEASE]
	at org.thymeleaf.processor.element.AbstractAttributeTagProcessor.doProcess(AbstractAttributeTagProcessor.java:74) ~[thymeleaf-3.1.5.RELEASE.jar:3.1.5.RELEASE]
	... 110 common frames omitted

2026-08-10T15:17:21.792+05:30 ERROR 9812 --- [Bug Tracking System] [http-nio-8081-exec-2] o.a.c.c.C.[.[.[/].[dispatcherServlet]    : Servlet.service() for servlet [dispatcherServlet] in context with path [] threw exception [Request processing failed: org.thymeleaf.exceptions.TemplateInputException: An error happened during template parsing (template: "class path resource [templates/bugs/list.html]")] with root cause

org.springframework.expression.spel.SpelParseException: Expression [#numbers.sequence(
                                              [[${ [[${ Math.max(1,
                                              currentPage-2) }]] }]],
                                              [[${ Math.min(totalPages,
                                              currentPage+2) }]])] @69: EL1043E: Unexpected token. Expected 'rsquare(])' but was 'lcurly({)'
	at org.springframework.expression.spel.standard.InternalSpelExpressionParser.internalException(InternalSpelExpressionParser.java:1057) ~[spring-expression-7.0.7.jar:7.0.7]
	at org.springframework.expression.spel.standard.InternalSpelExpressionParser.eatToken(InternalSpelExpressionParser.java:938) ~[spring-expression-7.0.7.jar:7.0.7]
	at org.springframework.expression.spel.standard.InternalSpelExpressionParser.maybeEatIndexer(InternalSpelExpressionParser.java:701) ~[spring-expression-7.0.7.jar:7.0.7]
	at org.springframework.expression.spel.standard.InternalSpelExpressionParser.eatStartNode(InternalSpelExpressionParser.java:530) ~[spring-expression-7.0.7.jar:7.0.7]
	at org.springframework.expression.spel.standard.InternalSpelExpressionParser.eatPrimaryExpression(InternalSpelExpressionParser.java:367) ~[spring-expression-7.0.7.jar:7.0.7]
	at org.springframework.expression.spel.standard.InternalSpelExpressionParser.eatUnaryExpression(InternalSpelExpressionParser.java:362) ~[spring-expression-7.0.7.jar:7.0.7]
	at org.springframework.expression.spel.standard.InternalSpelExpressionParser.eatPowerIncDecExpression(InternalSpelExpressionParser.java:316) ~[spring-expression-7.0.7.jar:7.0.7]
	at org.springframework.expression.spel.standard.InternalSpelExpressionParser.eatProductExpression(InternalSpelExpressionParser.java:295) ~[spring-expression-7.0.7.jar:7.0.7]
	at org.springframework.expression.spel.standard.InternalSpelExpressionParser.eatSumExpression(InternalSpelExpressionParser.java:278) ~[spring-expression-7.0.7.jar:7.0.7]
	at org.springframework.expression.spel.standard.InternalSpelExpressionParser.eatRelationalExpression(InternalSpelExpressionParser.java:233) ~[spring-expression-7.0.7.jar:7.0.7]
	at org.springframework.expression.spel.standard.InternalSpelExpressionParser.eatLogicalAndExpression(InternalSpelExpressionParser.java:221) ~[spring-expression-7.0.7.jar:7.0.7]
	at org.springframework.expression.spel.standard.InternalSpelExpressionParser.eatLogicalOrExpression(InternalSpelExpressionParser.java:209) ~[spring-expression-7.0.7.jar:7.0.7]
	at org.springframework.expression.spel.standard.InternalSpelExpressionParser.eatExpression(InternalSpelExpressionParser.java:171) ~[spring-expression-7.0.7.jar:7.0.7]
	at org.springframework.expression.spel.standard.InternalSpelExpressionParser.maybeEatIndexer(InternalSpelExpressionParser.java:697) ~[spring-expression-7.0.7.jar:7.0.7]
	at org.springframework.expression.spel.standard.InternalSpelExpressionParser.eatStartNode(InternalSpelExpressionParser.java:530) ~[spring-expression-7.0.7.jar:7.0.7]
	at org.springframework.expression.spel.standard.InternalSpelExpressionParser.eatPrimaryExpression(InternalSpelExpressionParser.java:367) ~[spring-expression-7.0.7.jar:7.0.7]
	at org.springframework.expression.spel.standard.InternalSpelExpressionParser.eatUnaryExpression(InternalSpelExpressionParser.java:362) ~[spring-expression-7.0.7.jar:7.0.7]
	at org.springframework.expression.spel.standard.InternalSpelExpressionParser.eatPowerIncDecExpression(InternalSpelExpressionParser.java:316) ~[spring-expression-7.0.7.jar:7.0.7]
	at org.springframework.expression.spel.standard.InternalSpelExpressionParser.eatProductExpression(InternalSpelExpressionParser.java:295) ~[spring-expression-7.0.7.jar:7.0.7]
	at org.springframework.expression.spel.standard.InternalSpelExpressionParser.eatSumExpression(InternalSpelExpressionParser.java:278) ~[spring-expression-7.0.7.jar:7.0.7]
	at org.springframework.expression.spel.standard.InternalSpelExpressionParser.eatRelationalExpression(InternalSpelExpressionParser.java:233) ~[spring-expression-7.0.7.jar:7.0.7]
	at org.springframework.expression.spel.standard.InternalSpelExpressionParser.eatLogicalAndExpression(InternalSpelExpressionParser.java:221) ~[spring-expression-7.0.7.jar:7.0.7]
	at org.springframework.expression.spel.standard.InternalSpelExpressionParser.eatLogicalOrExpression(InternalSpelExpressionParser.java:209) ~[spring-expression-7.0.7.jar:7.0.7]
	at org.springframework.expression.spel.standard.InternalSpelExpressionParser.eatExpression(InternalSpelExpressionParser.java:171) ~[spring-expression-7.0.7.jar:7.0.7]
	at org.springframework.expression.spel.standard.InternalSpelExpressionParser.consumeArguments(InternalSpelExpressionParser.java:485) ~[spring-expression-7.0.7.jar:7.0.7]
	at org.springframework.expression.spel.standard.InternalSpelExpressionParser.maybeEatMethodArgs(InternalSpelExpressionParser.java:455) ~[spring-expression-7.0.7.jar:7.0.7]
	at org.springframework.expression.spel.standard.InternalSpelExpressionParser.maybeEatMethodOrProperty(InternalSpelExpressionParser.java:771) ~[spring-expression-7.0.7.jar:7.0.7]
	at org.springframework.expression.spel.standard.InternalSpelExpressionParser.eatDottedNode(InternalSpelExpressionParser.java:412) ~[spring-expression-7.0.7.jar:7.0.7]
	at org.springframework.expression.spel.standard.InternalSpelExpressionParser.eatNode(InternalSpelExpressionParser.java:387) ~[spring-expression-7.0.7.jar:7.0.7]
	at org.springframework.expression.spel.standard.InternalSpelExpressionParser.eatPrimaryExpression(InternalSpelExpressionParser.java:369) ~[spring-expression-7.0.7.jar:7.0.7]
	at org.springframework.expression.spel.standard.InternalSpelExpressionParser.eatUnaryExpression(InternalSpelExpressionParser.java:362) ~[spring-expression-7.0.7.jar:7.0.7]
	at org.springframework.expression.spel.standard.InternalSpelExpressionParser.eatPowerIncDecExpression(InternalSpelExpressionParser.java:316) ~[spring-expression-7.0.7.jar:7.0.7]
	at org.springframework.expression.spel.standard.InternalSpelExpressionParser.eatProductExpression(InternalSpelExpressionParser.java:295) ~[spring-expression-7.0.7.jar:7.0.7]
	at org.springframework.expression.spel.standard.InternalSpelExpressionParser.eatSumExpression(InternalSpelExpressionParser.java:278) ~[spring-expression-7.0.7.jar:7.0.7]
	at org.springframework.expression.spel.standard.InternalSpelExpressionParser.eatRelationalExpression(InternalSpelExpressionParser.java:233) ~[spring-expression-7.0.7.jar:7.0.7]
	at org.springframework.expression.spel.standard.InternalSpelExpressionParser.eatLogicalAndExpression(InternalSpelExpressionParser.java:221) ~[spring-expression-7.0.7.jar:7.0.7]
	at org.springframework.expression.spel.standard.InternalSpelExpressionParser.eatLogicalOrExpression(InternalSpelExpressionParser.java:209) ~[spring-expression-7.0.7.jar:7.0.7]
	at org.springframework.expression.spel.standard.InternalSpelExpressionParser.eatExpression(InternalSpelExpressionParser.java:171) ~[spring-expression-7.0.7.jar:7.0.7]
	at org.springframework.expression.spel.standard.InternalSpelExpressionParser.doParseExpression(InternalSpelExpressionParser.java:141) ~[spring-expression-7.0.7.jar:7.0.7]
	at org.springframework.expression.spel.standard.SpelExpressionParser.doParseExpression(SpelExpressionParser.java:64) ~[spring-expression-7.0.7.jar:7.0.7]
	at org.springframework.expression.spel.standard.SpelExpressionParser.doParseExpression(SpelExpressionParser.java:35) ~[spring-expression-7.0.7.jar:7.0.7]
	at org.springframework.expression.common.TemplateAwareExpressionParser.parseExpression(TemplateAwareExpressionParser.java:63) ~[spring-expression-7.0.7.jar:7.0.7]
	at org.springframework.expression.common.TemplateAwareExpressionParser.parseExpression(TemplateAwareExpressionParser.java:52) ~[spring-expression-7.0.7.jar:7.0.7]
	at org.thymeleaf.spring6.expression.SPELVariableExpressionEvaluator.getExpression(SPELVariableExpressionEvaluator.java:383) ~[thymeleaf-spring6-3.1.5.RELEASE.jar:3.1.5.RELEASE]
	at org.thymeleaf.spring6.expression.SPELVariableExpressionEvaluator.obtainComputedSpelExpression(SPELVariableExpressionEvaluator.java:331) ~[thymeleaf-spring6-3.1.5.RELEASE.jar:3.1.5.RELEASE]
	at org.thymeleaf.spring6.expression.SPELVariableExpressionEvaluator.evaluate(SPELVariableExpressionEvaluator.java:159) ~[thymeleaf-spring6-3.1.5.RELEASE.jar:3.1.5.RELEASE]
	at org.thymeleaf.standard.expression.VariableExpression.executeVariableExpression(VariableExpression.java:166) ~[thymeleaf-3.1.5.RELEASE.jar:3.1.5.RELEASE]
	at org.thymeleaf.standard.expression.SimpleExpression.executeSimple(SimpleExpression.java:66) ~[thymeleaf-3.1.5.RELEASE.jar:3.1.5.RELEASE]
	at org.thymeleaf.standard.expression.Expression.execute(Expression.java:109) ~[thymeleaf-3.1.5.RELEASE.jar:3.1.5.RELEASE]
	at org.thymeleaf.standard.expression.Expression.execute(Expression.java:138) ~[thymeleaf-3.1.5.RELEASE.jar:3.1.5.RELEASE]
	at org.thymeleaf.standard.expression.Expression.execute(Expression.java:125) ~[thymeleaf-3.1.5.RELEASE.jar:3.1.5.RELEASE]
	at org.thymeleaf.standard.processor.StandardEachTagProcessor.doProcess(StandardEachTagProcessor.java:73) ~[thymeleaf-3.1.5.RELEASE.jar:3.1.5.RELEASE]
	at org.thymeleaf.processor.element.AbstractAttributeTagProcessor.doProcess(AbstractAttributeTagProcessor.java:74) ~[thymeleaf-3.1.5.RELEASE.jar:3.1.5.RELEASE]
	at org.thymeleaf.processor.element.AbstractElementTagProcessor.process(AbstractElementTagProcessor.java:95) ~[thymeleaf-3.1.5.RELEASE.jar:3.1.5.RELEASE]
	at org.thymeleaf.util.ProcessorConfigurationUtils$ElementTagProcessorWrapper.process(ProcessorConfigurationUtils.java:633) ~[thymeleaf-3.1.5.RELEASE.jar:3.1.5.RELEASE]
	at org.thymeleaf.engine.ProcessorTemplateHandler.handleOpenElement(ProcessorTemplateHandler.java:1314) ~[thymeleaf-3.1.5.RELEASE.jar:3.1.5.RELEASE]
	at org.thymeleaf.engine.TemplateHandlerAdapterMarkupHandler.handleOpenElementEnd(TemplateHandlerAdapterMarkupHandler.java:304) ~[thymeleaf-3.1.5.RELEASE.jar:3.1.5.RELEASE]
	at org.thymeleaf.templateparser.markup.InlinedOutputExpressionMarkupHandler$InlineMarkupAdapterPreProcessorHandler.handleOpenElementEnd(InlinedOutputExpressionMarkupHandler.java:278) ~[thymeleaf-3.1.5.RELEASE.jar:3.1.5.RELEASE]
	at org.thymeleaf.standard.inline.OutputExpressionInlinePreProcessorHandler.handleOpenElementEnd(OutputExpressionInlinePreProcessorHandler.java:186) ~[thymeleaf-3.1.5.RELEASE.jar:3.1.5.RELEASE]
	at org.thymeleaf.templateparser.markup.InlinedOutputExpressionMarkupHandler.handleOpenElementEnd(InlinedOutputExpressionMarkupHandler.java:124) ~[thymeleaf-3.1.5.RELEASE.jar:3.1.5.RELEASE]
	at org.attoparser.HtmlElement.handleOpenElementEnd(HtmlElement.java:109) ~[attoparser-2.0.7.RELEASE.jar:2.0.7.RELEASE]
	at org.attoparser.HtmlMarkupHandler.handleOpenElementEnd(HtmlMarkupHandler.java:297) ~[attoparser-2.0.7.RELEASE.jar:2.0.7.RELEASE]
	at org.attoparser.MarkupEventProcessorHandler.handleOpenElementEnd(MarkupEventProcessorHandler.java:402) ~[attoparser-2.0.7.RELEASE.jar:2.0.7.RELEASE]
	at org.attoparser.ParsingElementMarkupUtil.parseOpenElement(ParsingElementMarkupUtil.java:159) ~[attoparser-2.0.7.RELEASE.jar:2.0.7.RELEASE]
	at org.attoparser.MarkupParser.parseBuffer(MarkupParser.java:710) ~[attoparser-2.0.7.RELEASE.jar:2.0.7.RELEASE]
	at org.attoparser.MarkupParser.parseDocument(MarkupParser.java:301) ~[attoparser-2.0.7.RELEASE.jar:2.0.7.RELEASE]
	at org.attoparser.MarkupParser.parse(MarkupParser.java:257) ~[attoparser-2.0.7.RELEASE.jar:2.0.7.RELEASE]
	at org.thymeleaf.templateparser.markup.AbstractMarkupTemplateParser.parse(AbstractMarkupTemplateParser.java:230) ~[thymeleaf-3.1.5.RELEASE.jar:3.1.5.RELEASE]
	at org.thymeleaf.templateparser.markup.AbstractMarkupTemplateParser.parseStandalone(AbstractMarkupTemplateParser.java:100) ~[thymeleaf-3.1.5.RELEASE.jar:3.1.5.RELEASE]
	at org.thymeleaf.engine.TemplateManager.parseAndProcess(TemplateManager.java:666) ~[thymeleaf-3.1.5.RELEASE.jar:3.1.5.RELEASE]
	at org.thymeleaf.TemplateEngine.process(TemplateEngine.java:1103) ~[thymeleaf-3.1.5.RELEASE.jar:3.1.5.RELEASE]
	at org.thymeleaf.TemplateEngine.process(TemplateEngine.java:1077) ~[thymeleaf-3.1.5.RELEASE.jar:3.1.5.RELEASE]
	at org.thymeleaf.spring6.view.ThymeleafView.renderFragment(ThymeleafView.java:374) ~[thymeleaf-spring6-3.1.5.RELEASE.jar:3.1.5.RELEASE]
	at org.thymeleaf.spring6.view.ThymeleafView.render(ThymeleafView.java:193) ~[thymeleaf-spring6-3.1.5.RELEASE.jar:3.1.5.RELEASE]
	at org.springframework.web.servlet.DispatcherServlet.render(DispatcherServlet.java:1305) ~[spring-webmvc-7.0.7.jar:7.0.7]
	at org.springframework.web.servlet.DispatcherServlet.processDispatchResult(DispatcherServlet.java:1042) ~[spring-webmvc-7.0.7.jar:7.0.7]
	at org.springframework.web.servlet.DispatcherServlet.doDispatch(DispatcherServlet.java:980) ~[spring-webmvc-7.0.7.jar:7.0.7]
	at org.springframework.web.servlet.DispatcherServlet.doService(DispatcherServlet.java:866) ~[spring-webmvc-7.0.7.jar:7.0.7]
	at org.springframework.web.servlet.FrameworkServlet.processRequest(FrameworkServlet.java:1000) ~[spring-webmvc-7.0.7.jar:7.0.7]
	at org.springframework.web.servlet.FrameworkServlet.doGet(FrameworkServlet.java:892) ~[spring-webmvc-7.0.7.jar:7.0.7]
	at jakarta.servlet.http.HttpServlet.service(HttpServlet.java:622) ~[tomcat-embed-core-11.0.21.jar:6.1]
	at org.springframework.web.servlet.FrameworkServlet.service(FrameworkServlet.java:874) ~[spring-webmvc-7.0.7.jar:7.0.7]
	at jakarta.servlet.http.HttpServlet.service(HttpServlet.java:710) ~[tomcat-embed-core-11.0.21.jar:6.1]
	at org.apache.catalina.core.ApplicationFilterChain.doFilter(ApplicationFilterChain.java:128) ~[tomcat-embed-core-11.0.21.jar:11.0.21]
	at org.apache.tomcat.websocket.server.WsFilter.doFilter(WsFilter.java:53) ~[tomcat-embed-websocket-11.0.21.jar:11.0.21]
	at org.apache.catalina.core.ApplicationFilterChain.doFilter(ApplicationFilterChain.java:107) ~[tomcat-embed-core-11.0.21.jar:11.0.21]
	at org.springframework.web.filter.CompositeFilter$VirtualFilterChain.doFilter(CompositeFilter.java:108) ~[spring-web-7.0.7.jar:7.0.7]
	at org.springframework.security.web.FilterChainProxy.lambda$doFilterInternal$3(FilterChainProxy.java:235) ~[spring-security-web-7.0.5.jar:7.0.5]
	at org.springframework.security.web.FilterChainProxy$VirtualFilterChain.doFilter(FilterChainProxy.java:376) ~[spring-security-web-7.0.5.jar:7.0.5]
	at org.springframework.security.web.access.intercept.AuthorizationFilter.doFilter(AuthorizationFilter.java:101) ~[spring-security-web-7.0.5.jar:7.0.5]
	at org.springframework.security.web.FilterChainProxy$VirtualFilterChain.doFilter(FilterChainProxy.java:385) ~[spring-security-web-7.0.5.jar:7.0.5]
	at org.springframework.security.web.access.ExceptionTranslationFilter.doFilter(ExceptionTranslationFilter.java:126) ~[spring-security-web-7.0.5.jar:7.0.5]
	at org.springframework.security.web.access.ExceptionTranslationFilter.doFilter(ExceptionTranslationFilter.java:120) ~[spring-security-web-7.0.5.jar:7.0.5]
	at org.springframework.security.web.FilterChainProxy$VirtualFilterChain.doFilter(FilterChainProxy.java:385) ~[spring-security-web-7.0.5.jar:7.0.5]
	at org.springframework.security.web.session.SessionManagementFilter.doFilter(SessionManagementFilter.java:132) ~[spring-security-web-7.0.5.jar:7.0.5]
	at org.springframework.security.web.session.SessionManagementFilter.doFilter(SessionManagementFilter.java:86) ~[spring-security-web-7.0.5.jar:7.0.5]
	at org.springframework.security.web.FilterChainProxy$VirtualFilterChain.doFilter(FilterChainProxy.java:385) ~[spring-security-web-7.0.5.jar:7.0.5]
	at org.springframework.security.web.authentication.AnonymousAuthenticationFilter.doFilter(AnonymousAuthenticationFilter.java:100) ~[spring-security-web-7.0.5.jar:7.0.5]
	at org.springframework.security.web.FilterChainProxy$VirtualFilterChain.doFilter(FilterChainProxy.java:385) ~[spring-security-web-7.0.5.jar:7.0.5]
	at org.springframework.security.web.servletapi.SecurityContextHolderAwareRequestFilter.doFilter(SecurityContextHolderAwareRequestFilter.java:181) ~[spring-security-web-7.0.5.jar:7.0.5]
	at org.springframework.security.web.FilterChainProxy$VirtualFilterChain.doFilter(FilterChainProxy.java:385) ~[spring-security-web-7.0.5.jar:7.0.5]
	at org.springframework.security.web.savedrequest.RequestCacheAwareFilter.doFilter(RequestCacheAwareFilter.java:63) ~[spring-security-web-7.0.5.jar:7.0.5]
	at org.springframework.security.web.FilterChainProxy$VirtualFilterChain.doFilter(FilterChainProxy.java:385) ~[spring-security-web-7.0.5.jar:7.0.5]
	at org.springframework.security.web.session.ConcurrentSessionFilter.doFilter(ConcurrentSessionFilter.java:153) ~[spring-security-web-7.0.5.jar:7.0.5]
	at org.springframework.security.web.session.ConcurrentSessionFilter.doFilter(ConcurrentSessionFilter.java:131) ~[spring-security-web-7.0.5.jar:7.0.5]
	at org.springframework.security.web.FilterChainProxy$VirtualFilterChain.doFilter(FilterChainProxy.java:385) ~[spring-security-web-7.0.5.jar:7.0.5]
	at org.springframework.security.web.authentication.AbstractAuthenticationProcessingFilter.doFilter(AbstractAuthenticationProcessingFilter.java:245) ~[spring-security-web-7.0.5.jar:7.0.5]
	at org.springframework.security.web.authentication.AbstractAuthenticationProcessingFilter.doFilter(AbstractAuthenticationProcessingFilter.java:239) ~[spring-security-web-7.0.5.jar:7.0.5]
	at org.springframework.security.web.FilterChainProxy$VirtualFilterChain.doFilter(FilterChainProxy.java:385) ~[spring-security-web-7.0.5.jar:7.0.5]
	at org.springframework.security.web.authentication.logout.LogoutFilter.doFilter(LogoutFilter.java:110) ~[spring-security-web-7.0.5.jar:7.0.5]
	at org.springframework.security.web.authentication.logout.LogoutFilter.doFilter(LogoutFilter.java:96) ~[spring-security-web-7.0.5.jar:7.0.5]
	at org.springframework.security.web.FilterChainProxy$VirtualFilterChain.doFilter(FilterChainProxy.java:385) ~[spring-security-web-7.0.5.jar:7.0.5]
	at org.springframework.security.web.csrf.CsrfFilter.doFilterInternal(CsrfFilter.java:118) ~[spring-security-web-7.0.5.jar:7.0.5]
	at org.springframework.web.filter.OncePerRequestFilter.doFilter(OncePerRequestFilter.java:116) ~[spring-web-7.0.7.jar:7.0.7]
	at org.springframework.security.web.FilterChainProxy$VirtualFilterChain.doFilter(FilterChainProxy.java:385) ~[spring-security-web-7.0.5.jar:7.0.5]
	at org.springframework.security.web.header.HeaderWriterFilter.doHeadersAfter(HeaderWriterFilter.java:90) ~[spring-security-web-7.0.5.jar:7.0.5]
	at org.springframework.security.web.header.HeaderWriterFilter.doFilterInternal(HeaderWriterFilter.java:75) ~[spring-security-web-7.0.5.jar:7.0.5]
	at org.springframework.web.filter.OncePerRequestFilter.doFilter(OncePerRequestFilter.java:116) ~[spring-web-7.0.7.jar:7.0.7]
	at org.springframework.security.web.FilterChainProxy$VirtualFilterChain.doFilter(FilterChainProxy.java:385) ~[spring-security-web-7.0.5.jar:7.0.5]
	at org.springframework.security.web.context.SecurityContextHolderFilter.doFilter(SecurityContextHolderFilter.java:82) ~[spring-security-web-7.0.5.jar:7.0.5]
	at org.springframework.security.web.context.SecurityContextHolderFilter.doFilter(SecurityContextHolderFilter.java:69) ~[spring-security-web-7.0.5.jar:7.0.5]
	at org.springframework.security.web.FilterChainProxy$VirtualFilterChain.doFilter(FilterChainProxy.java:385) ~[spring-security-web-7.0.5.jar:7.0.5]
	at org.springframework.security.web.context.request.async.WebAsyncManagerIntegrationFilter.doFilterInternal(WebAsyncManagerIntegrationFilter.java:62) ~[spring-security-web-7.0.5.jar:7.0.5]
	at org.springframework.web.filter.OncePerRequestFilter.doFilter(OncePerRequestFilter.java:116) ~[spring-web-7.0.7.jar:7.0.7]
	at org.springframework.security.web.FilterChainProxy$VirtualFilterChain.doFilter(FilterChainProxy.java:385) ~[spring-security-web-7.0.5.jar:7.0.5]
	at org.springframework.security.web.session.DisableEncodeUrlFilter.doFilterInternal(DisableEncodeUrlFilter.java:42) ~[spring-security-web-7.0.5.jar:7.0.5]
	at org.springframework.web.filter.OncePerRequestFilter.doFilter(OncePerRequestFilter.java:116) ~[spring-web-7.0.7.jar:7.0.7]
	at org.springframework.security.web.FilterChainProxy$VirtualFilterChain.doFilter(FilterChainProxy.java:385) ~[spring-security-web-7.0.5.jar:7.0.5]
	at org.springframework.security.web.FilterChainProxy.doFilterInternal(FilterChainProxy.java:237) ~[spring-security-web-7.0.5.jar:7.0.5]
	at org.springframework.security.web.FilterChainProxy.doFilter(FilterChainProxy.java:195) ~[spring-security-web-7.0.5.jar:7.0.5]
	at org.springframework.web.filter.CompositeFilter$VirtualFilterChain.doFilter(CompositeFilter.java:113) ~[spring-web-7.0.7.jar:7.0.7]
	at org.springframework.web.filter.ServletRequestPathFilter.doFilter(ServletRequestPathFilter.java:52) ~[spring-web-7.0.7.jar:7.0.7]
	at org.springframework.web.filter.CompositeFilter$VirtualFilterChain.doFilter(CompositeFilter.java:113) ~[spring-web-7.0.7.jar:7.0.7]
	at org.springframework.web.filter.CompositeFilter.doFilter(CompositeFilter.java:74) ~[spring-web-7.0.7.jar:7.0.7]
	at org.springframework.security.config.annotation.web.configuration.WebSecurityConfiguration$CompositeFilterChainProxy.doFilter(WebSecurityConfiguration.java:317) ~[spring-security-config-7.0.5.jar:7.0.5]
	at org.springframework.web.filter.DelegatingFilterProxy.invokeDelegate(DelegatingFilterProxy.java:355) ~[spring-web-7.0.7.jar:7.0.7]
	at org.springframework.web.filter.DelegatingFilterProxy.doFilter(DelegatingFilterProxy.java:272) ~[spring-web-7.0.7.jar:7.0.7]
	at org.apache.catalina.core.ApplicationFilterChain.doFilter(ApplicationFilterChain.java:107) ~[tomcat-embed-core-11.0.21.jar:11.0.21]
	at org.springframework.web.filter.RequestContextFilter.doFilterInternal(RequestContextFilter.java:100) ~[spring-web-7.0.7.jar:7.0.7]
	at org.springframework.web.filter.OncePerRequestFilter.doFilter(OncePerRequestFilter.java:116) ~[spring-web-7.0.7.jar:7.0.7]
	at org.apache.catalina.core.ApplicationFilterChain.doFilter(ApplicationFilterChain.java:107) ~[tomcat-embed-core-11.0.21.jar:11.0.21]
	at org.springframework.web.filter.FormContentFilter.doFilterInternal(FormContentFilter.java:93) ~[spring-web-7.0.7.jar:7.0.7]
	at org.springframework.web.filter.OncePerRequestFilter.doFilter(OncePerRequestFilter.java:116) ~[spring-web-7.0.7.jar:7.0.7]
	at org.apache.catalina.core.ApplicationFilterChain.doFilter(ApplicationFilterChain.java:107) ~[tomcat-embed-core-11.0.21.jar:11.0.21]
	at org.springframework.web.filter.CharacterEncodingFilter.doFilterInternal(CharacterEncodingFilter.java:199) ~[spring-web-7.0.7.jar:7.0.7]
	at org.springframework.web.filter.OncePerRequestFilter.doFilter(OncePerRequestFilter.java:116) ~[spring-web-7.0.7.jar:7.0.7]
	at org.apache.catalina.core.ApplicationFilterChain.doFilter(ApplicationFilterChain.java:107) ~[tomcat-embed-core-11.0.21.jar:11.0.21]
	at org.apache.catalina.core.StandardWrapperValve.invoke(StandardWrapperValve.java:165) ~[tomcat-embed-core-11.0.21.jar:11.0.21]
	at org.apache.catalina.core.StandardContextValve.invoke(StandardContextValve.java:77) ~[tomcat-embed-core-11.0.21.jar:11.0.21]
	at org.apache.catalina.authenticator.AuthenticatorBase.invoke(AuthenticatorBase.java:492) ~[tomcat-embed-core-11.0.21.jar:11.0.21]
	at org.apache.catalina.core.StandardHostValve.invoke(StandardHostValve.java:113) ~[tomcat-embed-core-11.0.21.jar:11.0.21]
	at org.apache.catalina.valves.ErrorReportValve.invoke(ErrorReportValve.java:83) ~[tomcat-embed-core-11.0.21.jar:11.0.21]
	at org.apache.catalina.core.StandardEngineValve.invoke(StandardEngineValve.java:72) ~[tomcat-embed-core-11.0.21.jar:11.0.21]
	at org.apache.catalina.connector.CoyoteAdapter.service(CoyoteAdapter.java:341) ~[tomcat-embed-core-11.0.21.jar:11.0.21]
	at org.apache.coyote.http11.Http11Processor.service(Http11Processor.java:397) ~[tomcat-embed-core-11.0.21.jar:11.0.21]
	at org.apache.coyote.AbstractProcessorLight.process(AbstractProcessorLight.java:63) ~[tomcat-embed-core-11.0.21.jar:11.0.21]
	at org.apache.coyote.AbstractProtocol$ConnectionHandler.process(AbstractProtocol.java:903) ~[tomcat-embed-core-11.0.21.jar:11.0.21]
	at org.apache.tomcat.util.net.NioEndpoint$SocketProcessor.doRun(NioEndpoint.java:1801) ~[tomcat-embed-core-11.0.21.jar:11.0.21]
	at org.apache.tomcat.util.net.SocketProcessorBase.run(SocketProcessorBase.java:52) ~[tomcat-embed-core-11.0.21.jar:11.0.21]
	at org.apache.tomcat.util.threads.ThreadPoolExecutor.runWorker(ThreadPoolExecutor.java:946) ~[tomcat-embed-core-11.0.21.jar:11.0.21]
	at org.apache.tomcat.util.threads.ThreadPoolExecutor$Worker.run(ThreadPoolExecutor.java:480) ~[tomcat-embed-core-11.0.21.jar:11.0.21]
	at org.apache.tomcat.util.threads.TaskThread$WrappingRunnable.run(TaskThread.java:57) ~[tomcat-embed-core-11.0.21.jar:11.0.21]
	at java.base/java.lang.Thread.run(Thread.java:1516) ~[na:na]

2026-08-10T15:17:21.797+05:30 ERROR 9812 --- [Bug Tracking System] [http-nio-8081-exec-2] a.e.ErrorMvcAutoConfiguration$StaticView : Cannot render error page for request [/bugs] and exception [An error happened during template parsing (template: "class path resource [templates/bugs/list.html]")] as the response has already been committed. As a result, the response may have the wrong status code.
2026-08-10T15:17:42.836+05:30 ERROR 9812 --- [Bug Tracking System] [http-nio-8081-exec-4] org.thymeleaf.TemplateEngine             : [THYMELEAF][http-nio-8081-exec-4] Exception processing template "bugs/list": An error happened during template parsing (template: "class path resource [templates/bugs/list.html]")

org.thymeleaf.exceptions.TemplateInputException: An error happened during template parsing (template: "class path resource [templates/bugs/list.html]")
	at org.thymeleaf.templateparser.markup.AbstractMarkupTemplateParser.parse(AbstractMarkupTemplateParser.java:241) ~[thymeleaf-3.1.5.RELEASE.jar:3.1.5.RELEASE]
	at org.thymeleaf.templateparser.markup.AbstractMarkupTemplateParser.parseStandalone(AbstractMarkupTemplateParser.java:100) ~[thymeleaf-3.1.5.RELEASE.jar:3.1.5.RELEASE]
	at org.thymeleaf.engine.TemplateManager.parseAndProcess(TemplateManager.java:666) ~[thymeleaf-3.1.5.RELEASE.jar:3.1.5.RELEASE]
	at org.thymeleaf.TemplateEngine.process(TemplateEngine.java:1103) ~[thymeleaf-3.1.5.RELEASE.jar:3.1.5.RELEASE]
	at org.thymeleaf.TemplateEngine.process(TemplateEngine.java:1077) ~[thymeleaf-3.1.5.RELEASE.jar:3.1.5.RELEASE]
	at org.thymeleaf.spring6.view.ThymeleafView.renderFragment(ThymeleafView.java:374) ~[thymeleaf-spring6-3.1.5.RELEASE.jar:3.1.5.RELEASE]
	at org.thymeleaf.spring6.view.ThymeleafView.render(ThymeleafView.java:193) ~[thymeleaf-spring6-3.1.5.RELEASE.jar:3.1.5.RELEASE]
	at org.springframework.web.servlet.DispatcherServlet.render(DispatcherServlet.java:1305) ~[spring-webmvc-7.0.7.jar:7.0.7]
	at org.springframework.web.servlet.DispatcherServlet.processDispatchResult(DispatcherServlet.java:1042) ~[spring-webmvc-7.0.7.jar:7.0.7]
	at org.springframework.web.servlet.DispatcherServlet.doDispatch(DispatcherServlet.java:980) ~[spring-webmvc-7.0.7.jar:7.0.7]
	at org.springframework.web.servlet.DispatcherServlet.doService(DispatcherServlet.java:866) ~[spring-webmvc-7.0.7.jar:7.0.7]
	at org.springframework.web.servlet.FrameworkServlet.processRequest(FrameworkServlet.java:1000) ~[spring-webmvc-7.0.7.jar:7.0.7]
	at org.springframework.web.servlet.FrameworkServlet.doGet(FrameworkServlet.java:892) ~[spring-webmvc-7.0.7.jar:7.0.7]
	at jakarta.servlet.http.HttpServlet.service(HttpServlet.java:622) ~[tomcat-embed-core-11.0.21.jar:6.1]
	at org.springframework.web.servlet.FrameworkServlet.service(FrameworkServlet.java:874) ~[spring-webmvc-7.0.7.jar:7.0.7]
	at jakarta.servlet.http.HttpServlet.service(HttpServlet.java:710) ~[tomcat-embed-core-11.0.21.jar:6.1]
	at org.apache.catalina.core.ApplicationFilterChain.doFilter(ApplicationFilterChain.java:128) ~[tomcat-embed-core-11.0.21.jar:11.0.21]
	at org.apache.tomcat.websocket.server.WsFilter.doFilter(WsFilter.java:53) ~[tomcat-embed-websocket-11.0.21.jar:11.0.21]
	at org.apache.catalina.core.ApplicationFilterChain.doFilter(ApplicationFilterChain.java:107) ~[tomcat-embed-core-11.0.21.jar:11.0.21]
	at org.springframework.web.filter.CompositeFilter$VirtualFilterChain.doFilter(CompositeFilter.java:108) ~[spring-web-7.0.7.jar:7.0.7]
	at org.springframework.security.web.FilterChainProxy.lambda$doFilterInternal$3(FilterChainProxy.java:235) ~[spring-security-web-7.0.5.jar:7.0.5]
	at org.springframework.security.web.FilterChainProxy$VirtualFilterChain.doFilter(FilterChainProxy.java:376) ~[spring-security-web-7.0.5.jar:7.0.5]
	at org.springframework.security.web.access.intercept.AuthorizationFilter.doFilter(AuthorizationFilter.java:101) ~[spring-security-web-7.0.5.jar:7.0.5]
	at org.springframework.security.web.FilterChainProxy$VirtualFilterChain.doFilter(FilterChainProxy.java:385) ~[spring-security-web-7.0.5.jar:7.0.5]
	at org.springframework.security.web.access.ExceptionTranslationFilter.doFilter(ExceptionTranslationFilter.java:126) ~[spring-security-web-7.0.5.jar:7.0.5]
	at org.springframework.security.web.access.ExceptionTranslationFilter.doFilter(ExceptionTranslationFilter.java:120) ~[spring-security-web-7.0.5.jar:7.0.5]
	at org.springframework.security.web.FilterChainProxy$VirtualFilterChain.doFilter(FilterChainProxy.java:385) ~[spring-security-web-7.0.5.jar:7.0.5]
	at org.springframework.security.web.session.SessionManagementFilter.doFilter(SessionManagementFilter.java:132) ~[spring-security-web-7.0.5.jar:7.0.5]
	at org.springframework.security.web.session.SessionManagementFilter.doFilter(SessionManagementFilter.java:86) ~[spring-security-web-7.0.5.jar:7.0.5]
	at org.springframework.security.web.FilterChainProxy$VirtualFilterChain.doFilter(FilterChainProxy.java:385) ~[spring-security-web-7.0.5.jar:7.0.5]
	at org.springframework.security.web.authentication.AnonymousAuthenticationFilter.doFilter(AnonymousAuthenticationFilter.java:100) ~[spring-security-web-7.0.5.jar:7.0.5]
	at org.springframework.security.web.FilterChainProxy$VirtualFilterChain.doFilter(FilterChainProxy.java:385) ~[spring-security-web-7.0.5.jar:7.0.5]
	at org.springframework.security.web.servletapi.SecurityContextHolderAwareRequestFilter.doFilter(SecurityContextHolderAwareRequestFilter.java:181) ~[spring-security-web-7.0.5.jar:7.0.5]
	at org.springframework.security.web.FilterChainProxy$VirtualFilterChain.doFilter(FilterChainProxy.java:385) ~[spring-security-web-7.0.5.jar:7.0.5]
	at org.springframework.security.web.savedrequest.RequestCacheAwareFilter.doFilter(RequestCacheAwareFilter.java:63) ~[spring-security-web-7.0.5.jar:7.0.5]
	at org.springframework.security.web.FilterChainProxy$VirtualFilterChain.doFilter(FilterChainProxy.java:385) ~[spring-security-web-7.0.5.jar:7.0.5]
	at org.springframework.security.web.session.ConcurrentSessionFilter.doFilter(ConcurrentSessionFilter.java:153) ~[spring-security-web-7.0.5.jar:7.0.5]
	at org.springframework.security.web.session.ConcurrentSessionFilter.doFilter(ConcurrentSessionFilter.java:131) ~[spring-security-web-7.0.5.jar:7.0.5]
	at org.springframework.security.web.FilterChainProxy$VirtualFilterChain.doFilter(FilterChainProxy.java:385) ~[spring-security-web-7.0.5.jar:7.0.5]
	at org.springframework.security.web.authentication.AbstractAuthenticationProcessingFilter.doFilter(AbstractAuthenticationProcessingFilter.java:245) ~[spring-security-web-7.0.5.jar:7.0.5]
	at org.springframework.security.web.authentication.AbstractAuthenticationProcessingFilter.doFilter(AbstractAuthenticationProcessingFilter.java:239) ~[spring-security-web-7.0.5.jar:7.0.5]
	at org.springframework.security.web.FilterChainProxy$VirtualFilterChain.doFilter(FilterChainProxy.java:385) ~[spring-security-web-7.0.5.jar:7.0.5]
	at org.springframework.security.web.authentication.logout.LogoutFilter.doFilter(LogoutFilter.java:110) ~[spring-security-web-7.0.5.jar:7.0.5]
	at org.springframework.security.web.authentication.logout.LogoutFilter.doFilter(LogoutFilter.java:96) ~[spring-security-web-7.0.5.jar:7.0.5]
	at org.springframework.security.web.FilterChainProxy$VirtualFilterChain.doFilter(FilterChainProxy.java:385) ~[spring-security-web-7.0.5.jar:7.0.5]
	at org.springframework.security.web.csrf.CsrfFilter.doFilterInternal(CsrfFilter.java:118) ~[spring-security-web-7.0.5.jar:7.0.5]
	at org.springframework.web.filter.OncePerRequestFilter.doFilter(OncePerRequestFilter.java:116) ~[spring-web-7.0.7.jar:7.0.7]
	at org.springframework.security.web.FilterChainProxy$VirtualFilterChain.doFilter(FilterChainProxy.java:385) ~[spring-security-web-7.0.5.jar:7.0.5]
	at org.springframework.security.web.header.HeaderWriterFilter.doHeadersAfter(HeaderWriterFilter.java:90) ~[spring-security-web-7.0.5.jar:7.0.5]
	at org.springframework.security.web.header.HeaderWriterFilter.doFilterInternal(HeaderWriterFilter.java:75) ~[spring-security-web-7.0.5.jar:7.0.5]
	at org.springframework.web.filter.OncePerRequestFilter.doFilter(OncePerRequestFilter.java:116) ~[spring-web-7.0.7.jar:7.0.7]
	at org.springframework.security.web.FilterChainProxy$VirtualFilterChain.doFilter(FilterChainProxy.java:385) ~[spring-security-web-7.0.5.jar:7.0.5]
	at org.springframework.security.web.context.SecurityContextHolderFilter.doFilter(SecurityContextHolderFilter.java:82) ~[spring-security-web-7.0.5.jar:7.0.5]
	at org.springframework.security.web.context.SecurityContextHolderFilter.doFilter(SecurityContextHolderFilter.java:69) ~[spring-security-web-7.0.5.jar:7.0.5]
	at org.springframework.security.web.FilterChainProxy$VirtualFilterChain.doFilter(FilterChainProxy.java:385) ~[spring-security-web-7.0.5.jar:7.0.5]
	at org.springframework.security.web.context.request.async.WebAsyncManagerIntegrationFilter.doFilterInternal(WebAsyncManagerIntegrationFilter.java:62) ~[spring-security-web-7.0.5.jar:7.0.5]
	at org.springframework.web.filter.OncePerRequestFilter.doFilter(OncePerRequestFilter.java:116) ~[spring-web-7.0.7.jar:7.0.7]
	at org.springframework.security.web.FilterChainProxy$VirtualFilterChain.doFilter(FilterChainProxy.java:385) ~[spring-security-web-7.0.5.jar:7.0.5]
	at org.springframework.security.web.session.DisableEncodeUrlFilter.doFilterInternal(DisableEncodeUrlFilter.java:42) ~[spring-security-web-7.0.5.jar:7.0.5]
	at org.springframework.web.filter.OncePerRequestFilter.doFilter(OncePerRequestFilter.java:116) ~[spring-web-7.0.7.jar:7.0.7]
	at org.springframework.security.web.FilterChainProxy$VirtualFilterChain.doFilter(FilterChainProxy.java:385) ~[spring-security-web-7.0.5.jar:7.0.5]
	at org.springframework.security.web.FilterChainProxy.doFilterInternal(FilterChainProxy.java:237) ~[spring-security-web-7.0.5.jar:7.0.5]
	at org.springframework.security.web.FilterChainProxy.doFilter(FilterChainProxy.java:195) ~[spring-security-web-7.0.5.jar:7.0.5]
	at org.springframework.web.filter.CompositeFilter$VirtualFilterChain.doFilter(CompositeFilter.java:113) ~[spring-web-7.0.7.jar:7.0.7]
	at org.springframework.web.filter.ServletRequestPathFilter.doFilter(ServletRequestPathFilter.java:52) ~[spring-web-7.0.7.jar:7.0.7]
	at org.springframework.web.filter.CompositeFilter$VirtualFilterChain.doFilter(CompositeFilter.java:113) ~[spring-web-7.0.7.jar:7.0.7]
	at org.springframework.web.filter.CompositeFilter.doFilter(CompositeFilter.java:74) ~[spring-web-7.0.7.jar:7.0.7]
	at org.springframework.security.config.annotation.web.configuration.WebSecurityConfiguration$CompositeFilterChainProxy.doFilter(WebSecurityConfiguration.java:317) ~[spring-security-config-7.0.5.jar:7.0.5]
	at org.springframework.web.filter.DelegatingFilterProxy.invokeDelegate(DelegatingFilterProxy.java:355) ~[spring-web-7.0.7.jar:7.0.7]
	at org.springframework.web.filter.DelegatingFilterProxy.doFilter(DelegatingFilterProxy.java:272) ~[spring-web-7.0.7.jar:7.0.7]
	at org.apache.catalina.core.ApplicationFilterChain.doFilter(ApplicationFilterChain.java:107) ~[tomcat-embed-core-11.0.21.jar:11.0.21]
	at org.springframework.web.filter.RequestContextFilter.doFilterInternal(RequestContextFilter.java:100) ~[spring-web-7.0.7.jar:7.0.7]
	at org.springframework.web.filter.OncePerRequestFilter.doFilter(OncePerRequestFilter.java:116) ~[spring-web-7.0.7.jar:7.0.7]
	at org.apache.catalina.core.ApplicationFilterChain.doFilter(ApplicationFilterChain.java:107) ~[tomcat-embed-core-11.0.21.jar:11.0.21]
	at org.springframework.web.filter.FormContentFilter.doFilterInternal(FormContentFilter.java:93) ~[spring-web-7.0.7.jar:7.0.7]
	at org.springframework.web.filter.OncePerRequestFilter.doFilter(OncePerRequestFilter.java:116) ~[spring-web-7.0.7.jar:7.0.7]
	at org.apache.catalina.core.ApplicationFilterChain.doFilter(ApplicationFilterChain.java:107) ~[tomcat-embed-core-11.0.21.jar:11.0.21]
	at org.springframework.web.filter.CharacterEncodingFilter.doFilterInternal(CharacterEncodingFilter.java:199) ~[spring-web-7.0.7.jar:7.0.7]
	at org.springframework.web.filter.OncePerRequestFilter.doFilter(OncePerRequestFilter.java:116) ~[spring-web-7.0.7.jar:7.0.7]
	at org.apache.catalina.core.ApplicationFilterChain.doFilter(ApplicationFilterChain.java:107) ~[tomcat-embed-core-11.0.21.jar:11.0.21]
	at org.apache.catalina.core.StandardWrapperValve.invoke(StandardWrapperValve.java:165) ~[tomcat-embed-core-11.0.21.jar:11.0.21]
	at org.apache.catalina.core.StandardContextValve.invoke(StandardContextValve.java:77) ~[tomcat-embed-core-11.0.21.jar:11.0.21]
	at org.apache.catalina.authenticator.AuthenticatorBase.invoke(AuthenticatorBase.java:492) ~[tomcat-embed-core-11.0.21.jar:11.0.21]
	at org.apache.catalina.core.StandardHostValve.invoke(StandardHostValve.java:113) ~[tomcat-embed-core-11.0.21.jar:11.0.21]
	at org.apache.catalina.valves.ErrorReportValve.invoke(ErrorReportValve.java:83) ~[tomcat-embed-core-11.0.21.jar:11.0.21]
	at org.apache.catalina.core.StandardEngineValve.invoke(StandardEngineValve.java:72) ~[tomcat-embed-core-11.0.21.jar:11.0.21]
	at org.apache.catalina.connector.CoyoteAdapter.service(CoyoteAdapter.java:341) ~[tomcat-embed-core-11.0.21.jar:11.0.21]
	at org.apache.coyote.http11.Http11Processor.service(Http11Processor.java:397) ~[tomcat-embed-core-11.0.21.jar:11.0.21]
	at org.apache.coyote.AbstractProcessorLight.process(AbstractProcessorLight.java:63) ~[tomcat-embed-core-11.0.21.jar:11.0.21]
	at org.apache.coyote.AbstractProtocol$ConnectionHandler.process(AbstractProtocol.java:903) ~[tomcat-embed-core-11.0.21.jar:11.0.21]
	at org.apache.tomcat.util.net.NioEndpoint$SocketProcessor.doRun(NioEndpoint.java:1801) ~[tomcat-embed-core-11.0.21.jar:11.0.21]
	at org.apache.tomcat.util.net.SocketProcessorBase.run(SocketProcessorBase.java:52) ~[tomcat-embed-core-11.0.21.jar:11.0.21]
	at org.apache.tomcat.util.threads.ThreadPoolExecutor.runWorker(ThreadPoolExecutor.java:946) ~[tomcat-embed-core-11.0.21.jar:11.0.21]
	at org.apache.tomcat.util.threads.ThreadPoolExecutor$Worker.run(ThreadPoolExecutor.java:480) ~[tomcat-embed-core-11.0.21.jar:11.0.21]
	at org.apache.tomcat.util.threads.TaskThread$WrappingRunnable.run(TaskThread.java:57) ~[tomcat-embed-core-11.0.21.jar:11.0.21]
	at java.base/java.lang.Thread.run(Thread.java:1516) ~[na:na]
Caused by: org.attoparser.ParseException: Error during execution of processor 'org.thymeleaf.standard.processor.StandardEachTagProcessor' (template: "bugs/list" - line 501, col 33)
	at org.attoparser.MarkupParser.parseDocument(MarkupParser.java:393) ~[attoparser-2.0.7.RELEASE.jar:2.0.7.RELEASE]
	at org.attoparser.MarkupParser.parse(MarkupParser.java:257) ~[attoparser-2.0.7.RELEASE.jar:2.0.7.RELEASE]
	at org.thymeleaf.templateparser.markup.AbstractMarkupTemplateParser.parse(AbstractMarkupTemplateParser.java:230) ~[thymeleaf-3.1.5.RELEASE.jar:3.1.5.RELEASE]
	... 95 common frames omitted
Caused by: org.thymeleaf.exceptions.TemplateProcessingException: Error during execution of processor 'org.thymeleaf.standard.processor.StandardEachTagProcessor' (template: "bugs/list" - line 501, col 33)
	at org.thymeleaf.processor.element.AbstractAttributeTagProcessor.doProcess(AbstractAttributeTagProcessor.java:117) ~[thymeleaf-3.1.5.RELEASE.jar:3.1.5.RELEASE]
	at org.thymeleaf.processor.element.AbstractElementTagProcessor.process(AbstractElementTagProcessor.java:95) ~[thymeleaf-3.1.5.RELEASE.jar:3.1.5.RELEASE]
	at org.thymeleaf.util.ProcessorConfigurationUtils$ElementTagProcessorWrapper.process(ProcessorConfigurationUtils.java:633) ~[thymeleaf-3.1.5.RELEASE.jar:3.1.5.RELEASE]
	at org.thymeleaf.engine.ProcessorTemplateHandler.handleOpenElement(ProcessorTemplateHandler.java:1314) ~[thymeleaf-3.1.5.RELEASE.jar:3.1.5.RELEASE]
	at org.thymeleaf.engine.TemplateHandlerAdapterMarkupHandler.handleOpenElementEnd(TemplateHandlerAdapterMarkupHandler.java:304) ~[thymeleaf-3.1.5.RELEASE.jar:3.1.5.RELEASE]
	at org.thymeleaf.templateparser.markup.InlinedOutputExpressionMarkupHandler$InlineMarkupAdapterPreProcessorHandler.handleOpenElementEnd(InlinedOutputExpressionMarkupHandler.java:278) ~[thymeleaf-3.1.5.RELEASE.jar:3.1.5.RELEASE]
	at org.thymeleaf.standard.inline.OutputExpressionInlinePreProcessorHandler.handleOpenElementEnd(OutputExpressionInlinePreProcessorHandler.java:186) ~[thymeleaf-3.1.5.RELEASE.jar:3.1.5.RELEASE]
	at org.thymeleaf.templateparser.markup.InlinedOutputExpressionMarkupHandler.handleOpenElementEnd(InlinedOutputExpressionMarkupHandler.java:124) ~[thymeleaf-3.1.5.RELEASE.jar:3.1.5.RELEASE]
	at org.attoparser.HtmlElement.handleOpenElementEnd(HtmlElement.java:109) ~[attoparser-2.0.7.RELEASE.jar:2.0.7.RELEASE]
	at org.attoparser.HtmlMarkupHandler.handleOpenElementEnd(HtmlMarkupHandler.java:297) ~[attoparser-2.0.7.RELEASE.jar:2.0.7.RELEASE]
	at org.attoparser.MarkupEventProcessorHandler.handleOpenElementEnd(MarkupEventProcessorHandler.java:402) ~[attoparser-2.0.7.RELEASE.jar:2.0.7.RELEASE]
	at org.attoparser.ParsingElementMarkupUtil.parseOpenElement(ParsingElementMarkupUtil.java:159) ~[attoparser-2.0.7.RELEASE.jar:2.0.7.RELEASE]
	at org.attoparser.MarkupParser.parseBuffer(MarkupParser.java:710) ~[attoparser-2.0.7.RELEASE.jar:2.0.7.RELEASE]
	at org.attoparser.MarkupParser.parseDocument(MarkupParser.java:301) ~[attoparser-2.0.7.RELEASE.jar:2.0.7.RELEASE]
	... 97 common frames omitted
Caused by: org.springframework.expression.spel.SpelParseException: Expression [#numbers.sequence(
                                              [[${ [[${ Math.max(1,
                                              currentPage-2) }]] }]],
                                              [[${ Math.min(totalPages,
                                              currentPage+2) }]])] @69: EL1043E: Unexpected token. Expected 'rsquare(])' but was 'lcurly({)'
	at org.springframework.expression.spel.standard.InternalSpelExpressionParser.internalException(InternalSpelExpressionParser.java:1057) ~[spring-expression-7.0.7.jar:7.0.7]
	at org.springframework.expression.spel.standard.InternalSpelExpressionParser.eatToken(InternalSpelExpressionParser.java:938) ~[spring-expression-7.0.7.jar:7.0.7]
	at org.springframework.expression.spel.standard.InternalSpelExpressionParser.maybeEatIndexer(InternalSpelExpressionParser.java:701) ~[spring-expression-7.0.7.jar:7.0.7]
	at org.springframework.expression.spel.standard.InternalSpelExpressionParser.eatStartNode(InternalSpelExpressionParser.java:530) ~[spring-expression-7.0.7.jar:7.0.7]
	at org.springframework.expression.spel.standard.InternalSpelExpressionParser.eatPrimaryExpression(InternalSpelExpressionParser.java:367) ~[spring-expression-7.0.7.jar:7.0.7]
	at org.springframework.expression.spel.standard.InternalSpelExpressionParser.eatUnaryExpression(InternalSpelExpressionParser.java:362) ~[spring-expression-7.0.7.jar:7.0.7]
	at org.springframework.expression.spel.standard.InternalSpelExpressionParser.eatPowerIncDecExpression(InternalSpelExpressionParser.java:316) ~[spring-expression-7.0.7.jar:7.0.7]
	at org.springframework.expression.spel.standard.InternalSpelExpressionParser.eatProductExpression(InternalSpelExpressionParser.java:295) ~[spring-expression-7.0.7.jar:7.0.7]
	at org.springframework.expression.spel.standard.InternalSpelExpressionParser.eatSumExpression(InternalSpelExpressionParser.java:278) ~[spring-expression-7.0.7.jar:7.0.7]
	at org.springframework.expression.spel.standard.InternalSpelExpressionParser.eatRelationalExpression(InternalSpelExpressionParser.java:233) ~[spring-expression-7.0.7.jar:7.0.7]
	at org.springframework.expression.spel.standard.InternalSpelExpressionParser.eatLogicalAndExpression(InternalSpelExpressionParser.java:221) ~[spring-expression-7.0.7.jar:7.0.7]
	at org.springframework.expression.spel.standard.InternalSpelExpressionParser.eatLogicalOrExpression(InternalSpelExpressionParser.java:209) ~[spring-expression-7.0.7.jar:7.0.7]
	at org.springframework.expression.spel.standard.InternalSpelExpressionParser.eatExpression(InternalSpelExpressionParser.java:171) ~[spring-expression-7.0.7.jar:7.0.7]
	at org.springframework.expression.spel.standard.InternalSpelExpressionParser.maybeEatIndexer(InternalSpelExpressionParser.java:697) ~[spring-expression-7.0.7.jar:7.0.7]
	at org.springframework.expression.spel.standard.InternalSpelExpressionParser.eatStartNode(InternalSpelExpressionParser.java:530) ~[spring-expression-7.0.7.jar:7.0.7]
	at org.springframework.expression.spel.standard.InternalSpelExpressionParser.eatPrimaryExpression(InternalSpelExpressionParser.java:367) ~[spring-expression-7.0.7.jar:7.0.7]
	at org.springframework.expression.spel.standard.InternalSpelExpressionParser.eatUnaryExpression(InternalSpelExpressionParser.java:362) ~[spring-expression-7.0.7.jar:7.0.7]
	at org.springframework.expression.spel.standard.InternalSpelExpressionParser.eatPowerIncDecExpression(InternalSpelExpressionParser.java:316) ~[spring-expression-7.0.7.jar:7.0.7]
	at org.springframework.expression.spel.standard.InternalSpelExpressionParser.eatProductExpression(InternalSpelExpressionParser.java:295) ~[spring-expression-7.0.7.jar:7.0.7]
	at org.springframework.expression.spel.standard.InternalSpelExpressionParser.eatSumExpression(InternalSpelExpressionParser.java:278) ~[spring-expression-7.0.7.jar:7.0.7]
	at org.springframework.expression.spel.standard.InternalSpelExpressionParser.eatRelationalExpression(InternalSpelExpressionParser.java:233) ~[spring-expression-7.0.7.jar:7.0.7]
	at org.springframework.expression.spel.standard.InternalSpelExpressionParser.eatLogicalAndExpression(InternalSpelExpressionParser.java:221) ~[spring-expression-7.0.7.jar:7.0.7]
	at org.springframework.expression.spel.standard.InternalSpelExpressionParser.eatLogicalOrExpression(InternalSpelExpressionParser.java:209) ~[spring-expression-7.0.7.jar:7.0.7]
	at org.springframework.expression.spel.standard.InternalSpelExpressionParser.eatExpression(InternalSpelExpressionParser.java:171) ~[spring-expression-7.0.7.jar:7.0.7]
	at org.springframework.expression.spel.standard.InternalSpelExpressionParser.consumeArguments(InternalSpelExpressionParser.java:485) ~[spring-expression-7.0.7.jar:7.0.7]
	at org.springframework.expression.spel.standard.InternalSpelExpressionParser.maybeEatMethodArgs(InternalSpelExpressionParser.java:455) ~[spring-expression-7.0.7.jar:7.0.7]
	at org.springframework.expression.spel.standard.InternalSpelExpressionParser.maybeEatMethodOrProperty(InternalSpelExpressionParser.java:771) ~[spring-expression-7.0.7.jar:7.0.7]
	at org.springframework.expression.spel.standard.InternalSpelExpressionParser.eatDottedNode(InternalSpelExpressionParser.java:412) ~[spring-expression-7.0.7.jar:7.0.7]
	at org.springframework.expression.spel.standard.InternalSpelExpressionParser.eatNode(InternalSpelExpressionParser.java:387) ~[spring-expression-7.0.7.jar:7.0.7]
	at org.springframework.expression.spel.standard.InternalSpelExpressionParser.eatPrimaryExpression(InternalSpelExpressionParser.java:369) ~[spring-expression-7.0.7.jar:7.0.7]
	at org.springframework.expression.spel.standard.InternalSpelExpressionParser.eatUnaryExpression(InternalSpelExpressionParser.java:362) ~[spring-expression-7.0.7.jar:7.0.7]
	at org.springframework.expression.spel.standard.InternalSpelExpressionParser.eatPowerIncDecExpression(InternalSpelExpressionParser.java:316) ~[spring-expression-7.0.7.jar:7.0.7]
	at org.springframework.expression.spel.standard.InternalSpelExpressionParser.eatProductExpression(InternalSpelExpressionParser.java:295) ~[spring-expression-7.0.7.jar:7.0.7]
	at org.springframework.expression.spel.standard.InternalSpelExpressionParser.eatSumExpression(InternalSpelExpressionParser.java:278) ~[spring-expression-7.0.7.jar:7.0.7]
	at org.springframework.expression.spel.standard.InternalSpelExpressionParser.eatRelationalExpression(InternalSpelExpressionParser.java:233) ~[spring-expression-7.0.7.jar:7.0.7]
	at org.springframework.expression.spel.standard.InternalSpelExpressionParser.eatLogicalAndExpression(InternalSpelExpressionParser.java:221) ~[spring-expression-7.0.7.jar:7.0.7]
	at org.springframework.expression.spel.standard.InternalSpelExpressionParser.eatLogicalOrExpression(InternalSpelExpressionParser.java:209) ~[spring-expression-7.0.7.jar:7.0.7]
	at org.springframework.expression.spel.standard.InternalSpelExpressionParser.eatExpression(InternalSpelExpressionParser.java:171) ~[spring-expression-7.0.7.jar:7.0.7]
	at org.springframework.expression.spel.standard.InternalSpelExpressionParser.doParseExpression(InternalSpelExpressionParser.java:141) ~[spring-expression-7.0.7.jar:7.0.7]
	at org.springframework.expression.spel.standard.SpelExpressionParser.doParseExpression(SpelExpressionParser.java:64) ~[spring-expression-7.0.7.jar:7.0.7]
	at org.springframework.expression.spel.standard.SpelExpressionParser.doParseExpression(SpelExpressionParser.java:35) ~[spring-expression-7.0.7.jar:7.0.7]
	at org.springframework.expression.common.TemplateAwareExpressionParser.parseExpression(TemplateAwareExpressionParser.java:63) ~[spring-expression-7.0.7.jar:7.0.7]
	at org.springframework.expression.common.TemplateAwareExpressionParser.parseExpression(TemplateAwareExpressionParser.java:52) ~[spring-expression-7.0.7.jar:7.0.7]
	at org.thymeleaf.spring6.expression.SPELVariableExpressionEvaluator.getExpression(SPELVariableExpressionEvaluator.java:383) ~[thymeleaf-spring6-3.1.5.RELEASE.jar:3.1.5.RELEASE]
	at org.thymeleaf.spring6.expression.SPELVariableExpressionEvaluator.obtainComputedSpelExpression(SPELVariableExpressionEvaluator.java:331) ~[thymeleaf-spring6-3.1.5.RELEASE.jar:3.1.5.RELEASE]
	at org.thymeleaf.spring6.expression.SPELVariableExpressionEvaluator.evaluate(SPELVariableExpressionEvaluator.java:159) ~[thymeleaf-spring6-3.1.5.RELEASE.jar:3.1.5.RELEASE]
	at org.thymeleaf.standard.expression.VariableExpression.executeVariableExpression(VariableExpression.java:166) ~[thymeleaf-3.1.5.RELEASE.jar:3.1.5.RELEASE]
	at org.thymeleaf.standard.expression.SimpleExpression.executeSimple(SimpleExpression.java:66) ~[thymeleaf-3.1.5.RELEASE.jar:3.1.5.RELEASE]
	at org.thymeleaf.standard.expression.Expression.execute(Expression.java:109) ~[thymeleaf-3.1.5.RELEASE.jar:3.1.5.RELEASE]
	at org.thymeleaf.standard.expression.Expression.execute(Expression.java:138) ~[thymeleaf-3.1.5.RELEASE.jar:3.1.5.RELEASE]
	at org.thymeleaf.standard.expression.Expression.execute(Expression.java:125) ~[thymeleaf-3.1.5.RELEASE.jar:3.1.5.RELEASE]
	at org.thymeleaf.standard.processor.StandardEachTagProcessor.doProcess(StandardEachTagProcessor.java:73) ~[thymeleaf-3.1.5.RELEASE.jar:3.1.5.RELEASE]
	at org.thymeleaf.processor.element.AbstractAttributeTagProcessor.doProcess(AbstractAttributeTagProcessor.java:74) ~[thymeleaf-3.1.5.RELEASE.jar:3.1.5.RELEASE]
	... 110 common frames omitted

2026-08-10T15:17:42.839+05:30 ERROR 9812 --- [Bug Tracking System] [http-nio-8081-exec-4] o.a.c.c.C.[.[.[/].[dispatcherServlet]    : Servlet.service() for servlet [dispatcherServlet] in context with path [] threw exception [Request processing failed: org.thymeleaf.exceptions.TemplateInputException: An error happened during template parsing (template: "class path resource [templates/bugs/list.html]")] with root cause

org.springframework.expression.spel.SpelParseException: Expression [#numbers.sequence(
                                              [[${ [[${ Math.max(1,
                                              currentPage-2) }]] }]],
                                              [[${ Math.min(totalPages,
                                              currentPage+2) }]])] @69: EL1043E: Unexpected token. Expected 'rsquare(])' but was 'lcurly({)'
	at org.springframework.expression.spel.standard.InternalSpelExpressionParser.internalException(InternalSpelExpressionParser.java:1057) ~[spring-expression-7.0.7.jar:7.0.7]
	at org.springframework.expression.spel.standard.InternalSpelExpressionParser.eatToken(InternalSpelExpressionParser.java:938) ~[spring-expression-7.0.7.jar:7.0.7]
	at org.springframework.expression.spel.standard.InternalSpelExpressionParser.maybeEatIndexer(InternalSpelExpressionParser.java:701) ~[spring-expression-7.0.7.jar:7.0.7]
	at org.springframework.expression.spel.standard.InternalSpelExpressionParser.eatStartNode(InternalSpelExpressionParser.java:530) ~[spring-expression-7.0.7.jar:7.0.7]
	at org.springframework.expression.spel.standard.InternalSpelExpressionParser.eatPrimaryExpression(InternalSpelExpressionParser.java:367) ~[spring-expression-7.0.7.jar:7.0.7]
	at org.springframework.expression.spel.standard.InternalSpelExpressionParser.eatUnaryExpression(InternalSpelExpressionParser.java:362) ~[spring-expression-7.0.7.jar:7.0.7]
	at org.springframework.expression.spel.standard.InternalSpelExpressionParser.eatPowerIncDecExpression(InternalSpelExpressionParser.java:316) ~[spring-expression-7.0.7.jar:7.0.7]
	at org.springframework.expression.spel.standard.InternalSpelExpressionParser.eatProductExpression(InternalSpelExpressionParser.java:295) ~[spring-expression-7.0.7.jar:7.0.7]
	at org.springframework.expression.spel.standard.InternalSpelExpressionParser.eatSumExpression(InternalSpelExpressionParser.java:278) ~[spring-expression-7.0.7.jar:7.0.7]
	at org.springframework.expression.spel.standard.InternalSpelExpressionParser.eatRelationalExpression(InternalSpelExpressionParser.java:233) ~[spring-expression-7.0.7.jar:7.0.7]
	at org.springframework.expression.spel.standard.InternalSpelExpressionParser.eatLogicalAndExpression(InternalSpelExpressionParser.java:221) ~[spring-expression-7.0.7.jar:7.0.7]
	at org.springframework.expression.spel.standard.InternalSpelExpressionParser.eatLogicalOrExpression(InternalSpelExpressionParser.java:209) ~[spring-expression-7.0.7.jar:7.0.7]
	at org.springframework.expression.spel.standard.InternalSpelExpressionParser.eatExpression(InternalSpelExpressionParser.java:171) ~[spring-expression-7.0.7.jar:7.0.7]
	at org.springframework.expression.spel.standard.InternalSpelExpressionParser.maybeEatIndexer(InternalSpelExpressionParser.java:697) ~[spring-expression-7.0.7.jar:7.0.7]
	at org.springframework.expression.spel.standard.InternalSpelExpressionParser.eatStartNode(InternalSpelExpressionParser.java:530) ~[spring-expression-7.0.7.jar:7.0.7]
	at org.springframework.expression.spel.standard.InternalSpelExpressionParser.eatPrimaryExpression(InternalSpelExpressionParser.java:367) ~[spring-expression-7.0.7.jar:7.0.7]
	at org.springframework.expression.spel.standard.InternalSpelExpressionParser.eatUnaryExpression(InternalSpelExpressionParser.java:362) ~[spring-expression-7.0.7.jar:7.0.7]
	at org.springframework.expression.spel.standard.InternalSpelExpressionParser.eatPowerIncDecExpression(InternalSpelExpressionParser.java:316) ~[spring-expression-7.0.7.jar:7.0.7]
	at org.springframework.expression.spel.standard.InternalSpelExpressionParser.eatProductExpression(InternalSpelExpressionParser.java:295) ~[spring-expression-7.0.7.jar:7.0.7]
	at org.springframework.expression.spel.standard.InternalSpelExpressionParser.eatSumExpression(InternalSpelExpressionParser.java:278) ~[spring-expression-7.0.7.jar:7.0.7]
	at org.springframework.expression.spel.standard.InternalSpelExpressionParser.eatRelationalExpression(InternalSpelExpressionParser.java:233) ~[spring-expression-7.0.7.jar:7.0.7]
	at org.springframework.expression.spel.standard.InternalSpelExpressionParser.eatLogicalAndExpression(InternalSpelExpressionParser.java:221) ~[spring-expression-7.0.7.jar:7.0.7]
	at org.springframework.expression.spel.standard.InternalSpelExpressionParser.eatLogicalOrExpression(InternalSpelExpressionParser.java:209) ~[spring-expression-7.0.7.jar:7.0.7]
	at org.springframework.expression.spel.standard.InternalSpelExpressionParser.eatExpression(InternalSpelExpressionParser.java:171) ~[spring-expression-7.0.7.jar:7.0.7]
	at org.springframework.expression.spel.standard.InternalSpelExpressionParser.consumeArguments(InternalSpelExpressionParser.java:485) ~[spring-expression-7.0.7.jar:7.0.7]
	at org.springframework.expression.spel.standard.InternalSpelExpressionParser.maybeEatMethodArgs(InternalSpelExpressionParser.java:455) ~[spring-expression-7.0.7.jar:7.0.7]
	at org.springframework.expression.spel.standard.InternalSpelExpressionParser.maybeEatMethodOrProperty(InternalSpelExpressionParser.java:771) ~[spring-expression-7.0.7.jar:7.0.7]
	at org.springframework.expression.spel.standard.InternalSpelExpressionParser.eatDottedNode(InternalSpelExpressionParser.java:412) ~[spring-expression-7.0.7.jar:7.0.7]
	at org.springframework.expression.spel.standard.InternalSpelExpressionParser.eatNode(InternalSpelExpressionParser.java:387) ~[spring-expression-7.0.7.jar:7.0.7]
	at org.springframework.expression.spel.standard.InternalSpelExpressionParser.eatPrimaryExpression(InternalSpelExpressionParser.java:369) ~[spring-expression-7.0.7.jar:7.0.7]
	at org.springframework.expression.spel.standard.InternalSpelExpressionParser.eatUnaryExpression(InternalSpelExpressionParser.java:362) ~[spring-expression-7.0.7.jar:7.0.7]
	at org.springframework.expression.spel.standard.InternalSpelExpressionParser.eatPowerIncDecExpression(InternalSpelExpressionParser.java:316) ~[spring-expression-7.0.7.jar:7.0.7]
	at org.springframework.expression.spel.standard.InternalSpelExpressionParser.eatProductExpression(InternalSpelExpressionParser.java:295) ~[spring-expression-7.0.7.jar:7.0.7]
	at org.springframework.expression.spel.standard.InternalSpelExpressionParser.eatSumExpression(InternalSpelExpressionParser.java:278) ~[spring-expression-7.0.7.jar:7.0.7]
	at org.springframework.expression.spel.standard.InternalSpelExpressionParser.eatRelationalExpression(InternalSpelExpressionParser.java:233) ~[spring-expression-7.0.7.jar:7.0.7]
	at org.springframework.expression.spel.standard.InternalSpelExpressionParser.eatLogicalAndExpression(InternalSpelExpressionParser.java:221) ~[spring-expression-7.0.7.jar:7.0.7]
	at org.springframework.expression.spel.standard.InternalSpelExpressionParser.eatLogicalOrExpression(InternalSpelExpressionParser.java:209) ~[spring-expression-7.0.7.jar:7.0.7]
	at org.springframework.expression.spel.standard.InternalSpelExpressionParser.eatExpression(InternalSpelExpressionParser.java:171) ~[spring-expression-7.0.7.jar:7.0.7]
	at org.springframework.expression.spel.standard.InternalSpelExpressionParser.doParseExpression(InternalSpelExpressionParser.java:141) ~[spring-expression-7.0.7.jar:7.0.7]
	at org.springframework.expression.spel.standard.SpelExpressionParser.doParseExpression(SpelExpressionParser.java:64) ~[spring-expression-7.0.7.jar:7.0.7]
	at org.springframework.expression.spel.standard.SpelExpressionParser.doParseExpression(SpelExpressionParser.java:35) ~[spring-expression-7.0.7.jar:7.0.7]
	at org.springframework.expression.common.TemplateAwareExpressionParser.parseExpression(TemplateAwareExpressionParser.java:63) ~[spring-expression-7.0.7.jar:7.0.7]
	at org.springframework.expression.common.TemplateAwareExpressionParser.parseExpression(TemplateAwareExpressionParser.java:52) ~[spring-expression-7.0.7.jar:7.0.7]
	at org.thymeleaf.spring6.expression.SPELVariableExpressionEvaluator.getExpression(SPELVariableExpressionEvaluator.java:383) ~[thymeleaf-spring6-3.1.5.RELEASE.jar:3.1.5.RELEASE]
	at org.thymeleaf.spring6.expression.SPELVariableExpressionEvaluator.obtainComputedSpelExpression(SPELVariableExpressionEvaluator.java:331) ~[thymeleaf-spring6-3.1.5.RELEASE.jar:3.1.5.RELEASE]
	at org.thymeleaf.spring6.expression.SPELVariableExpressionEvaluator.evaluate(SPELVariableExpressionEvaluator.java:159) ~[thymeleaf-spring6-3.1.5.RELEASE.jar:3.1.5.RELEASE]
	at org.thymeleaf.standard.expression.VariableExpression.executeVariableExpression(VariableExpression.java:166) ~[thymeleaf-3.1.5.RELEASE.jar:3.1.5.RELEASE]
	at org.thymeleaf.standard.expression.SimpleExpression.executeSimple(SimpleExpression.java:66) ~[thymeleaf-3.1.5.RELEASE.jar:3.1.5.RELEASE]
	at org.thymeleaf.standard.expression.Expression.execute(Expression.java:109) ~[thymeleaf-3.1.5.RELEASE.jar:3.1.5.RELEASE]
	at org.thymeleaf.standard.expression.Expression.execute(Expression.java:138) ~[thymeleaf-3.1.5.RELEASE.jar:3.1.5.RELEASE]
	at org.thymeleaf.standard.expression.Expression.execute(Expression.java:125) ~[thymeleaf-3.1.5.RELEASE.jar:3.1.5.RELEASE]
	at org.thymeleaf.standard.processor.StandardEachTagProcessor.doProcess(StandardEachTagProcessor.java:73) ~[thymeleaf-3.1.5.RELEASE.jar:3.1.5.RELEASE]
	at org.thymeleaf.processor.element.AbstractAttributeTagProcessor.doProcess(AbstractAttributeTagProcessor.java:74) ~[thymeleaf-3.1.5.RELEASE.jar:3.1.5.RELEASE]
	at org.thymeleaf.processor.element.AbstractElementTagProcessor.process(AbstractElementTagProcessor.java:95) ~[thymeleaf-3.1.5.RELEASE.jar:3.1.5.RELEASE]
	at org.thymeleaf.util.ProcessorConfigurationUtils$ElementTagProcessorWrapper.process(ProcessorConfigurationUtils.java:633) ~[thymeleaf-3.1.5.RELEASE.jar:3.1.5.RELEASE]
	at org.thymeleaf.engine.ProcessorTemplateHandler.handleOpenElement(ProcessorTemplateHandler.java:1314) ~[thymeleaf-3.1.5.RELEASE.jar:3.1.5.RELEASE]
	at org.thymeleaf.engine.TemplateHandlerAdapterMarkupHandler.handleOpenElementEnd(TemplateHandlerAdapterMarkupHandler.java:304) ~[thymeleaf-3.1.5.RELEASE.jar:3.1.5.RELEASE]
	at org.thymeleaf.templateparser.markup.InlinedOutputExpressionMarkupHandler$InlineMarkupAdapterPreProcessorHandler.handleOpenElementEnd(InlinedOutputExpressionMarkupHandler.java:278) ~[thymeleaf-3.1.5.RELEASE.jar:3.1.5.RELEASE]
	at org.thymeleaf.standard.inline.OutputExpressionInlinePreProcessorHandler.handleOpenElementEnd(OutputExpressionInlinePreProcessorHandler.java:186) ~[thymeleaf-3.1.5.RELEASE.jar:3.1.5.RELEASE]
	at org.thymeleaf.templateparser.markup.InlinedOutputExpressionMarkupHandler.handleOpenElementEnd(InlinedOutputExpressionMarkupHandler.java:124) ~[thymeleaf-3.1.5.RELEASE.jar:3.1.5.RELEASE]
	at org.attoparser.HtmlElement.handleOpenElementEnd(HtmlElement.java:109) ~[attoparser-2.0.7.RELEASE.jar:2.0.7.RELEASE]
	at org.attoparser.HtmlMarkupHandler.handleOpenElementEnd(HtmlMarkupHandler.java:297) ~[attoparser-2.0.7.RELEASE.jar:2.0.7.RELEASE]
	at org.attoparser.MarkupEventProcessorHandler.handleOpenElementEnd(MarkupEventProcessorHandler.java:402) ~[attoparser-2.0.7.RELEASE.jar:2.0.7.RELEASE]
	at org.attoparser.ParsingElementMarkupUtil.parseOpenElement(ParsingElementMarkupUtil.java:159) ~[attoparser-2.0.7.RELEASE.jar:2.0.7.RELEASE]
	at org.attoparser.MarkupParser.parseBuffer(MarkupParser.java:710) ~[attoparser-2.0.7.RELEASE.jar:2.0.7.RELEASE]
	at org.attoparser.MarkupParser.parseDocument(MarkupParser.java:301) ~[attoparser-2.0.7.RELEASE.jar:2.0.7.RELEASE]
	at org.attoparser.MarkupParser.parse(MarkupParser.java:257) ~[attoparser-2.0.7.RELEASE.jar:2.0.7.RELEASE]
	at org.thymeleaf.templateparser.markup.AbstractMarkupTemplateParser.parse(AbstractMarkupTemplateParser.java:230) ~[thymeleaf-3.1.5.RELEASE.jar:3.1.5.RELEASE]
	at org.thymeleaf.templateparser.markup.AbstractMarkupTemplateParser.parseStandalone(AbstractMarkupTemplateParser.java:100) ~[thymeleaf-3.1.5.RELEASE.jar:3.1.5.RELEASE]
	at org.thymeleaf.engine.TemplateManager.parseAndProcess(TemplateManager.java:666) ~[thymeleaf-3.1.5.RELEASE.jar:3.1.5.RELEASE]
	at org.thymeleaf.TemplateEngine.process(TemplateEngine.java:1103) ~[thymeleaf-3.1.5.RELEASE.jar:3.1.5.RELEASE]
	at org.thymeleaf.TemplateEngine.process(TemplateEngine.java:1077) ~[thymeleaf-3.1.5.RELEASE.jar:3.1.5.RELEASE]
	at org.thymeleaf.spring6.view.ThymeleafView.renderFragment(ThymeleafView.java:374) ~[thymeleaf-spring6-3.1.5.RELEASE.jar:3.1.5.RELEASE]
	at org.thymeleaf.spring6.view.ThymeleafView.render(ThymeleafView.java:193) ~[thymeleaf-spring6-3.1.5.RELEASE.jar:3.1.5.RELEASE]
	at org.springframework.web.servlet.DispatcherServlet.render(DispatcherServlet.java:1305) ~[spring-webmvc-7.0.7.jar:7.0.7]
	at org.springframework.web.servlet.DispatcherServlet.processDispatchResult(DispatcherServlet.java:1042) ~[spring-webmvc-7.0.7.jar:7.0.7]
	at org.springframework.web.servlet.DispatcherServlet.doDispatch(DispatcherServlet.java:980) ~[spring-webmvc-7.0.7.jar:7.0.7]
	at org.springframework.web.servlet.DispatcherServlet.doService(DispatcherServlet.java:866) ~[spring-webmvc-7.0.7.jar:7.0.7]
	at org.springframework.web.servlet.FrameworkServlet.processRequest(FrameworkServlet.java:1000) ~[spring-webmvc-7.0.7.jar:7.0.7]
	at org.springframework.web.servlet.FrameworkServlet.doGet(FrameworkServlet.java:892) ~[spring-webmvc-7.0.7.jar:7.0.7]
	at jakarta.servlet.http.HttpServlet.service(HttpServlet.java:622) ~[tomcat-embed-core-11.0.21.jar:6.1]
	at org.springframework.web.servlet.FrameworkServlet.service(FrameworkServlet.java:874) ~[spring-webmvc-7.0.7.jar:7.0.7]
	at jakarta.servlet.http.HttpServlet.service(HttpServlet.java:710) ~[tomcat-embed-core-11.0.21.jar:6.1]
	at org.apache.catalina.core.ApplicationFilterChain.doFilter(ApplicationFilterChain.java:128) ~[tomcat-embed-core-11.0.21.jar:11.0.21]
	at org.apache.tomcat.websocket.server.WsFilter.doFilter(WsFilter.java:53) ~[tomcat-embed-websocket-11.0.21.jar:11.0.21]
	at org.apache.catalina.core.ApplicationFilterChain.doFilter(ApplicationFilterChain.java:107) ~[tomcat-embed-core-11.0.21.jar:11.0.21]
	at org.springframework.web.filter.CompositeFilter$VirtualFilterChain.doFilter(CompositeFilter.java:108) ~[spring-web-7.0.7.jar:7.0.7]
	at org.springframework.security.web.FilterChainProxy.lambda$doFilterInternal$3(FilterChainProxy.java:235) ~[spring-security-web-7.0.5.jar:7.0.5]
	at org.springframework.security.web.FilterChainProxy$VirtualFilterChain.doFilter(FilterChainProxy.java:376) ~[spring-security-web-7.0.5.jar:7.0.5]
	at org.springframework.security.web.access.intercept.AuthorizationFilter.doFilter(AuthorizationFilter.java:101) ~[spring-security-web-7.0.5.jar:7.0.5]
	at org.springframework.security.web.FilterChainProxy$VirtualFilterChain.doFilter(FilterChainProxy.java:385) ~[spring-security-web-7.0.5.jar:7.0.5]
	at org.springframework.security.web.access.ExceptionTranslationFilter.doFilter(ExceptionTranslationFilter.java:126) ~[spring-security-web-7.0.5.jar:7.0.5]
	at org.springframework.security.web.access.ExceptionTranslationFilter.doFilter(ExceptionTranslationFilter.java:120) ~[spring-security-web-7.0.5.jar:7.0.5]
	at org.springframework.security.web.FilterChainProxy$VirtualFilterChain.doFilter(FilterChainProxy.java:385) ~[spring-security-web-7.0.5.jar:7.0.5]
	at org.springframework.security.web.session.SessionManagementFilter.doFilter(SessionManagementFilter.java:132) ~[spring-security-web-7.0.5.jar:7.0.5]
	at org.springframework.security.web.session.SessionManagementFilter.doFilter(SessionManagementFilter.java:86) ~[spring-security-web-7.0.5.jar:7.0.5]
	at org.springframework.security.web.FilterChainProxy$VirtualFilterChain.doFilter(FilterChainProxy.java:385) ~[spring-security-web-7.0.5.jar:7.0.5]
	at org.springframework.security.web.authentication.AnonymousAuthenticationFilter.doFilter(AnonymousAuthenticationFilter.java:100) ~[spring-security-web-7.0.5.jar:7.0.5]
	at org.springframework.security.web.FilterChainProxy$VirtualFilterChain.doFilter(FilterChainProxy.java:385) ~[spring-security-web-7.0.5.jar:7.0.5]
	at org.springframework.security.web.servletapi.SecurityContextHolderAwareRequestFilter.doFilter(SecurityContextHolderAwareRequestFilter.java:181) ~[spring-security-web-7.0.5.jar:7.0.5]
	at org.springframework.security.web.FilterChainProxy$VirtualFilterChain.doFilter(FilterChainProxy.java:385) ~[spring-security-web-7.0.5.jar:7.0.5]
	at org.springframework.security.web.savedrequest.RequestCacheAwareFilter.doFilter(RequestCacheAwareFilter.java:63) ~[spring-security-web-7.0.5.jar:7.0.5]
	at org.springframework.security.web.FilterChainProxy$VirtualFilterChain.doFilter(FilterChainProxy.java:385) ~[spring-security-web-7.0.5.jar:7.0.5]
	at org.springframework.security.web.session.ConcurrentSessionFilter.doFilter(ConcurrentSessionFilter.java:153) ~[spring-security-web-7.0.5.jar:7.0.5]
	at org.springframework.security.web.session.ConcurrentSessionFilter.doFilter(ConcurrentSessionFilter.java:131) ~[spring-security-web-7.0.5.jar:7.0.5]
	at org.springframework.security.web.FilterChainProxy$VirtualFilterChain.doFilter(FilterChainProxy.java:385) ~[spring-security-web-7.0.5.jar:7.0.5]
	at org.springframework.security.web.authentication.AbstractAuthenticationProcessingFilter.doFilter(AbstractAuthenticationProcessingFilter.java:245) ~[spring-security-web-7.0.5.jar:7.0.5]
	at org.springframework.security.web.authentication.AbstractAuthenticationProcessingFilter.doFilter(AbstractAuthenticationProcessingFilter.java:239) ~[spring-security-web-7.0.5.jar:7.0.5]
	at org.springframework.security.web.FilterChainProxy$VirtualFilterChain.doFilter(FilterChainProxy.java:385) ~[spring-security-web-7.0.5.jar:7.0.5]
	at org.springframework.security.web.authentication.logout.LogoutFilter.doFilter(LogoutFilter.java:110) ~[spring-security-web-7.0.5.jar:7.0.5]
	at org.springframework.security.web.authentication.logout.LogoutFilter.doFilter(LogoutFilter.java:96) ~[spring-security-web-7.0.5.jar:7.0.5]
	at org.springframework.security.web.FilterChainProxy$VirtualFilterChain.doFilter(FilterChainProxy.java:385) ~[spring-security-web-7.0.5.jar:7.0.5]
	at org.springframework.security.web.csrf.CsrfFilter.doFilterInternal(CsrfFilter.java:118) ~[spring-security-web-7.0.5.jar:7.0.5]
	at org.springframework.web.filter.OncePerRequestFilter.doFilter(OncePerRequestFilter.java:116) ~[spring-web-7.0.7.jar:7.0.7]
	at org.springframework.security.web.FilterChainProxy$VirtualFilterChain.doFilter(FilterChainProxy.java:385) ~[spring-security-web-7.0.5.jar:7.0.5]
	at org.springframework.security.web.header.HeaderWriterFilter.doHeadersAfter(HeaderWriterFilter.java:90) ~[spring-security-web-7.0.5.jar:7.0.5]
	at org.springframework.security.web.header.HeaderWriterFilter.doFilterInternal(HeaderWriterFilter.java:75) ~[spring-security-web-7.0.5.jar:7.0.5]
	at org.springframework.web.filter.OncePerRequestFilter.doFilter(OncePerRequestFilter.java:116) ~[spring-web-7.0.7.jar:7.0.7]
	at org.springframework.security.web.FilterChainProxy$VirtualFilterChain.doFilter(FilterChainProxy.java:385) ~[spring-security-web-7.0.5.jar:7.0.5]
	at org.springframework.security.web.context.SecurityContextHolderFilter.doFilter(SecurityContextHolderFilter.java:82) ~[spring-security-web-7.0.5.jar:7.0.5]
	at org.springframework.security.web.context.SecurityContextHolderFilter.doFilter(SecurityContextHolderFilter.java:69) ~[spring-security-web-7.0.5.jar:7.0.5]
	at org.springframework.security.web.FilterChainProxy$VirtualFilterChain.doFilter(FilterChainProxy.java:385) ~[spring-security-web-7.0.5.jar:7.0.5]
	at org.springframework.security.web.context.request.async.WebAsyncManagerIntegrationFilter.doFilterInternal(WebAsyncManagerIntegrationFilter.java:62) ~[spring-security-web-7.0.5.jar:7.0.5]
	at org.springframework.web.filter.OncePerRequestFilter.doFilter(OncePerRequestFilter.java:116) ~[spring-web-7.0.7.jar:7.0.7]
	at org.springframework.security.web.FilterChainProxy$VirtualFilterChain.doFilter(FilterChainProxy.java:385) ~[spring-security-web-7.0.5.jar:7.0.5]
	at org.springframework.security.web.session.DisableEncodeUrlFilter.doFilterInternal(DisableEncodeUrlFilter.java:42) ~[spring-security-web-7.0.5.jar:7.0.5]
	at org.springframework.web.filter.OncePerRequestFilter.doFilter(OncePerRequestFilter.java:116) ~[spring-web-7.0.7.jar:7.0.7]
	at org.springframework.security.web.FilterChainProxy$VirtualFilterChain.doFilter(FilterChainProxy.java:385) ~[spring-security-web-7.0.5.jar:7.0.5]
	at org.springframework.security.web.FilterChainProxy.doFilterInternal(FilterChainProxy.java:237) ~[spring-security-web-7.0.5.jar:7.0.5]
	at org.springframework.security.web.FilterChainProxy.doFilter(FilterChainProxy.java:195) ~[spring-security-web-7.0.5.jar:7.0.5]
	at org.springframework.web.filter.CompositeFilter$VirtualFilterChain.doFilter(CompositeFilter.java:113) ~[spring-web-7.0.7.jar:7.0.7]
	at org.springframework.web.filter.ServletRequestPathFilter.doFilter(ServletRequestPathFilter.java:52) ~[spring-web-7.0.7.jar:7.0.7]
	at org.springframework.web.filter.CompositeFilter$VirtualFilterChain.doFilter(CompositeFilter.java:113) ~[spring-web-7.0.7.jar:7.0.7]
	at org.springframework.web.filter.CompositeFilter.doFilter(CompositeFilter.java:74) ~[spring-web-7.0.7.jar:7.0.7]
	at org.springframework.security.config.annotation.web.configuration.WebSecurityConfiguration$CompositeFilterChainProxy.doFilter(WebSecurityConfiguration.java:317) ~[spring-security-config-7.0.5.jar:7.0.5]
	at org.springframework.web.filter.DelegatingFilterProxy.invokeDelegate(DelegatingFilterProxy.java:355) ~[spring-web-7.0.7.jar:7.0.7]
	at org.springframework.web.filter.DelegatingFilterProxy.doFilter(DelegatingFilterProxy.java:272) ~[spring-web-7.0.7.jar:7.0.7]
	at org.apache.catalina.core.ApplicationFilterChain.doFilter(ApplicationFilterChain.java:107) ~[tomcat-embed-core-11.0.21.jar:11.0.21]
	at org.springframework.web.filter.RequestContextFilter.doFilterInternal(RequestContextFilter.java:100) ~[spring-web-7.0.7.jar:7.0.7]
	at org.springframework.web.filter.OncePerRequestFilter.doFilter(OncePerRequestFilter.java:116) ~[spring-web-7.0.7.jar:7.0.7]
	at org.apache.catalina.core.ApplicationFilterChain.doFilter(ApplicationFilterChain.java:107) ~[tomcat-embed-core-11.0.21.jar:11.0.21]
	at org.springframework.web.filter.FormContentFilter.doFilterInternal(FormContentFilter.java:93) ~[spring-web-7.0.7.jar:7.0.7]
	at org.springframework.web.filter.OncePerRequestFilter.doFilter(OncePerRequestFilter.java:116) ~[spring-web-7.0.7.jar:7.0.7]
	at org.apache.catalina.core.ApplicationFilterChain.doFilter(ApplicationFilterChain.java:107) ~[tomcat-embed-core-11.0.21.jar:11.0.21]
	at org.springframework.web.filter.CharacterEncodingFilter.doFilterInternal(CharacterEncodingFilter.java:199) ~[spring-web-7.0.7.jar:7.0.7]
	at org.springframework.web.filter.OncePerRequestFilter.doFilter(OncePerRequestFilter.java:116) ~[spring-web-7.0.7.jar:7.0.7]
	at org.apache.catalina.core.ApplicationFilterChain.doFilter(ApplicationFilterChain.java:107) ~[tomcat-embed-core-11.0.21.jar:11.0.21]
	at org.apache.catalina.core.StandardWrapperValve.invoke(StandardWrapperValve.java:165) ~[tomcat-embed-core-11.0.21.jar:11.0.21]
	at org.apache.catalina.core.StandardContextValve.invoke(StandardContextValve.java:77) ~[tomcat-embed-core-11.0.21.jar:11.0.21]
	at org.apache.catalina.authenticator.AuthenticatorBase.invoke(AuthenticatorBase.java:492) ~[tomcat-embed-core-11.0.21.jar:11.0.21]
	at org.apache.catalina.core.StandardHostValve.invoke(StandardHostValve.java:113) ~[tomcat-embed-core-11.0.21.jar:11.0.21]
	at org.apache.catalina.valves.ErrorReportValve.invoke(ErrorReportValve.java:83) ~[tomcat-embed-core-11.0.21.jar:11.0.21]
	at org.apache.catalina.core.StandardEngineValve.invoke(StandardEngineValve.java:72) ~[tomcat-embed-core-11.0.21.jar:11.0.21]
	at org.apache.catalina.connector.CoyoteAdapter.service(CoyoteAdapter.java:341) ~[tomcat-embed-core-11.0.21.jar:11.0.21]
	at org.apache.coyote.http11.Http11Processor.service(Http11Processor.java:397) ~[tomcat-embed-core-11.0.21.jar:11.0.21]
	at org.apache.coyote.AbstractProcessorLight.process(AbstractProcessorLight.java:63) ~[tomcat-embed-core-11.0.21.jar:11.0.21]
	at org.apache.coyote.AbstractProtocol$ConnectionHandler.process(AbstractProtocol.java:903) ~[tomcat-embed-core-11.0.21.jar:11.0.21]
	at org.apache.tomcat.util.net.NioEndpoint$SocketProcessor.doRun(NioEndpoint.java:1801) ~[tomcat-embed-core-11.0.21.jar:11.0.21]
	at org.apache.tomcat.util.net.SocketProcessorBase.run(SocketProcessorBase.java:52) ~[tomcat-embed-core-11.0.21.jar:11.0.21]
	at org.apache.tomcat.util.threads.ThreadPoolExecutor.runWorker(ThreadPoolExecutor.java:946) ~[tomcat-embed-core-11.0.21.jar:11.0.21]
	at org.apache.tomcat.util.threads.ThreadPoolExecutor$Worker.run(ThreadPoolExecutor.java:480) ~[tomcat-embed-core-11.0.21.jar:11.0.21]
	at org.apache.tomcat.util.threads.TaskThread$WrappingRunnable.run(TaskThread.java:57) ~[tomcat-embed-core-11.0.21.jar:11.0.21]
	at java.base/java.lang.Thread.run(Thread.java:1516) ~[na:na]

2026-08-10T15:17:42.844+05:30 ERROR 9812 --- [Bug Tracking System] [http-nio-8081-exec-4] a.e.ErrorMvcAutoConfiguration$StaticView : Cannot render error page for request [/bugs] and exception [An error happened during template parsing (template: "class path resource [templates/bugs/list.html]")] as the response has already been committed. As a result, the response may have the wrong status code.
2026-08-10T15:18:22.012+05:30 ERROR 9812 --- [Bug Tracking System] [http-nio-8081-exec-5] org.thymeleaf.TemplateEngine             : [THYMELEAF][http-nio-8081-exec-5] Exception processing template "bugs/list": An error happened during template parsing (template: "class path resource [templates/bugs/list.html]")

org.thymeleaf.exceptions.TemplateInputException: An error happened during template parsing (template: "class path resource [templates/bugs/list.html]")
	at org.thymeleaf.templateparser.markup.AbstractMarkupTemplateParser.parse(AbstractMarkupTemplateParser.java:241) ~[thymeleaf-3.1.5.RELEASE.jar:3.1.5.RELEASE]
	at org.thymeleaf.templateparser.markup.AbstractMarkupTemplateParser.parseStandalone(AbstractMarkupTemplateParser.java:100) ~[thymeleaf-3.1.5.RELEASE.jar:3.1.5.RELEASE]
	at org.thymeleaf.engine.TemplateManager.parseAndProcess(TemplateManager.java:666) ~[thymeleaf-3.1.5.RELEASE.jar:3.1.5.RELEASE]
	at org.thymeleaf.TemplateEngine.process(TemplateEngine.java:1103) ~[thymeleaf-3.1.5.RELEASE.jar:3.1.5.RELEASE]
	at org.thymeleaf.TemplateEngine.process(TemplateEngine.java:1077) ~[thymeleaf-3.1.5.RELEASE.jar:3.1.5.RELEASE]
	at org.thymeleaf.spring6.view.ThymeleafView.renderFragment(ThymeleafView.java:374) ~[thymeleaf-spring6-3.1.5.RELEASE.jar:3.1.5.RELEASE]
	at org.thymeleaf.spring6.view.ThymeleafView.render(ThymeleafView.java:193) ~[thymeleaf-spring6-3.1.5.RELEASE.jar:3.1.5.RELEASE]
	at org.springframework.web.servlet.DispatcherServlet.render(DispatcherServlet.java:1305) ~[spring-webmvc-7.0.7.jar:7.0.7]
	at org.springframework.web.servlet.DispatcherServlet.processDispatchResult(DispatcherServlet.java:1042) ~[spring-webmvc-7.0.7.jar:7.0.7]
	at org.springframework.web.servlet.DispatcherServlet.doDispatch(DispatcherServlet.java:980) ~[spring-webmvc-7.0.7.jar:7.0.7]
	at org.springframework.web.servlet.DispatcherServlet.doService(DispatcherServlet.java:866) ~[spring-webmvc-7.0.7.jar:7.0.7]
	at org.springframework.web.servlet.FrameworkServlet.processRequest(FrameworkServlet.java:1000) ~[spring-webmvc-7.0.7.jar:7.0.7]
	at org.springframework.web.servlet.FrameworkServlet.doGet(FrameworkServlet.java:892) ~[spring-webmvc-7.0.7.jar:7.0.7]
	at jakarta.servlet.http.HttpServlet.service(HttpServlet.java:622) ~[tomcat-embed-core-11.0.21.jar:6.1]
	at org.springframework.web.servlet.FrameworkServlet.service(FrameworkServlet.java:874) ~[spring-webmvc-7.0.7.jar:7.0.7]
	at jakarta.servlet.http.HttpServlet.service(HttpServlet.java:710) ~[tomcat-embed-core-11.0.21.jar:6.1]
	at org.apache.catalina.core.ApplicationFilterChain.doFilter(ApplicationFilterChain.java:128) ~[tomcat-embed-core-11.0.21.jar:11.0.21]
	at org.apache.tomcat.websocket.server.WsFilter.doFilter(WsFilter.java:53) ~[tomcat-embed-websocket-11.0.21.jar:11.0.21]
	at org.apache.catalina.core.ApplicationFilterChain.doFilter(ApplicationFilterChain.java:107) ~[tomcat-embed-core-11.0.21.jar:11.0.21]
	at org.springframework.web.filter.CompositeFilter$VirtualFilterChain.doFilter(CompositeFilter.java:108) ~[spring-web-7.0.7.jar:7.0.7]
	at org.springframework.security.web.FilterChainProxy.lambda$doFilterInternal$3(FilterChainProxy.java:235) ~[spring-security-web-7.0.5.jar:7.0.5]
	at org.springframework.security.web.FilterChainProxy$VirtualFilterChain.doFilter(FilterChainProxy.java:376) ~[spring-security-web-7.0.5.jar:7.0.5]
	at org.springframework.security.web.access.intercept.AuthorizationFilter.doFilter(AuthorizationFilter.java:101) ~[spring-security-web-7.0.5.jar:7.0.5]
	at org.springframework.security.web.FilterChainProxy$VirtualFilterChain.doFilter(FilterChainProxy.java:385) ~[spring-security-web-7.0.5.jar:7.0.5]
	at org.springframework.security.web.access.ExceptionTranslationFilter.doFilter(ExceptionTranslationFilter.java:126) ~[spring-security-web-7.0.5.jar:7.0.5]
	at org.springframework.security.web.access.ExceptionTranslationFilter.doFilter(ExceptionTranslationFilter.java:120) ~[spring-security-web-7.0.5.jar:7.0.5]
	at org.springframework.security.web.FilterChainProxy$VirtualFilterChain.doFilter(FilterChainProxy.java:385) ~[spring-security-web-7.0.5.jar:7.0.5]
	at org.springframework.security.web.session.SessionManagementFilter.doFilter(SessionManagementFilter.java:132) ~[spring-security-web-7.0.5.jar:7.0.5]
	at org.springframework.security.web.session.SessionManagementFilter.doFilter(SessionManagementFilter.java:86) ~[spring-security-web-7.0.5.jar:7.0.5]
	at org.springframework.security.web.FilterChainProxy$VirtualFilterChain.doFilter(FilterChainProxy.java:385) ~[spring-security-web-7.0.5.jar:7.0.5]
	at org.springframework.security.web.authentication.AnonymousAuthenticationFilter.doFilter(AnonymousAuthenticationFilter.java:100) ~[spring-security-web-7.0.5.jar:7.0.5]
	at org.springframework.security.web.FilterChainProxy$VirtualFilterChain.doFilter(FilterChainProxy.java:385) ~[spring-security-web-7.0.5.jar:7.0.5]
	at org.springframework.security.web.servletapi.SecurityContextHolderAwareRequestFilter.doFilter(SecurityContextHolderAwareRequestFilter.java:181) ~[spring-security-web-7.0.5.jar:7.0.5]
	at org.springframework.security.web.FilterChainProxy$VirtualFilterChain.doFilter(FilterChainProxy.java:385) ~[spring-security-web-7.0.5.jar:7.0.5]
	at org.springframework.security.web.savedrequest.RequestCacheAwareFilter.doFilter(RequestCacheAwareFilter.java:63) ~[spring-security-web-7.0.5.jar:7.0.5]
	at org.springframework.security.web.FilterChainProxy$VirtualFilterChain.doFilter(FilterChainProxy.java:385) ~[spring-security-web-7.0.5.jar:7.0.5]
	at org.springframework.security.web.session.ConcurrentSessionFilter.doFilter(ConcurrentSessionFilter.java:153) ~[spring-security-web-7.0.5.jar:7.0.5]
	at org.springframework.security.web.session.ConcurrentSessionFilter.doFilter(ConcurrentSessionFilter.java:131) ~[spring-security-web-7.0.5.jar:7.0.5]
	at org.springframework.security.web.FilterChainProxy$VirtualFilterChain.doFilter(FilterChainProxy.java:385) ~[spring-security-web-7.0.5.jar:7.0.5]
	at org.springframework.security.web.authentication.AbstractAuthenticationProcessingFilter.doFilter(AbstractAuthenticationProcessingFilter.java:245) ~[spring-security-web-7.0.5.jar:7.0.5]
	at org.springframework.security.web.authentication.AbstractAuthenticationProcessingFilter.doFilter(AbstractAuthenticationProcessingFilter.java:239) ~[spring-security-web-7.0.5.jar:7.0.5]
	at org.springframework.security.web.FilterChainProxy$VirtualFilterChain.doFilter(FilterChainProxy.java:385) ~[spring-security-web-7.0.5.jar:7.0.5]
	at org.springframework.security.web.authentication.logout.LogoutFilter.doFilter(LogoutFilter.java:110) ~[spring-security-web-7.0.5.jar:7.0.5]
	at org.springframework.security.web.authentication.logout.LogoutFilter.doFilter(LogoutFilter.java:96) ~[spring-security-web-7.0.5.jar:7.0.5]
	at org.springframework.security.web.FilterChainProxy$VirtualFilterChain.doFilter(FilterChainProxy.java:385) ~[spring-security-web-7.0.5.jar:7.0.5]
	at org.springframework.security.web.csrf.CsrfFilter.doFilterInternal(CsrfFilter.java:118) ~[spring-security-web-7.0.5.jar:7.0.5]
	at org.springframework.web.filter.OncePerRequestFilter.doFilter(OncePerRequestFilter.java:116) ~[spring-web-7.0.7.jar:7.0.7]
	at org.springframework.security.web.FilterChainProxy$VirtualFilterChain.doFilter(FilterChainProxy.java:385) ~[spring-security-web-7.0.5.jar:7.0.5]
	at org.springframework.security.web.header.HeaderWriterFilter.doHeadersAfter(HeaderWriterFilter.java:90) ~[spring-security-web-7.0.5.jar:7.0.5]
	at org.springframework.security.web.header.HeaderWriterFilter.doFilterInternal(HeaderWriterFilter.java:75) ~[spring-security-web-7.0.5.jar:7.0.5]
	at org.springframework.web.filter.OncePerRequestFilter.doFilter(OncePerRequestFilter.java:116) ~[spring-web-7.0.7.jar:7.0.7]
	at org.springframework.security.web.FilterChainProxy$VirtualFilterChain.doFilter(FilterChainProxy.java:385) ~[spring-security-web-7.0.5.jar:7.0.5]
	at org.springframework.security.web.context.SecurityContextHolderFilter.doFilter(SecurityContextHolderFilter.java:82) ~[spring-security-web-7.0.5.jar:7.0.5]
	at org.springframework.security.web.context.SecurityContextHolderFilter.doFilter(SecurityContextHolderFilter.java:69) ~[spring-security-web-7.0.5.jar:7.0.5]
	at org.springframework.security.web.FilterChainProxy$VirtualFilterChain.doFilter(FilterChainProxy.java:385) ~[spring-security-web-7.0.5.jar:7.0.5]
	at org.springframework.security.web.context.request.async.WebAsyncManagerIntegrationFilter.doFilterInternal(WebAsyncManagerIntegrationFilter.java:62) ~[spring-security-web-7.0.5.jar:7.0.5]
	at org.springframework.web.filter.OncePerRequestFilter.doFilter(OncePerRequestFilter.java:116) ~[spring-web-7.0.7.jar:7.0.7]
	at org.springframework.security.web.FilterChainProxy$VirtualFilterChain.doFilter(FilterChainProxy.java:385) ~[spring-security-web-7.0.5.jar:7.0.5]
	at org.springframework.security.web.session.DisableEncodeUrlFilter.doFilterInternal(DisableEncodeUrlFilter.java:42) ~[spring-security-web-7.0.5.jar:7.0.5]
	at org.springframework.web.filter.OncePerRequestFilter.doFilter(OncePerRequestFilter.java:116) ~[spring-web-7.0.7.jar:7.0.7]
	at org.springframework.security.web.FilterChainProxy$VirtualFilterChain.doFilter(FilterChainProxy.java:385) ~[spring-security-web-7.0.5.jar:7.0.5]
	at org.springframework.security.web.FilterChainProxy.doFilterInternal(FilterChainProxy.java:237) ~[spring-security-web-7.0.5.jar:7.0.5]
	at org.springframework.security.web.FilterChainProxy.doFilter(FilterChainProxy.java:195) ~[spring-security-web-7.0.5.jar:7.0.5]
	at org.springframework.web.filter.CompositeFilter$VirtualFilterChain.doFilter(CompositeFilter.java:113) ~[spring-web-7.0.7.jar:7.0.7]
	at org.springframework.web.filter.ServletRequestPathFilter.doFilter(ServletRequestPathFilter.java:52) ~[spring-web-7.0.7.jar:7.0.7]
	at org.springframework.web.filter.CompositeFilter$VirtualFilterChain.doFilter(CompositeFilter.java:113) ~[spring-web-7.0.7.jar:7.0.7]
	at org.springframework.web.filter.CompositeFilter.doFilter(CompositeFilter.java:74) ~[spring-web-7.0.7.jar:7.0.7]
	at org.springframework.security.config.annotation.web.configuration.WebSecurityConfiguration$CompositeFilterChainProxy.doFilter(WebSecurityConfiguration.java:317) ~[spring-security-config-7.0.5.jar:7.0.5]
	at org.springframework.web.filter.DelegatingFilterProxy.invokeDelegate(DelegatingFilterProxy.java:355) ~[spring-web-7.0.7.jar:7.0.7]
	at org.springframework.web.filter.DelegatingFilterProxy.doFilter(DelegatingFilterProxy.java:272) ~[spring-web-7.0.7.jar:7.0.7]
	at org.apache.catalina.core.ApplicationFilterChain.doFilter(ApplicationFilterChain.java:107) ~[tomcat-embed-core-11.0.21.jar:11.0.21]
	at org.springframework.web.filter.RequestContextFilter.doFilterInternal(RequestContextFilter.java:100) ~[spring-web-7.0.7.jar:7.0.7]
	at org.springframework.web.filter.OncePerRequestFilter.doFilter(OncePerRequestFilter.java:116) ~[spring-web-7.0.7.jar:7.0.7]
	at org.apache.catalina.core.ApplicationFilterChain.doFilter(ApplicationFilterChain.java:107) ~[tomcat-embed-core-11.0.21.jar:11.0.21]
	at org.springframework.web.filter.FormContentFilter.doFilterInternal(FormContentFilter.java:93) ~[spring-web-7.0.7.jar:7.0.7]
	at org.springframework.web.filter.OncePerRequestFilter.doFilter(OncePerRequestFilter.java:116) ~[spring-web-7.0.7.jar:7.0.7]
	at org.apache.catalina.core.ApplicationFilterChain.doFilter(ApplicationFilterChain.java:107) ~[tomcat-embed-core-11.0.21.jar:11.0.21]
	at org.springframework.web.filter.CharacterEncodingFilter.doFilterInternal(CharacterEncodingFilter.java:199) ~[spring-web-7.0.7.jar:7.0.7]
	at org.springframework.web.filter.OncePerRequestFilter.doFilter(OncePerRequestFilter.java:116) ~[spring-web-7.0.7.jar:7.0.7]
	at org.apache.catalina.core.ApplicationFilterChain.doFilter(ApplicationFilterChain.java:107) ~[tomcat-embed-core-11.0.21.jar:11.0.21]
	at org.apache.catalina.core.StandardWrapperValve.invoke(StandardWrapperValve.java:165) ~[tomcat-embed-core-11.0.21.jar:11.0.21]
	at org.apache.catalina.core.StandardContextValve.invoke(StandardContextValve.java:77) ~[tomcat-embed-core-11.0.21.jar:11.0.21]
	at org.apache.catalina.authenticator.AuthenticatorBase.invoke(AuthenticatorBase.java:492) ~[tomcat-embed-core-11.0.21.jar:11.0.21]
	at org.apache.catalina.core.StandardHostValve.invoke(StandardHostValve.java:113) ~[tomcat-embed-core-11.0.21.jar:11.0.21]
	at org.apache.catalina.valves.ErrorReportValve.invoke(ErrorReportValve.java:83) ~[tomcat-embed-core-11.0.21.jar:11.0.21]
	at org.apache.catalina.core.StandardEngineValve.invoke(StandardEngineValve.java:72) ~[tomcat-embed-core-11.0.21.jar:11.0.21]
	at org.apache.catalina.connector.CoyoteAdapter.service(CoyoteAdapter.java:341) ~[tomcat-embed-core-11.0.21.jar:11.0.21]
	at org.apache.coyote.http11.Http11Processor.service(Http11Processor.java:397) ~[tomcat-embed-core-11.0.21.jar:11.0.21]
	at org.apache.coyote.AbstractProcessorLight.process(AbstractProcessorLight.java:63) ~[tomcat-embed-core-11.0.21.jar:11.0.21]
	at org.apache.coyote.AbstractProtocol$ConnectionHandler.process(AbstractProtocol.java:903) ~[tomcat-embed-core-11.0.21.jar:11.0.21]
	at org.apache.tomcat.util.net.NioEndpoint$SocketProcessor.doRun(NioEndpoint.java:1801) ~[tomcat-embed-core-11.0.21.jar:11.0.21]
	at org.apache.tomcat.util.net.SocketProcessorBase.run(SocketProcessorBase.java:52) ~[tomcat-embed-core-11.0.21.jar:11.0.21]
	at org.apache.tomcat.util.threads.ThreadPoolExecutor.runWorker(ThreadPoolExecutor.java:946) ~[tomcat-embed-core-11.0.21.jar:11.0.21]
	at org.apache.tomcat.util.threads.ThreadPoolExecutor$Worker.run(ThreadPoolExecutor.java:480) ~[tomcat-embed-core-11.0.21.jar:11.0.21]
	at org.apache.tomcat.util.threads.TaskThread$WrappingRunnable.run(TaskThread.java:57) ~[tomcat-embed-core-11.0.21.jar:11.0.21]
	at java.base/java.lang.Thread.run(Thread.java:1516) ~[na:na]
Caused by: org.attoparser.ParseException: Error during execution of processor 'org.thymeleaf.standard.processor.StandardEachTagProcessor' (template: "bugs/list" - line 501, col 33)
	at org.attoparser.MarkupParser.parseDocument(MarkupParser.java:393) ~[attoparser-2.0.7.RELEASE.jar:2.0.7.RELEASE]
	at org.attoparser.MarkupParser.parse(MarkupParser.java:257) ~[attoparser-2.0.7.RELEASE.jar:2.0.7.RELEASE]
	at org.thymeleaf.templateparser.markup.AbstractMarkupTemplateParser.parse(AbstractMarkupTemplateParser.java:230) ~[thymeleaf-3.1.5.RELEASE.jar:3.1.5.RELEASE]
	... 95 common frames omitted
Caused by: org.thymeleaf.exceptions.TemplateProcessingException: Error during execution of processor 'org.thymeleaf.standard.processor.StandardEachTagProcessor' (template: "bugs/list" - line 501, col 33)
	at org.thymeleaf.processor.element.AbstractAttributeTagProcessor.doProcess(AbstractAttributeTagProcessor.java:117) ~[thymeleaf-3.1.5.RELEASE.jar:3.1.5.RELEASE]
	at org.thymeleaf.processor.element.AbstractElementTagProcessor.process(AbstractElementTagProcessor.java:95) ~[thymeleaf-3.1.5.RELEASE.jar:3.1.5.RELEASE]
	at org.thymeleaf.util.ProcessorConfigurationUtils$ElementTagProcessorWrapper.process(ProcessorConfigurationUtils.java:633) ~[thymeleaf-3.1.5.RELEASE.jar:3.1.5.RELEASE]
	at org.thymeleaf.engine.ProcessorTemplateHandler.handleOpenElement(ProcessorTemplateHandler.java:1314) ~[thymeleaf-3.1.5.RELEASE.jar:3.1.5.RELEASE]
	at org.thymeleaf.engine.TemplateHandlerAdapterMarkupHandler.handleOpenElementEnd(TemplateHandlerAdapterMarkupHandler.java:304) ~[thymeleaf-3.1.5.RELEASE.jar:3.1.5.RELEASE]
	at org.thymeleaf.templateparser.markup.InlinedOutputExpressionMarkupHandler$InlineMarkupAdapterPreProcessorHandler.handleOpenElementEnd(InlinedOutputExpressionMarkupHandler.java:278) ~[thymeleaf-3.1.5.RELEASE.jar:3.1.5.RELEASE]
	at org.thymeleaf.standard.inline.OutputExpressionInlinePreProcessorHandler.handleOpenElementEnd(OutputExpressionInlinePreProcessorHandler.java:186) ~[thymeleaf-3.1.5.RELEASE.jar:3.1.5.RELEASE]
	at org.thymeleaf.templateparser.markup.InlinedOutputExpressionMarkupHandler.handleOpenElementEnd(InlinedOutputExpressionMarkupHandler.java:124) ~[thymeleaf-3.1.5.RELEASE.jar:3.1.5.RELEASE]
	at org.attoparser.HtmlElement.handleOpenElementEnd(HtmlElement.java:109) ~[attoparser-2.0.7.RELEASE.jar:2.0.7.RELEASE]
	at org.attoparser.HtmlMarkupHandler.handleOpenElementEnd(HtmlMarkupHandler.java:297) ~[attoparser-2.0.7.RELEASE.jar:2.0.7.RELEASE]
	at org.attoparser.MarkupEventProcessorHandler.handleOpenElementEnd(MarkupEventProcessorHandler.java:402) ~[attoparser-2.0.7.RELEASE.jar:2.0.7.RELEASE]
	at org.attoparser.ParsingElementMarkupUtil.parseOpenElement(ParsingElementMarkupUtil.java:159) ~[attoparser-2.0.7.RELEASE.jar:2.0.7.RELEASE]
	at org.attoparser.MarkupParser.parseBuffer(MarkupParser.java:710) ~[attoparser-2.0.7.RELEASE.jar:2.0.7.RELEASE]
	at org.attoparser.MarkupParser.parseDocument(MarkupParser.java:301) ~[attoparser-2.0.7.RELEASE.jar:2.0.7.RELEASE]
	... 97 common frames omitted
Caused by: org.springframework.expression.spel.SpelParseException: Expression [#numbers.sequence(
                                              [[${ [[${ Math.max(1,
                                              currentPage-2) }]] }]],
                                              [[${ Math.min(totalPages,
                                              currentPage+2) }]])] @69: EL1043E: Unexpected token. Expected 'rsquare(])' but was 'lcurly({)'
	at org.springframework.expression.spel.standard.InternalSpelExpressionParser.internalException(InternalSpelExpressionParser.java:1057) ~[spring-expression-7.0.7.jar:7.0.7]
	at org.springframework.expression.spel.standard.InternalSpelExpressionParser.eatToken(InternalSpelExpressionParser.java:938) ~[spring-expression-7.0.7.jar:7.0.7]
	at org.springframework.expression.spel.standard.InternalSpelExpressionParser.maybeEatIndexer(InternalSpelExpressionParser.java:701) ~[spring-expression-7.0.7.jar:7.0.7]
	at org.springframework.expression.spel.standard.InternalSpelExpressionParser.eatStartNode(InternalSpelExpressionParser.java:530) ~[spring-expression-7.0.7.jar:7.0.7]
	at org.springframework.expression.spel.standard.InternalSpelExpressionParser.eatPrimaryExpression(InternalSpelExpressionParser.java:367) ~[spring-expression-7.0.7.jar:7.0.7]
	at org.springframework.expression.spel.standard.InternalSpelExpressionParser.eatUnaryExpression(InternalSpelExpressionParser.java:362) ~[spring-expression-7.0.7.jar:7.0.7]
	at org.springframework.expression.spel.standard.InternalSpelExpressionParser.eatPowerIncDecExpression(InternalSpelExpressionParser.java:316) ~[spring-expression-7.0.7.jar:7.0.7]
	at org.springframework.expression.spel.standard.InternalSpelExpressionParser.eatProductExpression(InternalSpelExpressionParser.java:295) ~[spring-expression-7.0.7.jar:7.0.7]
	at org.springframework.expression.spel.standard.InternalSpelExpressionParser.eatSumExpression(InternalSpelExpressionParser.java:278) ~[spring-expression-7.0.7.jar:7.0.7]
	at org.springframework.expression.spel.standard.InternalSpelExpressionParser.eatRelationalExpression(InternalSpelExpressionParser.java:233) ~[spring-expression-7.0.7.jar:7.0.7]
	at org.springframework.expression.spel.standard.InternalSpelExpressionParser.eatLogicalAndExpression(InternalSpelExpressionParser.java:221) ~[spring-expression-7.0.7.jar:7.0.7]
	at org.springframework.expression.spel.standard.InternalSpelExpressionParser.eatLogicalOrExpression(InternalSpelExpressionParser.java:209) ~[spring-expression-7.0.7.jar:7.0.7]
	at org.springframework.expression.spel.standard.InternalSpelExpressionParser.eatExpression(InternalSpelExpressionParser.java:171) ~[spring-expression-7.0.7.jar:7.0.7]
	at org.springframework.expression.spel.standard.InternalSpelExpressionParser.maybeEatIndexer(InternalSpelExpressionParser.java:697) ~[spring-expression-7.0.7.jar:7.0.7]
	at org.springframework.expression.spel.standard.InternalSpelExpressionParser.eatStartNode(InternalSpelExpressionParser.java:530) ~[spring-expression-7.0.7.jar:7.0.7]
	at org.springframework.expression.spel.standard.InternalSpelExpressionParser.eatPrimaryExpression(InternalSpelExpressionParser.java:367) ~[spring-expression-7.0.7.jar:7.0.7]
	at org.springframework.expression.spel.standard.InternalSpelExpressionParser.eatUnaryExpression(InternalSpelExpressionParser.java:362) ~[spring-expression-7.0.7.jar:7.0.7]
	at org.springframework.expression.spel.standard.InternalSpelExpressionParser.eatPowerIncDecExpression(InternalSpelExpressionParser.java:316) ~[spring-expression-7.0.7.jar:7.0.7]
	at org.springframework.expression.spel.standard.InternalSpelExpressionParser.eatProductExpression(InternalSpelExpressionParser.java:295) ~[spring-expression-7.0.7.jar:7.0.7]
	at org.springframework.expression.spel.standard.InternalSpelExpressionParser.eatSumExpression(InternalSpelExpressionParser.java:278) ~[spring-expression-7.0.7.jar:7.0.7]
	at org.springframework.expression.spel.standard.InternalSpelExpressionParser.eatRelationalExpression(InternalSpelExpressionParser.java:233) ~[spring-expression-7.0.7.jar:7.0.7]
	at org.springframework.expression.spel.standard.InternalSpelExpressionParser.eatLogicalAndExpression(InternalSpelExpressionParser.java:221) ~[spring-expression-7.0.7.jar:7.0.7]
	at org.springframework.expression.spel.standard.InternalSpelExpressionParser.eatLogicalOrExpression(InternalSpelExpressionParser.java:209) ~[spring-expression-7.0.7.jar:7.0.7]
	at org.springframework.expression.spel.standard.InternalSpelExpressionParser.eatExpression(InternalSpelExpressionParser.java:171) ~[spring-expression-7.0.7.jar:7.0.7]
	at org.springframework.expression.spel.standard.InternalSpelExpressionParser.consumeArguments(InternalSpelExpressionParser.java:485) ~[spring-expression-7.0.7.jar:7.0.7]
	at org.springframework.expression.spel.standard.InternalSpelExpressionParser.maybeEatMethodArgs(InternalSpelExpressionParser.java:455) ~[spring-expression-7.0.7.jar:7.0.7]
	at org.springframework.expression.spel.standard.InternalSpelExpressionParser.maybeEatMethodOrProperty(InternalSpelExpressionParser.java:771) ~[spring-expression-7.0.7.jar:7.0.7]
	at org.springframework.expression.spel.standard.InternalSpelExpressionParser.eatDottedNode(InternalSpelExpressionParser.java:412) ~[spring-expression-7.0.7.jar:7.0.7]
	at org.springframework.expression.spel.standard.InternalSpelExpressionParser.eatNode(InternalSpelExpressionParser.java:387) ~[spring-expression-7.0.7.jar:7.0.7]
	at org.springframework.expression.spel.standard.InternalSpelExpressionParser.eatPrimaryExpression(InternalSpelExpressionParser.java:369) ~[spring-expression-7.0.7.jar:7.0.7]
	at org.springframework.expression.spel.standard.InternalSpelExpressionParser.eatUnaryExpression(InternalSpelExpressionParser.java:362) ~[spring-expression-7.0.7.jar:7.0.7]
	at org.springframework.expression.spel.standard.InternalSpelExpressionParser.eatPowerIncDecExpression(InternalSpelExpressionParser.java:316) ~[spring-expression-7.0.7.jar:7.0.7]
	at org.springframework.expression.spel.standard.InternalSpelExpressionParser.eatProductExpression(InternalSpelExpressionParser.java:295) ~[spring-expression-7.0.7.jar:7.0.7]
	at org.springframework.expression.spel.standard.InternalSpelExpressionParser.eatSumExpression(InternalSpelExpressionParser.java:278) ~[spring-expression-7.0.7.jar:7.0.7]
	at org.springframework.expression.spel.standard.InternalSpelExpressionParser.eatRelationalExpression(InternalSpelExpressionParser.java:233) ~[spring-expression-7.0.7.jar:7.0.7]
	at org.springframework.expression.spel.standard.InternalSpelExpressionParser.eatLogicalAndExpression(InternalSpelExpressionParser.java:221) ~[spring-expression-7.0.7.jar:7.0.7]
	at org.springframework.expression.spel.standard.InternalSpelExpressionParser.eatLogicalOrExpression(InternalSpelExpressionParser.java:209) ~[spring-expression-7.0.7.jar:7.0.7]
	at org.springframework.expression.spel.standard.InternalSpelExpressionParser.eatExpression(InternalSpelExpressionParser.java:171) ~[spring-expression-7.0.7.jar:7.0.7]
	at org.springframework.expression.spel.standard.InternalSpelExpressionParser.doParseExpression(InternalSpelExpressionParser.java:141) ~[spring-expression-7.0.7.jar:7.0.7]
	at org.springframework.expression.spel.standard.SpelExpressionParser.doParseExpression(SpelExpressionParser.java:64) ~[spring-expression-7.0.7.jar:7.0.7]
	at org.springframework.expression.spel.standard.SpelExpressionParser.doParseExpression(SpelExpressionParser.java:35) ~[spring-expression-7.0.7.jar:7.0.7]
	at org.springframework.expression.common.TemplateAwareExpressionParser.parseExpression(TemplateAwareExpressionParser.java:63) ~[spring-expression-7.0.7.jar:7.0.7]
	at org.springframework.expression.common.TemplateAwareExpressionParser.parseExpression(TemplateAwareExpressionParser.java:52) ~[spring-expression-7.0.7.jar:7.0.7]
	at org.thymeleaf.spring6.expression.SPELVariableExpressionEvaluator.getExpression(SPELVariableExpressionEvaluator.java:383) ~[thymeleaf-spring6-3.1.5.RELEASE.jar:3.1.5.RELEASE]
	at org.thymeleaf.spring6.expression.SPELVariableExpressionEvaluator.obtainComputedSpelExpression(SPELVariableExpressionEvaluator.java:331) ~[thymeleaf-spring6-3.1.5.RELEASE.jar:3.1.5.RELEASE]
	at org.thymeleaf.spring6.expression.SPELVariableExpressionEvaluator.evaluate(SPELVariableExpressionEvaluator.java:159) ~[thymeleaf-spring6-3.1.5.RELEASE.jar:3.1.5.RELEASE]
	at org.thymeleaf.standard.expression.VariableExpression.executeVariableExpression(VariableExpression.java:166) ~[thymeleaf-3.1.5.RELEASE.jar:3.1.5.RELEASE]
	at org.thymeleaf.standard.expression.SimpleExpression.executeSimple(SimpleExpression.java:66) ~[thymeleaf-3.1.5.RELEASE.jar:3.1.5.RELEASE]
	at org.thymeleaf.standard.expression.Expression.execute(Expression.java:109) ~[thymeleaf-3.1.5.RELEASE.jar:3.1.5.RELEASE]
	at org.thymeleaf.standard.expression.Expression.execute(Expression.java:138) ~[thymeleaf-3.1.5.RELEASE.jar:3.1.5.RELEASE]
	at org.thymeleaf.standard.expression.Expression.execute(Expression.java:125) ~[thymeleaf-3.1.5.RELEASE.jar:3.1.5.RELEASE]
	at org.thymeleaf.standard.processor.StandardEachTagProcessor.doProcess(StandardEachTagProcessor.java:73) ~[thymeleaf-3.1.5.RELEASE.jar:3.1.5.RELEASE]
	at org.thymeleaf.processor.element.AbstractAttributeTagProcessor.doProcess(AbstractAttributeTagProcessor.java:74) ~[thymeleaf-3.1.5.RELEASE.jar:3.1.5.RELEASE]
	... 110 common frames omitted

2026-08-10T15:18:22.022+05:30 ERROR 9812 --- [Bug Tracking System] [http-nio-8081-exec-5] o.a.c.c.C.[.[.[/].[dispatcherServlet]    : Servlet.service() for servlet [dispatcherServlet] in context with path [] threw exception [Request processing failed: org.thymeleaf.exceptions.TemplateInputException: An error happened during template parsing (template: "class path resource [templates/bugs/list.html]")] with root cause

org.springframework.expression.spel.SpelParseException: Expression [#numbers.sequence(
                                              [[${ [[${ Math.max(1,
                                              currentPage-2) }]] }]],
                                              [[${ Math.min(totalPages,
                                              currentPage+2) }]])] @69: EL1043E: Unexpected token. Expected 'rsquare(])' but was 'lcurly({)'
	at org.springframework.expression.spel.standard.InternalSpelExpressionParser.internalException(InternalSpelExpressionParser.java:1057) ~[spring-expression-7.0.7.jar:7.0.7]
	at org.springframework.expression.spel.standard.InternalSpelExpressionParser.eatToken(InternalSpelExpressionParser.java:938) ~[spring-expression-7.0.7.jar:7.0.7]
	at org.springframework.expression.spel.standard.InternalSpelExpressionParser.maybeEatIndexer(InternalSpelExpressionParser.java:701) ~[spring-expression-7.0.7.jar:7.0.7]
	at org.springframework.expression.spel.standard.InternalSpelExpressionParser.eatStartNode(InternalSpelExpressionParser.java:530) ~[spring-expression-7.0.7.jar:7.0.7]
	at org.springframework.expression.spel.standard.InternalSpelExpressionParser.eatPrimaryExpression(InternalSpelExpressionParser.java:367) ~[spring-expression-7.0.7.jar:7.0.7]
	at org.springframework.expression.spel.standard.InternalSpelExpressionParser.eatUnaryExpression(InternalSpelExpressionParser.java:362) ~[spring-expression-7.0.7.jar:7.0.7]
	at org.springframework.expression.spel.standard.InternalSpelExpressionParser.eatPowerIncDecExpression(InternalSpelExpressionParser.java:316) ~[spring-expression-7.0.7.jar:7.0.7]
	at org.springframework.expression.spel.standard.InternalSpelExpressionParser.eatProductExpression(InternalSpelExpressionParser.java:295) ~[spring-expression-7.0.7.jar:7.0.7]
	at org.springframework.expression.spel.standard.InternalSpelExpressionParser.eatSumExpression(InternalSpelExpressionParser.java:278) ~[spring-expression-7.0.7.jar:7.0.7]
	at org.springframework.expression.spel.standard.InternalSpelExpressionParser.eatRelationalExpression(InternalSpelExpressionParser.java:233) ~[spring-expression-7.0.7.jar:7.0.7]
	at org.springframework.expression.spel.standard.InternalSpelExpressionParser.eatLogicalAndExpression(InternalSpelExpressionParser.java:221) ~[spring-expression-7.0.7.jar:7.0.7]
	at org.springframework.expression.spel.standard.InternalSpelExpressionParser.eatLogicalOrExpression(InternalSpelExpressionParser.java:209) ~[spring-expression-7.0.7.jar:7.0.7]
	at org.springframework.expression.spel.standard.InternalSpelExpressionParser.eatExpression(InternalSpelExpressionParser.java:171) ~[spring-expression-7.0.7.jar:7.0.7]
	at org.springframework.expression.spel.standard.InternalSpelExpressionParser.maybeEatIndexer(InternalSpelExpressionParser.java:697) ~[spring-expression-7.0.7.jar:7.0.7]
	at org.springframework.expression.spel.standard.InternalSpelExpressionParser.eatStartNode(InternalSpelExpressionParser.java:530) ~[spring-expression-7.0.7.jar:7.0.7]
	at org.springframework.expression.spel.standard.InternalSpelExpressionParser.eatPrimaryExpression(InternalSpelExpressionParser.java:367) ~[spring-expression-7.0.7.jar:7.0.7]
	at org.springframework.expression.spel.standard.InternalSpelExpressionParser.eatUnaryExpression(InternalSpelExpressionParser.java:362) ~[spring-expression-7.0.7.jar:7.0.7]
	at org.springframework.expression.spel.standard.InternalSpelExpressionParser.eatPowerIncDecExpression(InternalSpelExpressionParser.java:316) ~[spring-expression-7.0.7.jar:7.0.7]
	at org.springframework.expression.spel.standard.InternalSpelExpressionParser.eatProductExpression(InternalSpelExpressionParser.java:295) ~[spring-expression-7.0.7.jar:7.0.7]
	at org.springframework.expression.spel.standard.InternalSpelExpressionParser.eatSumExpression(InternalSpelExpressionParser.java:278) ~[spring-expression-7.0.7.jar:7.0.7]
	at org.springframework.expression.spel.standard.InternalSpelExpressionParser.eatRelationalExpression(InternalSpelExpressionParser.java:233) ~[spring-expression-7.0.7.jar:7.0.7]
	at org.springframework.expression.spel.standard.InternalSpelExpressionParser.eatLogicalAndExpression(InternalSpelExpressionParser.java:221) ~[spring-expression-7.0.7.jar:7.0.7]
	at org.springframework.expression.spel.standard.InternalSpelExpressionParser.eatLogicalOrExpression(InternalSpelExpressionParser.java:209) ~[spring-expression-7.0.7.jar:7.0.7]
	at org.springframework.expression.spel.standard.InternalSpelExpressionParser.eatExpression(InternalSpelExpressionParser.java:171) ~[spring-expression-7.0.7.jar:7.0.7]
	at org.springframework.expression.spel.standard.InternalSpelExpressionParser.consumeArguments(InternalSpelExpressionParser.java:485) ~[spring-expression-7.0.7.jar:7.0.7]
	at org.springframework.expression.spel.standard.InternalSpelExpressionParser.maybeEatMethodArgs(InternalSpelExpressionParser.java:455) ~[spring-expression-7.0.7.jar:7.0.7]
	at org.springframework.expression.spel.standard.InternalSpelExpressionParser.maybeEatMethodOrProperty(InternalSpelExpressionParser.java:771) ~[spring-expression-7.0.7.jar:7.0.7]
	at org.springframework.expression.spel.standard.InternalSpelExpressionParser.eatDottedNode(InternalSpelExpressionParser.java:412) ~[spring-expression-7.0.7.jar:7.0.7]
	at org.springframework.expression.spel.standard.InternalSpelExpressionParser.eatNode(InternalSpelExpressionParser.java:387) ~[spring-expression-7.0.7.jar:7.0.7]
	at org.springframework.expression.spel.standard.InternalSpelExpressionParser.eatPrimaryExpression(InternalSpelExpressionParser.java:369) ~[spring-expression-7.0.7.jar:7.0.7]
	at org.springframework.expression.spel.standard.InternalSpelExpressionParser.eatUnaryExpression(InternalSpelExpressionParser.java:362) ~[spring-expression-7.0.7.jar:7.0.7]
	at org.springframework.expression.spel.standard.InternalSpelExpressionParser.eatPowerIncDecExpression(InternalSpelExpressionParser.java:316) ~[spring-expression-7.0.7.jar:7.0.7]
	at org.springframework.expression.spel.standard.InternalSpelExpressionParser.eatProductExpression(InternalSpelExpressionParser.java:295) ~[spring-expression-7.0.7.jar:7.0.7]
	at org.springframework.expression.spel.standard.InternalSpelExpressionParser.eatSumExpression(InternalSpelExpressionParser.java:278) ~[spring-expression-7.0.7.jar:7.0.7]
	at org.springframework.expression.spel.standard.InternalSpelExpressionParser.eatRelationalExpression(InternalSpelExpressionParser.java:233) ~[spring-expression-7.0.7.jar:7.0.7]
	at org.springframework.expression.spel.standard.InternalSpelExpressionParser.eatLogicalAndExpression(InternalSpelExpressionParser.java:221) ~[spring-expression-7.0.7.jar:7.0.7]
	at org.springframework.expression.spel.standard.InternalSpelExpressionParser.eatLogicalOrExpression(InternalSpelExpressionParser.java:209) ~[spring-expression-7.0.7.jar:7.0.7]
	at org.springframework.expression.spel.standard.InternalSpelExpressionParser.eatExpression(InternalSpelExpressionParser.java:171) ~[spring-expression-7.0.7.jar:7.0.7]
	at org.springframework.expression.spel.standard.InternalSpelExpressionParser.doParseExpression(InternalSpelExpressionParser.java:141) ~[spring-expression-7.0.7.jar:7.0.7]
	at org.springframework.expression.spel.standard.SpelExpressionParser.doParseExpression(SpelExpressionParser.java:64) ~[spring-expression-7.0.7.jar:7.0.7]
	at org.springframework.expression.spel.standard.SpelExpressionParser.doParseExpression(SpelExpressionParser.java:35) ~[spring-expression-7.0.7.jar:7.0.7]
	at org.springframework.expression.common.TemplateAwareExpressionParser.parseExpression(TemplateAwareExpressionParser.java:63) ~[spring-expression-7.0.7.jar:7.0.7]
	at org.springframework.expression.common.TemplateAwareExpressionParser.parseExpression(TemplateAwareExpressionParser.java:52) ~[spring-expression-7.0.7.jar:7.0.7]
	at org.thymeleaf.spring6.expression.SPELVariableExpressionEvaluator.getExpression(SPELVariableExpressionEvaluator.java:383) ~[thymeleaf-spring6-3.1.5.RELEASE.jar:3.1.5.RELEASE]
	at org.thymeleaf.spring6.expression.SPELVariableExpressionEvaluator.obtainComputedSpelExpression(SPELVariableExpressionEvaluator.java:331) ~[thymeleaf-spring6-3.1.5.RELEASE.jar:3.1.5.RELEASE]
	at org.thymeleaf.spring6.expression.SPELVariableExpressionEvaluator.evaluate(SPELVariableExpressionEvaluator.java:159) ~[thymeleaf-spring6-3.1.5.RELEASE.jar:3.1.5.RELEASE]
	at org.thymeleaf.standard.expression.VariableExpression.executeVariableExpression(VariableExpression.java:166) ~[thymeleaf-3.1.5.RELEASE.jar:3.1.5.RELEASE]
	at org.thymeleaf.standard.expression.SimpleExpression.executeSimple(SimpleExpression.java:66) ~[thymeleaf-3.1.5.RELEASE.jar:3.1.5.RELEASE]
	at org.thymeleaf.standard.expression.Expression.execute(Expression.java:109) ~[thymeleaf-3.1.5.RELEASE.jar:3.1.5.RELEASE]
	at org.thymeleaf.standard.expression.Expression.execute(Expression.java:138) ~[thymeleaf-3.1.5.RELEASE.jar:3.1.5.RELEASE]
	at org.thymeleaf.standard.expression.Expression.execute(Expression.java:125) ~[thymeleaf-3.1.5.RELEASE.jar:3.1.5.RELEASE]
	at org.thymeleaf.standard.processor.StandardEachTagProcessor.doProcess(StandardEachTagProcessor.java:73) ~[thymeleaf-3.1.5.RELEASE.jar:3.1.5.RELEASE]
	at org.thymeleaf.processor.element.AbstractAttributeTagProcessor.doProcess(AbstractAttributeTagProcessor.java:74) ~[thymeleaf-3.1.5.RELEASE.jar:3.1.5.RELEASE]
	at org.thymeleaf.processor.element.AbstractElementTagProcessor.process(AbstractElementTagProcessor.java:95) ~[thymeleaf-3.1.5.RELEASE.jar:3.1.5.RELEASE]
	at org.thymeleaf.util.ProcessorConfigurationUtils$ElementTagProcessorWrapper.process(ProcessorConfigurationUtils.java:633) ~[thymeleaf-3.1.5.RELEASE.jar:3.1.5.RELEASE]
	at org.thymeleaf.engine.ProcessorTemplateHandler.handleOpenElement(ProcessorTemplateHandler.java:1314) ~[thymeleaf-3.1.5.RELEASE.jar:3.1.5.RELEASE]
	at org.thymeleaf.engine.TemplateHandlerAdapterMarkupHandler.handleOpenElementEnd(TemplateHandlerAdapterMarkupHandler.java:304) ~[thymeleaf-3.1.5.RELEASE.jar:3.1.5.RELEASE]
	at org.thymeleaf.templateparser.markup.InlinedOutputExpressionMarkupHandler$InlineMarkupAdapterPreProcessorHandler.handleOpenElementEnd(InlinedOutputExpressionMarkupHandler.java:278) ~[thymeleaf-3.1.5.RELEASE.jar:3.1.5.RELEASE]
	at org.thymeleaf.standard.inline.OutputExpressionInlinePreProcessorHandler.handleOpenElementEnd(OutputExpressionInlinePreProcessorHandler.java:186) ~[thymeleaf-3.1.5.RELEASE.jar:3.1.5.RELEASE]
	at org.thymeleaf.templateparser.markup.InlinedOutputExpressionMarkupHandler.handleOpenElementEnd(InlinedOutputExpressionMarkupHandler.java:124) ~[thymeleaf-3.1.5.RELEASE.jar:3.1.5.RELEASE]
	at org.attoparser.HtmlElement.handleOpenElementEnd(HtmlElement.java:109) ~[attoparser-2.0.7.RELEASE.jar:2.0.7.RELEASE]
	at org.attoparser.HtmlMarkupHandler.handleOpenElementEnd(HtmlMarkupHandler.java:297) ~[attoparser-2.0.7.RELEASE.jar:2.0.7.RELEASE]
	at org.attoparser.MarkupEventProcessorHandler.handleOpenElementEnd(MarkupEventProcessorHandler.java:402) ~[attoparser-2.0.7.RELEASE.jar:2.0.7.RELEASE]
	at org.attoparser.ParsingElementMarkupUtil.parseOpenElement(ParsingElementMarkupUtil.java:159) ~[attoparser-2.0.7.RELEASE.jar:2.0.7.RELEASE]
	at org.attoparser.MarkupParser.parseBuffer(MarkupParser.java:710) ~[attoparser-2.0.7.RELEASE.jar:2.0.7.RELEASE]
	at org.attoparser.MarkupParser.parseDocument(MarkupParser.java:301) ~[attoparser-2.0.7.RELEASE.jar:2.0.7.RELEASE]
	at org.attoparser.MarkupParser.parse(MarkupParser.java:257) ~[attoparser-2.0.7.RELEASE.jar:2.0.7.RELEASE]
	at org.thymeleaf.templateparser.markup.AbstractMarkupTemplateParser.parse(AbstractMarkupTemplateParser.java:230) ~[thymeleaf-3.1.5.RELEASE.jar:3.1.5.RELEASE]
	at org.thymeleaf.templateparser.markup.AbstractMarkupTemplateParser.parseStandalone(AbstractMarkupTemplateParser.java:100) ~[thymeleaf-3.1.5.RELEASE.jar:3.1.5.RELEASE]
	at org.thymeleaf.engine.TemplateManager.parseAndProcess(TemplateManager.java:666) ~[thymeleaf-3.1.5.RELEASE.jar:3.1.5.RELEASE]
	at org.thymeleaf.TemplateEngine.process(TemplateEngine.java:1103) ~[thymeleaf-3.1.5.RELEASE.jar:3.1.5.RELEASE]
	at org.thymeleaf.TemplateEngine.process(TemplateEngine.java:1077) ~[thymeleaf-3.1.5.RELEASE.jar:3.1.5.RELEASE]
	at org.thymeleaf.spring6.view.ThymeleafView.renderFragment(ThymeleafView.java:374) ~[thymeleaf-spring6-3.1.5.RELEASE.jar:3.1.5.RELEASE]
	at org.thymeleaf.spring6.view.ThymeleafView.render(ThymeleafView.java:193) ~[thymeleaf-spring6-3.1.5.RELEASE.jar:3.1.5.RELEASE]
	at org.springframework.web.servlet.DispatcherServlet.render(DispatcherServlet.java:1305) ~[spring-webmvc-7.0.7.jar:7.0.7]
	at org.springframework.web.servlet.DispatcherServlet.processDispatchResult(DispatcherServlet.java:1042) ~[spring-webmvc-7.0.7.jar:7.0.7]
	at org.springframework.web.servlet.DispatcherServlet.doDispatch(DispatcherServlet.java:980) ~[spring-webmvc-7.0.7.jar:7.0.7]
	at org.springframework.web.servlet.DispatcherServlet.doService(DispatcherServlet.java:866) ~[spring-webmvc-7.0.7.jar:7.0.7]
	at org.springframework.web.servlet.FrameworkServlet.processRequest(FrameworkServlet.java:1000) ~[spring-webmvc-7.0.7.jar:7.0.7]
	at org.springframework.web.servlet.FrameworkServlet.doGet(FrameworkServlet.java:892) ~[spring-webmvc-7.0.7.jar:7.0.7]
	at jakarta.servlet.http.HttpServlet.service(HttpServlet.java:622) ~[tomcat-embed-core-11.0.21.jar:6.1]
	at org.springframework.web.servlet.FrameworkServlet.service(FrameworkServlet.java:874) ~[spring-webmvc-7.0.7.jar:7.0.7]
	at jakarta.servlet.http.HttpServlet.service(HttpServlet.java:710) ~[tomcat-embed-core-11.0.21.jar:6.1]
	at org.apache.catalina.core.ApplicationFilterChain.doFilter(ApplicationFilterChain.java:128) ~[tomcat-embed-core-11.0.21.jar:11.0.21]
	at org.apache.tomcat.websocket.server.WsFilter.doFilter(WsFilter.java:53) ~[tomcat-embed-websocket-11.0.21.jar:11.0.21]
	at org.apache.catalina.core.ApplicationFilterChain.doFilter(ApplicationFilterChain.java:107) ~[tomcat-embed-core-11.0.21.jar:11.0.21]
	at org.springframework.web.filter.CompositeFilter$VirtualFilterChain.doFilter(CompositeFilter.java:108) ~[spring-web-7.0.7.jar:7.0.7]
	at org.springframework.security.web.FilterChainProxy.lambda$doFilterInternal$3(FilterChainProxy.java:235) ~[spring-security-web-7.0.5.jar:7.0.5]
	at org.springframework.security.web.FilterChainProxy$VirtualFilterChain.doFilter(FilterChainProxy.java:376) ~[spring-security-web-7.0.5.jar:7.0.5]
	at org.springframework.security.web.access.intercept.AuthorizationFilter.doFilter(AuthorizationFilter.java:101) ~[spring-security-web-7.0.5.jar:7.0.5]
	at org.springframework.security.web.FilterChainProxy$VirtualFilterChain.doFilter(FilterChainProxy.java:385) ~[spring-security-web-7.0.5.jar:7.0.5]
	at org.springframework.security.web.access.ExceptionTranslationFilter.doFilter(ExceptionTranslationFilter.java:126) ~[spring-security-web-7.0.5.jar:7.0.5]
	at org.springframework.security.web.access.ExceptionTranslationFilter.doFilter(ExceptionTranslationFilter.java:120) ~[spring-security-web-7.0.5.jar:7.0.5]
	at org.springframework.security.web.FilterChainProxy$VirtualFilterChain.doFilter(FilterChainProxy.java:385) ~[spring-security-web-7.0.5.jar:7.0.5]
	at org.springframework.security.web.session.SessionManagementFilter.doFilter(SessionManagementFilter.java:132) ~[spring-security-web-7.0.5.jar:7.0.5]
	at org.springframework.security.web.session.SessionManagementFilter.doFilter(SessionManagementFilter.java:86) ~[spring-security-web-7.0.5.jar:7.0.5]
	at org.springframework.security.web.FilterChainProxy$VirtualFilterChain.doFilter(FilterChainProxy.java:385) ~[spring-security-web-7.0.5.jar:7.0.5]
	at org.springframework.security.web.authentication.AnonymousAuthenticationFilter.doFilter(AnonymousAuthenticationFilter.java:100) ~[spring-security-web-7.0.5.jar:7.0.5]
	at org.springframework.security.web.FilterChainProxy$VirtualFilterChain.doFilter(FilterChainProxy.java:385) ~[spring-security-web-7.0.5.jar:7.0.5]
	at org.springframework.security.web.servletapi.SecurityContextHolderAwareRequestFilter.doFilter(SecurityContextHolderAwareRequestFilter.java:181) ~[spring-security-web-7.0.5.jar:7.0.5]
	at org.springframework.security.web.FilterChainProxy$VirtualFilterChain.doFilter(FilterChainProxy.java:385) ~[spring-security-web-7.0.5.jar:7.0.5]
	at org.springframework.security.web.savedrequest.RequestCacheAwareFilter.doFilter(RequestCacheAwareFilter.java:63) ~[spring-security-web-7.0.5.jar:7.0.5]
	at org.springframework.security.web.FilterChainProxy$VirtualFilterChain.doFilter(FilterChainProxy.java:385) ~[spring-security-web-7.0.5.jar:7.0.5]
	at org.springframework.security.web.session.ConcurrentSessionFilter.doFilter(ConcurrentSessionFilter.java:153) ~[spring-security-web-7.0.5.jar:7.0.5]
	at org.springframework.security.web.session.ConcurrentSessionFilter.doFilter(ConcurrentSessionFilter.java:131) ~[spring-security-web-7.0.5.jar:7.0.5]
	at org.springframework.security.web.FilterChainProxy$VirtualFilterChain.doFilter(FilterChainProxy.java:385) ~[spring-security-web-7.0.5.jar:7.0.5]
	at org.springframework.security.web.authentication.AbstractAuthenticationProcessingFilter.doFilter(AbstractAuthenticationProcessingFilter.java:245) ~[spring-security-web-7.0.5.jar:7.0.5]
	at org.springframework.security.web.authentication.AbstractAuthenticationProcessingFilter.doFilter(AbstractAuthenticationProcessingFilter.java:239) ~[spring-security-web-7.0.5.jar:7.0.5]
	at org.springframework.security.web.FilterChainProxy$VirtualFilterChain.doFilter(FilterChainProxy.java:385) ~[spring-security-web-7.0.5.jar:7.0.5]
	at org.springframework.security.web.authentication.logout.LogoutFilter.doFilter(LogoutFilter.java:110) ~[spring-security-web-7.0.5.jar:7.0.5]
	at org.springframework.security.web.authentication.logout.LogoutFilter.doFilter(LogoutFilter.java:96) ~[spring-security-web-7.0.5.jar:7.0.5]
	at org.springframework.security.web.FilterChainProxy$VirtualFilterChain.doFilter(FilterChainProxy.java:385) ~[spring-security-web-7.0.5.jar:7.0.5]
	at org.springframework.security.web.csrf.CsrfFilter.doFilterInternal(CsrfFilter.java:118) ~[spring-security-web-7.0.5.jar:7.0.5]
	at org.springframework.web.filter.OncePerRequestFilter.doFilter(OncePerRequestFilter.java:116) ~[spring-web-7.0.7.jar:7.0.7]
	at org.springframework.security.web.FilterChainProxy$VirtualFilterChain.doFilter(FilterChainProxy.java:385) ~[spring-security-web-7.0.5.jar:7.0.5]
	at org.springframework.security.web.header.HeaderWriterFilter.doHeadersAfter(HeaderWriterFilter.java:90) ~[spring-security-web-7.0.5.jar:7.0.5]
	at org.springframework.security.web.header.HeaderWriterFilter.doFilterInternal(HeaderWriterFilter.java:75) ~[spring-security-web-7.0.5.jar:7.0.5]
	at org.springframework.web.filter.OncePerRequestFilter.doFilter(OncePerRequestFilter.java:116) ~[spring-web-7.0.7.jar:7.0.7]
	at org.springframework.security.web.FilterChainProxy$VirtualFilterChain.doFilter(FilterChainProxy.java:385) ~[spring-security-web-7.0.5.jar:7.0.5]
	at org.springframework.security.web.context.SecurityContextHolderFilter.doFilter(SecurityContextHolderFilter.java:82) ~[spring-security-web-7.0.5.jar:7.0.5]
	at org.springframework.security.web.context.SecurityContextHolderFilter.doFilter(SecurityContextHolderFilter.java:69) ~[spring-security-web-7.0.5.jar:7.0.5]
	at org.springframework.security.web.FilterChainProxy$VirtualFilterChain.doFilter(FilterChainProxy.java:385) ~[spring-security-web-7.0.5.jar:7.0.5]
	at org.springframework.security.web.context.request.async.WebAsyncManagerIntegrationFilter.doFilterInternal(WebAsyncManagerIntegrationFilter.java:62) ~[spring-security-web-7.0.5.jar:7.0.5]
	at org.springframework.web.filter.OncePerRequestFilter.doFilter(OncePerRequestFilter.java:116) ~[spring-web-7.0.7.jar:7.0.7]
	at org.springframework.security.web.FilterChainProxy$VirtualFilterChain.doFilter(FilterChainProxy.java:385) ~[spring-security-web-7.0.5.jar:7.0.5]
	at org.springframework.security.web.session.DisableEncodeUrlFilter.doFilterInternal(DisableEncodeUrlFilter.java:42) ~[spring-security-web-7.0.5.jar:7.0.5]
	at org.springframework.web.filter.OncePerRequestFilter.doFilter(OncePerRequestFilter.java:116) ~[spring-web-7.0.7.jar:7.0.7]
	at org.springframework.security.web.FilterChainProxy$VirtualFilterChain.doFilter(FilterChainProxy.java:385) ~[spring-security-web-7.0.5.jar:7.0.5]
	at org.springframework.security.web.FilterChainProxy.doFilterInternal(FilterChainProxy.java:237) ~[spring-security-web-7.0.5.jar:7.0.5]
	at org.springframework.security.web.FilterChainProxy.doFilter(FilterChainProxy.java:195) ~[spring-security-web-7.0.5.jar:7.0.5]
	at org.springframework.web.filter.CompositeFilter$VirtualFilterChain.doFilter(CompositeFilter.java:113) ~[spring-web-7.0.7.jar:7.0.7]
	at org.springframework.web.filter.ServletRequestPathFilter.doFilter(ServletRequestPathFilter.java:52) ~[spring-web-7.0.7.jar:7.0.7]
	at org.springframework.web.filter.CompositeFilter$VirtualFilterChain.doFilter(CompositeFilter.java:113) ~[spring-web-7.0.7.jar:7.0.7]
	at org.springframework.web.filter.CompositeFilter.doFilter(CompositeFilter.java:74) ~[spring-web-7.0.7.jar:7.0.7]
	at org.springframework.security.config.annotation.web.configuration.WebSecurityConfiguration$CompositeFilterChainProxy.doFilter(WebSecurityConfiguration.java:317) ~[spring-security-config-7.0.5.jar:7.0.5]
	at org.springframework.web.filter.DelegatingFilterProxy.invokeDelegate(DelegatingFilterProxy.java:355) ~[spring-web-7.0.7.jar:7.0.7]
	at org.springframework.web.filter.DelegatingFilterProxy.doFilter(DelegatingFilterProxy.java:272) ~[spring-web-7.0.7.jar:7.0.7]
	at org.apache.catalina.core.ApplicationFilterChain.doFilter(ApplicationFilterChain.java:107) ~[tomcat-embed-core-11.0.21.jar:11.0.21]
	at org.springframework.web.filter.RequestContextFilter.doFilterInternal(RequestContextFilter.java:100) ~[spring-web-7.0.7.jar:7.0.7]
	at org.springframework.web.filter.OncePerRequestFilter.doFilter(OncePerRequestFilter.java:116) ~[spring-web-7.0.7.jar:7.0.7]
	at org.apache.catalina.core.ApplicationFilterChain.doFilter(ApplicationFilterChain.java:107) ~[tomcat-embed-core-11.0.21.jar:11.0.21]
	at org.springframework.web.filter.FormContentFilter.doFilterInternal(FormContentFilter.java:93) ~[spring-web-7.0.7.jar:7.0.7]
	at org.springframework.web.filter.OncePerRequestFilter.doFilter(OncePerRequestFilter.java:116) ~[spring-web-7.0.7.jar:7.0.7]
	at org.apache.catalina.core.ApplicationFilterChain.doFilter(ApplicationFilterChain.java:107) ~[tomcat-embed-core-11.0.21.jar:11.0.21]
	at org.springframework.web.filter.CharacterEncodingFilter.doFilterInternal(CharacterEncodingFilter.java:199) ~[spring-web-7.0.7.jar:7.0.7]
	at org.springframework.web.filter.OncePerRequestFilter.doFilter(OncePerRequestFilter.java:116) ~[spring-web-7.0.7.jar:7.0.7]
	at org.apache.catalina.core.ApplicationFilterChain.doFilter(ApplicationFilterChain.java:107) ~[tomcat-embed-core-11.0.21.jar:11.0.21]
	at org.apache.catalina.core.StandardWrapperValve.invoke(StandardWrapperValve.java:165) ~[tomcat-embed-core-11.0.21.jar:11.0.21]
	at org.apache.catalina.core.StandardContextValve.invoke(StandardContextValve.java:77) ~[tomcat-embed-core-11.0.21.jar:11.0.21]
	at org.apache.catalina.authenticator.AuthenticatorBase.invoke(AuthenticatorBase.java:492) ~[tomcat-embed-core-11.0.21.jar:11.0.21]
	at org.apache.catalina.core.StandardHostValve.invoke(StandardHostValve.java:113) ~[tomcat-embed-core-11.0.21.jar:11.0.21]
	at org.apache.catalina.valves.ErrorReportValve.invoke(ErrorReportValve.java:83) ~[tomcat-embed-core-11.0.21.jar:11.0.21]
	at org.apache.catalina.core.StandardEngineValve.invoke(StandardEngineValve.java:72) ~[tomcat-embed-core-11.0.21.jar:11.0.21]
	at org.apache.catalina.connector.CoyoteAdapter.service(CoyoteAdapter.java:341) ~[tomcat-embed-core-11.0.21.jar:11.0.21]
	at org.apache.coyote.http11.Http11Processor.service(Http11Processor.java:397) ~[tomcat-embed-core-11.0.21.jar:11.0.21]
	at org.apache.coyote.AbstractProcessorLight.process(AbstractProcessorLight.java:63) ~[tomcat-embed-core-11.0.21.jar:11.0.21]
	at org.apache.coyote.AbstractProtocol$ConnectionHandler.process(AbstractProtocol.java:903) ~[tomcat-embed-core-11.0.21.jar:11.0.21]
	at org.apache.tomcat.util.net.NioEndpoint$SocketProcessor.doRun(NioEndpoint.java:1801) ~[tomcat-embed-core-11.0.21.jar:11.0.21]
	at org.apache.tomcat.util.net.SocketProcessorBase.run(SocketProcessorBase.java:52) ~[tomcat-embed-core-11.0.21.jar:11.0.21]
	at org.apache.tomcat.util.threads.ThreadPoolExecutor.runWorker(ThreadPoolExecutor.java:946) ~[tomcat-embed-core-11.0.21.jar:11.0.21]
	at org.apache.tomcat.util.threads.ThreadPoolExecutor$Worker.run(ThreadPoolExecutor.java:480) ~[tomcat-embed-core-11.0.21.jar:11.0.21]
	at org.apache.tomcat.util.threads.TaskThread$WrappingRunnable.run(TaskThread.java:57) ~[tomcat-embed-core-11.0.21.jar:11.0.21]
	at java.base/java.lang.Thread.run(Thread.java:1516) ~[na:na]

2026-08-10T15:18:22.038+05:30 ERROR 9812 --- [Bug Tracking System] [http-nio-8081-exec-5] a.e.ErrorMvcAutoConfiguration$StaticView : Cannot render error page for request [/bugs] and exception [An error happened during template parsing (template: "class path resource [templates/bugs/list.html]")] as the response has already been committed. As a result, the response may have the wrong status code.
2026-08-10T15:19:02.389+05:30 ERROR 9812 --- [Bug Tracking System] [http-nio-8081-exec-8] org.thymeleaf.TemplateEngine             : [THYMELEAF][http-nio-8081-exec-8] Exception processing template "bugs/list": An error happened during template parsing (template: "class path resource [templates/bugs/list.html]")

org.thymeleaf.exceptions.TemplateInputException: An error happened during template parsing (template: "class path resource [templates/bugs/list.html]")
	at org.thymeleaf.templateparser.markup.AbstractMarkupTemplateParser.parse(AbstractMarkupTemplateParser.java:241) ~[thymeleaf-3.1.5.RELEASE.jar:3.1.5.RELEASE]
	at org.thymeleaf.templateparser.markup.AbstractMarkupTemplateParser.parseStandalone(AbstractMarkupTemplateParser.java:100) ~[thymeleaf-3.1.5.RELEASE.jar:3.1.5.RELEASE]
	at org.thymeleaf.engine.TemplateManager.parseAndProcess(TemplateManager.java:666) ~[thymeleaf-3.1.5.RELEASE.jar:3.1.5.RELEASE]
	at org.thymeleaf.TemplateEngine.process(TemplateEngine.java:1103) ~[thymeleaf-3.1.5.RELEASE.jar:3.1.5.RELEASE]
	at org.thymeleaf.TemplateEngine.process(TemplateEngine.java:1077) ~[thymeleaf-3.1.5.RELEASE.jar:3.1.5.RELEASE]
	at org.thymeleaf.spring6.view.ThymeleafView.renderFragment(ThymeleafView.java:374) ~[thymeleaf-spring6-3.1.5.RELEASE.jar:3.1.5.RELEASE]
	at org.thymeleaf.spring6.view.ThymeleafView.render(ThymeleafView.java:193) ~[thymeleaf-spring6-3.1.5.RELEASE.jar:3.1.5.RELEASE]
	at org.springframework.web.servlet.DispatcherServlet.render(DispatcherServlet.java:1305) ~[spring-webmvc-7.0.7.jar:7.0.7]
	at org.springframework.web.servlet.DispatcherServlet.processDispatchResult(DispatcherServlet.java:1042) ~[spring-webmvc-7.0.7.jar:7.0.7]
	at org.springframework.web.servlet.DispatcherServlet.doDispatch(DispatcherServlet.java:980) ~[spring-webmvc-7.0.7.jar:7.0.7]
	at org.springframework.web.servlet.DispatcherServlet.doService(DispatcherServlet.java:866) ~[spring-webmvc-7.0.7.jar:7.0.7]
	at org.springframework.web.servlet.FrameworkServlet.processRequest(FrameworkServlet.java:1000) ~[spring-webmvc-7.0.7.jar:7.0.7]
	at org.springframework.web.servlet.FrameworkServlet.doGet(FrameworkServlet.java:892) ~[spring-webmvc-7.0.7.jar:7.0.7]
	at jakarta.servlet.http.HttpServlet.service(HttpServlet.java:622) ~[tomcat-embed-core-11.0.21.jar:6.1]
	at org.springframework.web.servlet.FrameworkServlet.service(FrameworkServlet.java:874) ~[spring-webmvc-7.0.7.jar:7.0.7]
	at jakarta.servlet.http.HttpServlet.service(HttpServlet.java:710) ~[tomcat-embed-core-11.0.21.jar:6.1]
	at org.apache.catalina.core.ApplicationFilterChain.doFilter(ApplicationFilterChain.java:128) ~[tomcat-embed-core-11.0.21.jar:11.0.21]
	at org.apache.tomcat.websocket.server.WsFilter.doFilter(WsFilter.java:53) ~[tomcat-embed-websocket-11.0.21.jar:11.0.21]
	at org.apache.catalina.core.ApplicationFilterChain.doFilter(ApplicationFilterChain.java:107) ~[tomcat-embed-core-11.0.21.jar:11.0.21]
	at org.springframework.web.filter.CompositeFilter$VirtualFilterChain.doFilter(CompositeFilter.java:108) ~[spring-web-7.0.7.jar:7.0.7]
	at org.springframework.security.web.FilterChainProxy.lambda$doFilterInternal$3(FilterChainProxy.java:235) ~[spring-security-web-7.0.5.jar:7.0.5]
	at org.springframework.security.web.FilterChainProxy$VirtualFilterChain.doFilter(FilterChainProxy.java:376) ~[spring-security-web-7.0.5.jar:7.0.5]
	at org.springframework.security.web.access.intercept.AuthorizationFilter.doFilter(AuthorizationFilter.java:101) ~[spring-security-web-7.0.5.jar:7.0.5]
	at org.springframework.security.web.FilterChainProxy$VirtualFilterChain.doFilter(FilterChainProxy.java:385) ~[spring-security-web-7.0.5.jar:7.0.5]
	at org.springframework.security.web.access.ExceptionTranslationFilter.doFilter(ExceptionTranslationFilter.java:126) ~[spring-security-web-7.0.5.jar:7.0.5]
	at org.springframework.security.web.access.ExceptionTranslationFilter.doFilter(ExceptionTranslationFilter.java:120) ~[spring-security-web-7.0.5.jar:7.0.5]
	at org.springframework.security.web.FilterChainProxy$VirtualFilterChain.doFilter(FilterChainProxy.java:385) ~[spring-security-web-7.0.5.jar:7.0.5]
	at org.springframework.security.web.session.SessionManagementFilter.doFilter(SessionManagementFilter.java:132) ~[spring-security-web-7.0.5.jar:7.0.5]
	at org.springframework.security.web.session.SessionManagementFilter.doFilter(SessionManagementFilter.java:86) ~[spring-security-web-7.0.5.jar:7.0.5]
	at org.springframework.security.web.FilterChainProxy$VirtualFilterChain.doFilter(FilterChainProxy.java:385) ~[spring-security-web-7.0.5.jar:7.0.5]
	at org.springframework.security.web.authentication.AnonymousAuthenticationFilter.doFilter(AnonymousAuthenticationFilter.java:100) ~[spring-security-web-7.0.5.jar:7.0.5]
	at org.springframework.security.web.FilterChainProxy$VirtualFilterChain.doFilter(FilterChainProxy.java:385) ~[spring-security-web-7.0.5.jar:7.0.5]
	at org.springframework.security.web.servletapi.SecurityContextHolderAwareRequestFilter.doFilter(SecurityContextHolderAwareRequestFilter.java:181) ~[spring-security-web-7.0.5.jar:7.0.5]
	at org.springframework.security.web.FilterChainProxy$VirtualFilterChain.doFilter(FilterChainProxy.java:385) ~[spring-security-web-7.0.5.jar:7.0.5]
	at org.springframework.security.web.savedrequest.RequestCacheAwareFilter.doFilter(RequestCacheAwareFilter.java:63) ~[spring-security-web-7.0.5.jar:7.0.5]
	at org.springframework.security.web.FilterChainProxy$VirtualFilterChain.doFilter(FilterChainProxy.java:385) ~[spring-security-web-7.0.5.jar:7.0.5]
	at org.springframework.security.web.session.ConcurrentSessionFilter.doFilter(ConcurrentSessionFilter.java:153) ~[spring-security-web-7.0.5.jar:7.0.5]
	at org.springframework.security.web.session.ConcurrentSessionFilter.doFilter(ConcurrentSessionFilter.java:131) ~[spring-security-web-7.0.5.jar:7.0.5]
	at org.springframework.security.web.FilterChainProxy$VirtualFilterChain.doFilter(FilterChainProxy.java:385) ~[spring-security-web-7.0.5.jar:7.0.5]
	at org.springframework.security.web.authentication.AbstractAuthenticationProcessingFilter.doFilter(AbstractAuthenticationProcessingFilter.java:245) ~[spring-security-web-7.0.5.jar:7.0.5]
	at org.springframework.security.web.authentication.AbstractAuthenticationProcessingFilter.doFilter(AbstractAuthenticationProcessingFilter.java:239) ~[spring-security-web-7.0.5.jar:7.0.5]
	at org.springframework.security.web.FilterChainProxy$VirtualFilterChain.doFilter(FilterChainProxy.java:385) ~[spring-security-web-7.0.5.jar:7.0.5]
	at org.springframework.security.web.authentication.logout.LogoutFilter.doFilter(LogoutFilter.java:110) ~[spring-security-web-7.0.5.jar:7.0.5]
	at org.springframework.security.web.authentication.logout.LogoutFilter.doFilter(LogoutFilter.java:96) ~[spring-security-web-7.0.5.jar:7.0.5]
	at org.springframework.security.web.FilterChainProxy$VirtualFilterChain.doFilter(FilterChainProxy.java:385) ~[spring-security-web-7.0.5.jar:7.0.5]
	at org.springframework.security.web.csrf.CsrfFilter.doFilterInternal(CsrfFilter.java:118) ~[spring-security-web-7.0.5.jar:7.0.5]
	at org.springframework.web.filter.OncePerRequestFilter.doFilter(OncePerRequestFilter.java:116) ~[spring-web-7.0.7.jar:7.0.7]
	at org.springframework.security.web.FilterChainProxy$VirtualFilterChain.doFilter(FilterChainProxy.java:385) ~[spring-security-web-7.0.5.jar:7.0.5]
	at org.springframework.security.web.header.HeaderWriterFilter.doHeadersAfter(HeaderWriterFilter.java:90) ~[spring-security-web-7.0.5.jar:7.0.5]
	at org.springframework.security.web.header.HeaderWriterFilter.doFilterInternal(HeaderWriterFilter.java:75) ~[spring-security-web-7.0.5.jar:7.0.5]
	at org.springframework.web.filter.OncePerRequestFilter.doFilter(OncePerRequestFilter.java:116) ~[spring-web-7.0.7.jar:7.0.7]
	at org.springframework.security.web.FilterChainProxy$VirtualFilterChain.doFilter(FilterChainProxy.java:385) ~[spring-security-web-7.0.5.jar:7.0.5]
	at org.springframework.security.web.context.SecurityContextHolderFilter.doFilter(SecurityContextHolderFilter.java:82) ~[spring-security-web-7.0.5.jar:7.0.5]
	at org.springframework.security.web.context.SecurityContextHolderFilter.doFilter(SecurityContextHolderFilter.java:69) ~[spring-security-web-7.0.5.jar:7.0.5]
	at org.springframework.security.web.FilterChainProxy$VirtualFilterChain.doFilter(FilterChainProxy.java:385) ~[spring-security-web-7.0.5.jar:7.0.5]
	at org.springframework.security.web.context.request.async.WebAsyncManagerIntegrationFilter.doFilterInternal(WebAsyncManagerIntegrationFilter.java:62) ~[spring-security-web-7.0.5.jar:7.0.5]
	at org.springframework.web.filter.OncePerRequestFilter.doFilter(OncePerRequestFilter.java:116) ~[spring-web-7.0.7.jar:7.0.7]
	at org.springframework.security.web.FilterChainProxy$VirtualFilterChain.doFilter(FilterChainProxy.java:385) ~[spring-security-web-7.0.5.jar:7.0.5]
	at org.springframework.security.web.session.DisableEncodeUrlFilter.doFilterInternal(DisableEncodeUrlFilter.java:42) ~[spring-security-web-7.0.5.jar:7.0.5]
	at org.springframework.web.filter.OncePerRequestFilter.doFilter(OncePerRequestFilter.java:116) ~[spring-web-7.0.7.jar:7.0.7]
	at org.springframework.security.web.FilterChainProxy$VirtualFilterChain.doFilter(FilterChainProxy.java:385) ~[spring-security-web-7.0.5.jar:7.0.5]
	at org.springframework.security.web.FilterChainProxy.doFilterInternal(FilterChainProxy.java:237) ~[spring-security-web-7.0.5.jar:7.0.5]
	at org.springframework.security.web.FilterChainProxy.doFilter(FilterChainProxy.java:195) ~[spring-security-web-7.0.5.jar:7.0.5]
	at org.springframework.web.filter.CompositeFilter$VirtualFilterChain.doFilter(CompositeFilter.java:113) ~[spring-web-7.0.7.jar:7.0.7]
	at org.springframework.web.filter.ServletRequestPathFilter.doFilter(ServletRequestPathFilter.java:52) ~[spring-web-7.0.7.jar:7.0.7]
	at org.springframework.web.filter.CompositeFilter$VirtualFilterChain.doFilter(CompositeFilter.java:113) ~[spring-web-7.0.7.jar:7.0.7]
	at org.springframework.web.filter.CompositeFilter.doFilter(CompositeFilter.java:74) ~[spring-web-7.0.7.jar:7.0.7]
	at org.springframework.security.config.annotation.web.configuration.WebSecurityConfiguration$CompositeFilterChainProxy.doFilter(WebSecurityConfiguration.java:317) ~[spring-security-config-7.0.5.jar:7.0.5]
	at org.springframework.web.filter.DelegatingFilterProxy.invokeDelegate(DelegatingFilterProxy.java:355) ~[spring-web-7.0.7.jar:7.0.7]
	at org.springframework.web.filter.DelegatingFilterProxy.doFilter(DelegatingFilterProxy.java:272) ~[spring-web-7.0.7.jar:7.0.7]
	at org.apache.catalina.core.ApplicationFilterChain.doFilter(ApplicationFilterChain.java:107) ~[tomcat-embed-core-11.0.21.jar:11.0.21]
	at org.springframework.web.filter.RequestContextFilter.doFilterInternal(RequestContextFilter.java:100) ~[spring-web-7.0.7.jar:7.0.7]
	at org.springframework.web.filter.OncePerRequestFilter.doFilter(OncePerRequestFilter.java:116) ~[spring-web-7.0.7.jar:7.0.7]
	at org.apache.catalina.core.ApplicationFilterChain.doFilter(ApplicationFilterChain.java:107) ~[tomcat-embed-core-11.0.21.jar:11.0.21]
	at org.springframework.web.filter.FormContentFilter.doFilterInternal(FormContentFilter.java:93) ~[spring-web-7.0.7.jar:7.0.7]
	at org.springframework.web.filter.OncePerRequestFilter.doFilter(OncePerRequestFilter.java:116) ~[spring-web-7.0.7.jar:7.0.7]
	at org.apache.catalina.core.ApplicationFilterChain.doFilter(ApplicationFilterChain.java:107) ~[tomcat-embed-core-11.0.21.jar:11.0.21]
	at org.springframework.web.filter.CharacterEncodingFilter.doFilterInternal(CharacterEncodingFilter.java:199) ~[spring-web-7.0.7.jar:7.0.7]
	at org.springframework.web.filter.OncePerRequestFilter.doFilter(OncePerRequestFilter.java:116) ~[spring-web-7.0.7.jar:7.0.7]
	at org.apache.catalina.core.ApplicationFilterChain.doFilter(ApplicationFilterChain.java:107) ~[tomcat-embed-core-11.0.21.jar:11.0.21]
	at org.apache.catalina.core.StandardWrapperValve.invoke(StandardWrapperValve.java:165) ~[tomcat-embed-core-11.0.21.jar:11.0.21]
	at org.apache.catalina.core.StandardContextValve.invoke(StandardContextValve.java:77) ~[tomcat-embed-core-11.0.21.jar:11.0.21]
	at org.apache.catalina.authenticator.AuthenticatorBase.invoke(AuthenticatorBase.java:492) ~[tomcat-embed-core-11.0.21.jar:11.0.21]
	at org.apache.catalina.core.StandardHostValve.invoke(StandardHostValve.java:113) ~[tomcat-embed-core-11.0.21.jar:11.0.21]
	at org.apache.catalina.valves.ErrorReportValve.invoke(ErrorReportValve.java:83) ~[tomcat-embed-core-11.0.21.jar:11.0.21]
	at org.apache.catalina.core.StandardEngineValve.invoke(StandardEngineValve.java:72) ~[tomcat-embed-core-11.0.21.jar:11.0.21]
	at org.apache.catalina.connector.CoyoteAdapter.service(CoyoteAdapter.java:341) ~[tomcat-embed-core-11.0.21.jar:11.0.21]
	at org.apache.coyote.http11.Http11Processor.service(Http11Processor.java:397) ~[tomcat-embed-core-11.0.21.jar:11.0.21]
	at org.apache.coyote.AbstractProcessorLight.process(AbstractProcessorLight.java:63) ~[tomcat-embed-core-11.0.21.jar:11.0.21]
	at org.apache.coyote.AbstractProtocol$ConnectionHandler.process(AbstractProtocol.java:903) ~[tomcat-embed-core-11.0.21.jar:11.0.21]
	at org.apache.tomcat.util.net.NioEndpoint$SocketProcessor.doRun(NioEndpoint.java:1801) ~[tomcat-embed-core-11.0.21.jar:11.0.21]
	at org.apache.tomcat.util.net.SocketProcessorBase.run(SocketProcessorBase.java:52) ~[tomcat-embed-core-11.0.21.jar:11.0.21]
	at org.apache.tomcat.util.threads.ThreadPoolExecutor.runWorker(ThreadPoolExecutor.java:946) ~[tomcat-embed-core-11.0.21.jar:11.0.21]
	at org.apache.tomcat.util.threads.ThreadPoolExecutor$Worker.run(ThreadPoolExecutor.java:480) ~[tomcat-embed-core-11.0.21.jar:11.0.21]
	at org.apache.tomcat.util.threads.TaskThread$WrappingRunnable.run(TaskThread.java:57) ~[tomcat-embed-core-11.0.21.jar:11.0.21]
	at java.base/java.lang.Thread.run(Thread.java:1516) ~[na:na]
Caused by: org.attoparser.ParseException: Error during execution of processor 'org.thymeleaf.standard.processor.StandardEachTagProcessor' (template: "bugs/list" - line 501, col 33)
	at org.attoparser.MarkupParser.parseDocument(MarkupParser.java:393) ~[attoparser-2.0.7.RELEASE.jar:2.0.7.RELEASE]
	at org.attoparser.MarkupParser.parse(MarkupParser.java:257) ~[attoparser-2.0.7.RELEASE.jar:2.0.7.RELEASE]
	at org.thymeleaf.templateparser.markup.AbstractMarkupTemplateParser.parse(AbstractMarkupTemplateParser.java:230) ~[thymeleaf-3.1.5.RELEASE.jar:3.1.5.RELEASE]
	... 95 common frames omitted
Caused by: org.thymeleaf.exceptions.TemplateProcessingException: Error during execution of processor 'org.thymeleaf.standard.processor.StandardEachTagProcessor' (template: "bugs/list" - line 501, col 33)
	at org.thymeleaf.processor.element.AbstractAttributeTagProcessor.doProcess(AbstractAttributeTagProcessor.java:117) ~[thymeleaf-3.1.5.RELEASE.jar:3.1.5.RELEASE]
	at org.thymeleaf.processor.element.AbstractElementTagProcessor.process(AbstractElementTagProcessor.java:95) ~[thymeleaf-3.1.5.RELEASE.jar:3.1.5.RELEASE]
	at org.thymeleaf.util.ProcessorConfigurationUtils$ElementTagProcessorWrapper.process(ProcessorConfigurationUtils.java:633) ~[thymeleaf-3.1.5.RELEASE.jar:3.1.5.RELEASE]
	at org.thymeleaf.engine.ProcessorTemplateHandler.handleOpenElement(ProcessorTemplateHandler.java:1314) ~[thymeleaf-3.1.5.RELEASE.jar:3.1.5.RELEASE]
	at org.thymeleaf.engine.TemplateHandlerAdapterMarkupHandler.handleOpenElementEnd(TemplateHandlerAdapterMarkupHandler.java:304) ~[thymeleaf-3.1.5.RELEASE.jar:3.1.5.RELEASE]
	at org.thymeleaf.templateparser.markup.InlinedOutputExpressionMarkupHandler$InlineMarkupAdapterPreProcessorHandler.handleOpenElementEnd(InlinedOutputExpressionMarkupHandler.java:278) ~[thymeleaf-3.1.5.RELEASE.jar:3.1.5.RELEASE]
	at org.thymeleaf.standard.inline.OutputExpressionInlinePreProcessorHandler.handleOpenElementEnd(OutputExpressionInlinePreProcessorHandler.java:186) ~[thymeleaf-3.1.5.RELEASE.jar:3.1.5.RELEASE]
	at org.thymeleaf.templateparser.markup.InlinedOutputExpressionMarkupHandler.handleOpenElementEnd(InlinedOutputExpressionMarkupHandler.java:124) ~[thymeleaf-3.1.5.RELEASE.jar:3.1.5.RELEASE]
	at org.attoparser.HtmlElement.handleOpenElementEnd(HtmlElement.java:109) ~[attoparser-2.0.7.RELEASE.jar:2.0.7.RELEASE]
	at org.attoparser.HtmlMarkupHandler.handleOpenElementEnd(HtmlMarkupHandler.java:297) ~[attoparser-2.0.7.RELEASE.jar:2.0.7.RELEASE]
	at org.attoparser.MarkupEventProcessorHandler.handleOpenElementEnd(MarkupEventProcessorHandler.java:402) ~[attoparser-2.0.7.RELEASE.jar:2.0.7.RELEASE]
	at org.attoparser.ParsingElementMarkupUtil.parseOpenElement(ParsingElementMarkupUtil.java:159) ~[attoparser-2.0.7.RELEASE.jar:2.0.7.RELEASE]
	at org.attoparser.MarkupParser.parseBuffer(MarkupParser.java:710) ~[attoparser-2.0.7.RELEASE.jar:2.0.7.RELEASE]
	at org.attoparser.MarkupParser.parseDocument(MarkupParser.java:301) ~[attoparser-2.0.7.RELEASE.jar:2.0.7.RELEASE]
	... 97 common frames omitted
Caused by: org.springframework.expression.spel.SpelParseException: Expression [#numbers.sequence(
                                              [[${ [[${ Math.max(1,
                                              currentPage-2) }]] }]],
                                              [[${ Math.min(totalPages,
                                              currentPage+2) }]])] @69: EL1043E: Unexpected token. Expected 'rsquare(])' but was 'lcurly({)'
	at org.springframework.expression.spel.standard.InternalSpelExpressionParser.internalException(InternalSpelExpressionParser.java:1057) ~[spring-expression-7.0.7.jar:7.0.7]
	at org.springframework.expression.spel.standard.InternalSpelExpressionParser.eatToken(InternalSpelExpressionParser.java:938) ~[spring-expression-7.0.7.jar:7.0.7]
	at org.springframework.expression.spel.standard.InternalSpelExpressionParser.maybeEatIndexer(InternalSpelExpressionParser.java:701) ~[spring-expression-7.0.7.jar:7.0.7]
	at org.springframework.expression.spel.standard.InternalSpelExpressionParser.eatStartNode(InternalSpelExpressionParser.java:530) ~[spring-expression-7.0.7.jar:7.0.7]
	at org.springframework.expression.spel.standard.InternalSpelExpressionParser.eatPrimaryExpression(InternalSpelExpressionParser.java:367) ~[spring-expression-7.0.7.jar:7.0.7]
	at org.springframework.expression.spel.standard.InternalSpelExpressionParser.eatUnaryExpression(InternalSpelExpressionParser.java:362) ~[spring-expression-7.0.7.jar:7.0.7]
	at org.springframework.expression.spel.standard.InternalSpelExpressionParser.eatPowerIncDecExpression(InternalSpelExpressionParser.java:316) ~[spring-expression-7.0.7.jar:7.0.7]
	at org.springframework.expression.spel.standard.InternalSpelExpressionParser.eatProductExpression(InternalSpelExpressionParser.java:295) ~[spring-expression-7.0.7.jar:7.0.7]
	at org.springframework.expression.spel.standard.InternalSpelExpressionParser.eatSumExpression(InternalSpelExpressionParser.java:278) ~[spring-expression-7.0.7.jar:7.0.7]
	at org.springframework.expression.spel.standard.InternalSpelExpressionParser.eatRelationalExpression(InternalSpelExpressionParser.java:233) ~[spring-expression-7.0.7.jar:7.0.7]
	at org.springframework.expression.spel.standard.InternalSpelExpressionParser.eatLogicalAndExpression(InternalSpelExpressionParser.java:221) ~[spring-expression-7.0.7.jar:7.0.7]
	at org.springframework.expression.spel.standard.InternalSpelExpressionParser.eatLogicalOrExpression(InternalSpelExpressionParser.java:209) ~[spring-expression-7.0.7.jar:7.0.7]
	at org.springframework.expression.spel.standard.InternalSpelExpressionParser.eatExpression(InternalSpelExpressionParser.java:171) ~[spring-expression-7.0.7.jar:7.0.7]
	at org.springframework.expression.spel.standard.InternalSpelExpressionParser.maybeEatIndexer(InternalSpelExpressionParser.java:697) ~[spring-expression-7.0.7.jar:7.0.7]
	at org.springframework.expression.spel.standard.InternalSpelExpressionParser.eatStartNode(InternalSpelExpressionParser.java:530) ~[spring-expression-7.0.7.jar:7.0.7]
	at org.springframework.expression.spel.standard.InternalSpelExpressionParser.eatPrimaryExpression(InternalSpelExpressionParser.java:367) ~[spring-expression-7.0.7.jar:7.0.7]
	at org.springframework.expression.spel.standard.InternalSpelExpressionParser.eatUnaryExpression(InternalSpelExpressionParser.java:362) ~[spring-expression-7.0.7.jar:7.0.7]
	at org.springframework.expression.spel.standard.InternalSpelExpressionParser.eatPowerIncDecExpression(InternalSpelExpressionParser.java:316) ~[spring-expression-7.0.7.jar:7.0.7]
	at org.springframework.expression.spel.standard.InternalSpelExpressionParser.eatProductExpression(InternalSpelExpressionParser.java:295) ~[spring-expression-7.0.7.jar:7.0.7]
	at org.springframework.expression.spel.standard.InternalSpelExpressionParser.eatSumExpression(InternalSpelExpressionParser.java:278) ~[spring-expression-7.0.7.jar:7.0.7]
	at org.springframework.expression.spel.standard.InternalSpelExpressionParser.eatRelationalExpression(InternalSpelExpressionParser.java:233) ~[spring-expression-7.0.7.jar:7.0.7]
	at org.springframework.expression.spel.standard.InternalSpelExpressionParser.eatLogicalAndExpression(InternalSpelExpressionParser.java:221) ~[spring-expression-7.0.7.jar:7.0.7]
	at org.springframework.expression.spel.standard.InternalSpelExpressionParser.eatLogicalOrExpression(InternalSpelExpressionParser.java:209) ~[spring-expression-7.0.7.jar:7.0.7]
	at org.springframework.expression.spel.standard.InternalSpelExpressionParser.eatExpression(InternalSpelExpressionParser.java:171) ~[spring-expression-7.0.7.jar:7.0.7]
	at org.springframework.expression.spel.standard.InternalSpelExpressionParser.consumeArguments(InternalSpelExpressionParser.java:485) ~[spring-expression-7.0.7.jar:7.0.7]
	at org.springframework.expression.spel.standard.InternalSpelExpressionParser.maybeEatMethodArgs(InternalSpelExpressionParser.java:455) ~[spring-expression-7.0.7.jar:7.0.7]
	at org.springframework.expression.spel.standard.InternalSpelExpressionParser.maybeEatMethodOrProperty(InternalSpelExpressionParser.java:771) ~[spring-expression-7.0.7.jar:7.0.7]
	at org.springframework.expression.spel.standard.InternalSpelExpressionParser.eatDottedNode(InternalSpelExpressionParser.java:412) ~[spring-expression-7.0.7.jar:7.0.7]
	at org.springframework.expression.spel.standard.InternalSpelExpressionParser.eatNode(InternalSpelExpressionParser.java:387) ~[spring-expression-7.0.7.jar:7.0.7]
	at org.springframework.expression.spel.standard.InternalSpelExpressionParser.eatPrimaryExpression(InternalSpelExpressionParser.java:369) ~[spring-expression-7.0.7.jar:7.0.7]
	at org.springframework.expression.spel.standard.InternalSpelExpressionParser.eatUnaryExpression(InternalSpelExpressionParser.java:362) ~[spring-expression-7.0.7.jar:7.0.7]
	at org.springframework.expression.spel.standard.InternalSpelExpressionParser.eatPowerIncDecExpression(InternalSpelExpressionParser.java:316) ~[spring-expression-7.0.7.jar:7.0.7]
	at org.springframework.expression.spel.standard.InternalSpelExpressionParser.eatProductExpression(InternalSpelExpressionParser.java:295) ~[spring-expression-7.0.7.jar:7.0.7]
	at org.springframework.expression.spel.standard.InternalSpelExpressionParser.eatSumExpression(InternalSpelExpressionParser.java:278) ~[spring-expression-7.0.7.jar:7.0.7]
	at org.springframework.expression.spel.standard.InternalSpelExpressionParser.eatRelationalExpression(InternalSpelExpressionParser.java:233) ~[spring-expression-7.0.7.jar:7.0.7]
	at org.springframework.expression.spel.standard.InternalSpelExpressionParser.eatLogicalAndExpression(InternalSpelExpressionParser.java:221) ~[spring-expression-7.0.7.jar:7.0.7]
	at org.springframework.expression.spel.standard.InternalSpelExpressionParser.eatLogicalOrExpression(InternalSpelExpressionParser.java:209) ~[spring-expression-7.0.7.jar:7.0.7]
	at org.springframework.expression.spel.standard.InternalSpelExpressionParser.eatExpression(InternalSpelExpressionParser.java:171) ~[spring-expression-7.0.7.jar:7.0.7]
	at org.springframework.expression.spel.standard.InternalSpelExpressionParser.doParseExpression(InternalSpelExpressionParser.java:141) ~[spring-expression-7.0.7.jar:7.0.7]
	at org.springframework.expression.spel.standard.SpelExpressionParser.doParseExpression(SpelExpressionParser.java:64) ~[spring-expression-7.0.7.jar:7.0.7]
	at org.springframework.expression.spel.standard.SpelExpressionParser.doParseExpression(SpelExpressionParser.java:35) ~[spring-expression-7.0.7.jar:7.0.7]
	at org.springframework.expression.common.TemplateAwareExpressionParser.parseExpression(TemplateAwareExpressionParser.java:63) ~[spring-expression-7.0.7.jar:7.0.7]
	at org.springframework.expression.common.TemplateAwareExpressionParser.parseExpression(TemplateAwareExpressionParser.java:52) ~[spring-expression-7.0.7.jar:7.0.7]
	at org.thymeleaf.spring6.expression.SPELVariableExpressionEvaluator.getExpression(SPELVariableExpressionEvaluator.java:383) ~[thymeleaf-spring6-3.1.5.RELEASE.jar:3.1.5.RELEASE]
	at org.thymeleaf.spring6.expression.SPELVariableExpressionEvaluator.obtainComputedSpelExpression(SPELVariableExpressionEvaluator.java:331) ~[thymeleaf-spring6-3.1.5.RELEASE.jar:3.1.5.RELEASE]
	at org.thymeleaf.spring6.expression.SPELVariableExpressionEvaluator.evaluate(SPELVariableExpressionEvaluator.java:159) ~[thymeleaf-spring6-3.1.5.RELEASE.jar:3.1.5.RELEASE]
	at org.thymeleaf.standard.expression.VariableExpression.executeVariableExpression(VariableExpression.java:166) ~[thymeleaf-3.1.5.RELEASE.jar:3.1.5.RELEASE]
	at org.thymeleaf.standard.expression.SimpleExpression.executeSimple(SimpleExpression.java:66) ~[thymeleaf-3.1.5.RELEASE.jar:3.1.5.RELEASE]
	at org.thymeleaf.standard.expression.Expression.execute(Expression.java:109) ~[thymeleaf-3.1.5.RELEASE.jar:3.1.5.RELEASE]
	at org.thymeleaf.standard.expression.Expression.execute(Expression.java:138) ~[thymeleaf-3.1.5.RELEASE.jar:3.1.5.RELEASE]
	at org.thymeleaf.standard.expression.Expression.execute(Expression.java:125) ~[thymeleaf-3.1.5.RELEASE.jar:3.1.5.RELEASE]
	at org.thymeleaf.standard.processor.StandardEachTagProcessor.doProcess(StandardEachTagProcessor.java:73) ~[thymeleaf-3.1.5.RELEASE.jar:3.1.5.RELEASE]
	at org.thymeleaf.processor.element.AbstractAttributeTagProcessor.doProcess(AbstractAttributeTagProcessor.java:74) ~[thymeleaf-3.1.5.RELEASE.jar:3.1.5.RELEASE]
	... 110 common frames omitted

2026-08-10T15:19:02.393+05:30 ERROR 9812 --- [Bug Tracking System] [http-nio-8081-exec-8] o.a.c.c.C.[.[.[/].[dispatcherServlet]    : Servlet.service() for servlet [dispatcherServlet] in context with path [] threw exception [Request processing failed: org.thymeleaf.exceptions.TemplateInputException: An error happened during template parsing (template: "class path resource [templates/bugs/list.html]")] with root cause

org.springframework.expression.spel.SpelParseException: Expression [#numbers.sequence(
                                              [[${ [[${ Math.max(1,
                                              currentPage-2) }]] }]],
                                              [[${ Math.min(totalPages,
                                              currentPage+2) }]])] @69: EL1043E: Unexpected token. Expected 'rsquare(])' but was 'lcurly({)'
	at org.springframework.expression.spel.standard.InternalSpelExpressionParser.internalException(InternalSpelExpressionParser.java:1057) ~[spring-expression-7.0.7.jar:7.0.7]
	at org.springframework.expression.spel.standard.InternalSpelExpressionParser.eatToken(InternalSpelExpressionParser.java:938) ~[spring-expression-7.0.7.jar:7.0.7]
	at org.springframework.expression.spel.standard.InternalSpelExpressionParser.maybeEatIndexer(InternalSpelExpressionParser.java:701) ~[spring-expression-7.0.7.jar:7.0.7]
	at org.springframework.expression.spel.standard.InternalSpelExpressionParser.eatStartNode(InternalSpelExpressionParser.java:530) ~[spring-expression-7.0.7.jar:7.0.7]
	at org.springframework.expression.spel.standard.InternalSpelExpressionParser.eatPrimaryExpression(InternalSpelExpressionParser.java:367) ~[spring-expression-7.0.7.jar:7.0.7]
	at org.springframework.expression.spel.standard.InternalSpelExpressionParser.eatUnaryExpression(InternalSpelExpressionParser.java:362) ~[spring-expression-7.0.7.jar:7.0.7]
	at org.springframework.expression.spel.standard.InternalSpelExpressionParser.eatPowerIncDecExpression(InternalSpelExpressionParser.java:316) ~[spring-expression-7.0.7.jar:7.0.7]
	at org.springframework.expression.spel.standard.InternalSpelExpressionParser.eatProductExpression(InternalSpelExpressionParser.java:295) ~[spring-expression-7.0.7.jar:7.0.7]
	at org.springframework.expression.spel.standard.InternalSpelExpressionParser.eatSumExpression(InternalSpelExpressionParser.java:278) ~[spring-expression-7.0.7.jar:7.0.7]
	at org.springframework.expression.spel.standard.InternalSpelExpressionParser.eatRelationalExpression(InternalSpelExpressionParser.java:233) ~[spring-expression-7.0.7.jar:7.0.7]
	at org.springframework.expression.spel.standard.InternalSpelExpressionParser.eatLogicalAndExpression(InternalSpelExpressionParser.java:221) ~[spring-expression-7.0.7.jar:7.0.7]
	at org.springframework.expression.spel.standard.InternalSpelExpressionParser.eatLogicalOrExpression(InternalSpelExpressionParser.java:209) ~[spring-expression-7.0.7.jar:7.0.7]
	at org.springframework.expression.spel.standard.InternalSpelExpressionParser.eatExpression(InternalSpelExpressionParser.java:171) ~[spring-expression-7.0.7.jar:7.0.7]
	at org.springframework.expression.spel.standard.InternalSpelExpressionParser.maybeEatIndexer(InternalSpelExpressionParser.java:697) ~[spring-expression-7.0.7.jar:7.0.7]
	at org.springframework.expression.spel.standard.InternalSpelExpressionParser.eatStartNode(InternalSpelExpressionParser.java:530) ~[spring-expression-7.0.7.jar:7.0.7]
	at org.springframework.expression.spel.standard.InternalSpelExpressionParser.eatPrimaryExpression(InternalSpelExpressionParser.java:367) ~[spring-expression-7.0.7.jar:7.0.7]
	at org.springframework.expression.spel.standard.InternalSpelExpressionParser.eatUnaryExpression(InternalSpelExpressionParser.java:362) ~[spring-expression-7.0.7.jar:7.0.7]
	at org.springframework.expression.spel.standard.InternalSpelExpressionParser.eatPowerIncDecExpression(InternalSpelExpressionParser.java:316) ~[spring-expression-7.0.7.jar:7.0.7]
	at org.springframework.expression.spel.standard.InternalSpelExpressionParser.eatProductExpression(InternalSpelExpressionParser.java:295) ~[spring-expression-7.0.7.jar:7.0.7]
	at org.springframework.expression.spel.standard.InternalSpelExpressionParser.eatSumExpression(InternalSpelExpressionParser.java:278) ~[spring-expression-7.0.7.jar:7.0.7]
	at org.springframework.expression.spel.standard.InternalSpelExpressionParser.eatRelationalExpression(InternalSpelExpressionParser.java:233) ~[spring-expression-7.0.7.jar:7.0.7]
	at org.springframework.expression.spel.standard.InternalSpelExpressionParser.eatLogicalAndExpression(InternalSpelExpressionParser.java:221) ~[spring-expression-7.0.7.jar:7.0.7]
	at org.springframework.expression.spel.standard.InternalSpelExpressionParser.eatLogicalOrExpression(InternalSpelExpressionParser.java:209) ~[spring-expression-7.0.7.jar:7.0.7]
	at org.springframework.expression.spel.standard.InternalSpelExpressionParser.eatExpression(InternalSpelExpressionParser.java:171) ~[spring-expression-7.0.7.jar:7.0.7]
	at org.springframework.expression.spel.standard.InternalSpelExpressionParser.consumeArguments(InternalSpelExpressionParser.java:485) ~[spring-expression-7.0.7.jar:7.0.7]
	at org.springframework.expression.spel.standard.InternalSpelExpressionParser.maybeEatMethodArgs(InternalSpelExpressionParser.java:455) ~[spring-expression-7.0.7.jar:7.0.7]
	at org.springframework.expression.spel.standard.InternalSpelExpressionParser.maybeEatMethodOrProperty(InternalSpelExpressionParser.java:771) ~[spring-expression-7.0.7.jar:7.0.7]
	at org.springframework.expression.spel.standard.InternalSpelExpressionParser.eatDottedNode(InternalSpelExpressionParser.java:412) ~[spring-expression-7.0.7.jar:7.0.7]
	at org.springframework.expression.spel.standard.InternalSpelExpressionParser.eatNode(InternalSpelExpressionParser.java:387) ~[spring-expression-7.0.7.jar:7.0.7]
	at org.springframework.expression.spel.standard.InternalSpelExpressionParser.eatPrimaryExpression(InternalSpelExpressionParser.java:369) ~[spring-expression-7.0.7.jar:7.0.7]
	at org.springframework.expression.spel.standard.InternalSpelExpressionParser.eatUnaryExpression(InternalSpelExpressionParser.java:362) ~[spring-expression-7.0.7.jar:7.0.7]
	at org.springframework.expression.spel.standard.InternalSpelExpressionParser.eatPowerIncDecExpression(InternalSpelExpressionParser.java:316) ~[spring-expression-7.0.7.jar:7.0.7]
	at org.springframework.expression.spel.standard.InternalSpelExpressionParser.eatProductExpression(InternalSpelExpressionParser.java:295) ~[spring-expression-7.0.7.jar:7.0.7]
	at org.springframework.expression.spel.standard.InternalSpelExpressionParser.eatSumExpression(InternalSpelExpressionParser.java:278) ~[spring-expression-7.0.7.jar:7.0.7]
	at org.springframework.expression.spel.standard.InternalSpelExpressionParser.eatRelationalExpression(InternalSpelExpressionParser.java:233) ~[spring-expression-7.0.7.jar:7.0.7]
	at org.springframework.expression.spel.standard.InternalSpelExpressionParser.eatLogicalAndExpression(InternalSpelExpressionParser.java:221) ~[spring-expression-7.0.7.jar:7.0.7]
	at org.springframework.expression.spel.standard.InternalSpelExpressionParser.eatLogicalOrExpression(InternalSpelExpressionParser.java:209) ~[spring-expression-7.0.7.jar:7.0.7]
	at org.springframework.expression.spel.standard.InternalSpelExpressionParser.eatExpression(InternalSpelExpressionParser.java:171) ~[spring-expression-7.0.7.jar:7.0.7]
	at org.springframework.expression.spel.standard.InternalSpelExpressionParser.doParseExpression(InternalSpelExpressionParser.java:141) ~[spring-expression-7.0.7.jar:7.0.7]
	at org.springframework.expression.spel.standard.SpelExpressionParser.doParseExpression(SpelExpressionParser.java:64) ~[spring-expression-7.0.7.jar:7.0.7]
	at org.springframework.expression.spel.standard.SpelExpressionParser.doParseExpression(SpelExpressionParser.java:35) ~[spring-expression-7.0.7.jar:7.0.7]
	at org.springframework.expression.common.TemplateAwareExpressionParser.parseExpression(TemplateAwareExpressionParser.java:63) ~[spring-expression-7.0.7.jar:7.0.7]
	at org.springframework.expression.common.TemplateAwareExpressionParser.parseExpression(TemplateAwareExpressionParser.java:52) ~[spring-expression-7.0.7.jar:7.0.7]
	at org.thymeleaf.spring6.expression.SPELVariableExpressionEvaluator.getExpression(SPELVariableExpressionEvaluator.java:383) ~[thymeleaf-spring6-3.1.5.RELEASE.jar:3.1.5.RELEASE]
	at org.thymeleaf.spring6.expression.SPELVariableExpressionEvaluator.obtainComputedSpelExpression(SPELVariableExpressionEvaluator.java:331) ~[thymeleaf-spring6-3.1.5.RELEASE.jar:3.1.5.RELEASE]
	at org.thymeleaf.spring6.expression.SPELVariableExpressionEvaluator.evaluate(SPELVariableExpressionEvaluator.java:159) ~[thymeleaf-spring6-3.1.5.RELEASE.jar:3.1.5.RELEASE]
	at org.thymeleaf.standard.expression.VariableExpression.executeVariableExpression(VariableExpression.java:166) ~[thymeleaf-3.1.5.RELEASE.jar:3.1.5.RELEASE]
	at org.thymeleaf.standard.expression.SimpleExpression.executeSimple(SimpleExpression.java:66) ~[thymeleaf-3.1.5.RELEASE.jar:3.1.5.RELEASE]
	at org.thymeleaf.standard.expression.Expression.execute(Expression.java:109) ~[thymeleaf-3.1.5.RELEASE.jar:3.1.5.RELEASE]
	at org.thymeleaf.standard.expression.Expression.execute(Expression.java:138) ~[thymeleaf-3.1.5.RELEASE.jar:3.1.5.RELEASE]
	at org.thymeleaf.standard.expression.Expression.execute(Expression.java:125) ~[thymeleaf-3.1.5.RELEASE.jar:3.1.5.RELEASE]
	at org.thymeleaf.standard.processor.StandardEachTagProcessor.doProcess(StandardEachTagProcessor.java:73) ~[thymeleaf-3.1.5.RELEASE.jar:3.1.5.RELEASE]
	at org.thymeleaf.processor.element.AbstractAttributeTagProcessor.doProcess(AbstractAttributeTagProcessor.java:74) ~[thymeleaf-3.1.5.RELEASE.jar:3.1.5.RELEASE]
	at org.thymeleaf.processor.element.AbstractElementTagProcessor.process(AbstractElementTagProcessor.java:95) ~[thymeleaf-3.1.5.RELEASE.jar:3.1.5.RELEASE]
	at org.thymeleaf.util.ProcessorConfigurationUtils$ElementTagProcessorWrapper.process(ProcessorConfigurationUtils.java:633) ~[thymeleaf-3.1.5.RELEASE.jar:3.1.5.RELEASE]
	at org.thymeleaf.engine.ProcessorTemplateHandler.handleOpenElement(ProcessorTemplateHandler.java:1314) ~[thymeleaf-3.1.5.RELEASE.jar:3.1.5.RELEASE]
	at org.thymeleaf.engine.TemplateHandlerAdapterMarkupHandler.handleOpenElementEnd(TemplateHandlerAdapterMarkupHandler.java:304) ~[thymeleaf-3.1.5.RELEASE.jar:3.1.5.RELEASE]
	at org.thymeleaf.templateparser.markup.InlinedOutputExpressionMarkupHandler$InlineMarkupAdapterPreProcessorHandler.handleOpenElementEnd(InlinedOutputExpressionMarkupHandler.java:278) ~[thymeleaf-3.1.5.RELEASE.jar:3.1.5.RELEASE]
	at org.thymeleaf.standard.inline.OutputExpressionInlinePreProcessorHandler.handleOpenElementEnd(OutputExpressionInlinePreProcessorHandler.java:186) ~[thymeleaf-3.1.5.RELEASE.jar:3.1.5.RELEASE]
	at org.thymeleaf.templateparser.markup.InlinedOutputExpressionMarkupHandler.handleOpenElementEnd(InlinedOutputExpressionMarkupHandler.java:124) ~[thymeleaf-3.1.5.RELEASE.jar:3.1.5.RELEASE]
	at org.attoparser.HtmlElement.handleOpenElementEnd(HtmlElement.java:109) ~[attoparser-2.0.7.RELEASE.jar:2.0.7.RELEASE]
	at org.attoparser.HtmlMarkupHandler.handleOpenElementEnd(HtmlMarkupHandler.java:297) ~[attoparser-2.0.7.RELEASE.jar:2.0.7.RELEASE]
	at org.attoparser.MarkupEventProcessorHandler.handleOpenElementEnd(MarkupEventProcessorHandler.java:402) ~[attoparser-2.0.7.RELEASE.jar:2.0.7.RELEASE]
	at org.attoparser.ParsingElementMarkupUtil.parseOpenElement(ParsingElementMarkupUtil.java:159) ~[attoparser-2.0.7.RELEASE.jar:2.0.7.RELEASE]
	at org.attoparser.MarkupParser.parseBuffer(MarkupParser.java:710) ~[attoparser-2.0.7.RELEASE.jar:2.0.7.RELEASE]
	at org.attoparser.MarkupParser.parseDocument(MarkupParser.java:301) ~[attoparser-2.0.7.RELEASE.jar:2.0.7.RELEASE]
	at org.attoparser.MarkupParser.parse(MarkupParser.java:257) ~[attoparser-2.0.7.RELEASE.jar:2.0.7.RELEASE]
	at org.thymeleaf.templateparser.markup.AbstractMarkupTemplateParser.parse(AbstractMarkupTemplateParser.java:230) ~[thymeleaf-3.1.5.RELEASE.jar:3.1.5.RELEASE]
	at org.thymeleaf.templateparser.markup.AbstractMarkupTemplateParser.parseStandalone(AbstractMarkupTemplateParser.java:100) ~[thymeleaf-3.1.5.RELEASE.jar:3.1.5.RELEASE]
	at org.thymeleaf.engine.TemplateManager.parseAndProcess(TemplateManager.java:666) ~[thymeleaf-3.1.5.RELEASE.jar:3.1.5.RELEASE]
	at org.thymeleaf.TemplateEngine.process(TemplateEngine.java:1103) ~[thymeleaf-3.1.5.RELEASE.jar:3.1.5.RELEASE]
	at org.thymeleaf.TemplateEngine.process(TemplateEngine.java:1077) ~[thymeleaf-3.1.5.RELEASE.jar:3.1.5.RELEASE]
	at org.thymeleaf.spring6.view.ThymeleafView.renderFragment(ThymeleafView.java:374) ~[thymeleaf-spring6-3.1.5.RELEASE.jar:3.1.5.RELEASE]
	at org.thymeleaf.spring6.view.ThymeleafView.render(ThymeleafView.java:193) ~[thymeleaf-spring6-3.1.5.RELEASE.jar:3.1.5.RELEASE]
	at org.springframework.web.servlet.DispatcherServlet.render(DispatcherServlet.java:1305) ~[spring-webmvc-7.0.7.jar:7.0.7]
	at org.springframework.web.servlet.DispatcherServlet.processDispatchResult(DispatcherServlet.java:1042) ~[spring-webmvc-7.0.7.jar:7.0.7]
	at org.springframework.web.servlet.DispatcherServlet.doDispatch(DispatcherServlet.java:980) ~[spring-webmvc-7.0.7.jar:7.0.7]
	at org.springframework.web.servlet.DispatcherServlet.doService(DispatcherServlet.java:866) ~[spring-webmvc-7.0.7.jar:7.0.7]
	at org.springframework.web.servlet.FrameworkServlet.processRequest(FrameworkServlet.java:1000) ~[spring-webmvc-7.0.7.jar:7.0.7]
	at org.springframework.web.servlet.FrameworkServlet.doGet(FrameworkServlet.java:892) ~[spring-webmvc-7.0.7.jar:7.0.7]
	at jakarta.servlet.http.HttpServlet.service(HttpServlet.java:622) ~[tomcat-embed-core-11.0.21.jar:6.1]
	at org.springframework.web.servlet.FrameworkServlet.service(FrameworkServlet.java:874) ~[spring-webmvc-7.0.7.jar:7.0.7]
	at jakarta.servlet.http.HttpServlet.service(HttpServlet.java:710) ~[tomcat-embed-core-11.0.21.jar:6.1]
	at org.apache.catalina.core.ApplicationFilterChain.doFilter(ApplicationFilterChain.java:128) ~[tomcat-embed-core-11.0.21.jar:11.0.21]
	at org.apache.tomcat.websocket.server.WsFilter.doFilter(WsFilter.java:53) ~[tomcat-embed-websocket-11.0.21.jar:11.0.21]
	at org.apache.catalina.core.ApplicationFilterChain.doFilter(ApplicationFilterChain.java:107) ~[tomcat-embed-core-11.0.21.jar:11.0.21]
	at org.springframework.web.filter.CompositeFilter$VirtualFilterChain.doFilter(CompositeFilter.java:108) ~[spring-web-7.0.7.jar:7.0.7]
	at org.springframework.security.web.FilterChainProxy.lambda$doFilterInternal$3(FilterChainProxy.java:235) ~[spring-security-web-7.0.5.jar:7.0.5]
	at org.springframework.security.web.FilterChainProxy$VirtualFilterChain.doFilter(FilterChainProxy.java:376) ~[spring-security-web-7.0.5.jar:7.0.5]
	at org.springframework.security.web.access.intercept.AuthorizationFilter.doFilter(AuthorizationFilter.java:101) ~[spring-security-web-7.0.5.jar:7.0.5]
	at org.springframework.security.web.FilterChainProxy$VirtualFilterChain.doFilter(FilterChainProxy.java:385) ~[spring-security-web-7.0.5.jar:7.0.5]
	at org.springframework.security.web.access.ExceptionTranslationFilter.doFilter(ExceptionTranslationFilter.java:126) ~[spring-security-web-7.0.5.jar:7.0.5]
	at org.springframework.security.web.access.ExceptionTranslationFilter.doFilter(ExceptionTranslationFilter.java:120) ~[spring-security-web-7.0.5.jar:7.0.5]
	at org.springframework.security.web.FilterChainProxy$VirtualFilterChain.doFilter(FilterChainProxy.java:385) ~[spring-security-web-7.0.5.jar:7.0.5]
	at org.springframework.security.web.session.SessionManagementFilter.doFilter(SessionManagementFilter.java:132) ~[spring-security-web-7.0.5.jar:7.0.5]
	at org.springframework.security.web.session.SessionManagementFilter.doFilter(SessionManagementFilter.java:86) ~[spring-security-web-7.0.5.jar:7.0.5]
	at org.springframework.security.web.FilterChainProxy$VirtualFilterChain.doFilter(FilterChainProxy.java:385) ~[spring-security-web-7.0.5.jar:7.0.5]
	at org.springframework.security.web.authentication.AnonymousAuthenticationFilter.doFilter(AnonymousAuthenticationFilter.java:100) ~[spring-security-web-7.0.5.jar:7.0.5]
	at org.springframework.security.web.FilterChainProxy$VirtualFilterChain.doFilter(FilterChainProxy.java:385) ~[spring-security-web-7.0.5.jar:7.0.5]
	at org.springframework.security.web.servletapi.SecurityContextHolderAwareRequestFilter.doFilter(SecurityContextHolderAwareRequestFilter.java:181) ~[spring-security-web-7.0.5.jar:7.0.5]
	at org.springframework.security.web.FilterChainProxy$VirtualFilterChain.doFilter(FilterChainProxy.java:385) ~[spring-security-web-7.0.5.jar:7.0.5]
	at org.springframework.security.web.savedrequest.RequestCacheAwareFilter.doFilter(RequestCacheAwareFilter.java:63) ~[spring-security-web-7.0.5.jar:7.0.5]
	at org.springframework.security.web.FilterChainProxy$VirtualFilterChain.doFilter(FilterChainProxy.java:385) ~[spring-security-web-7.0.5.jar:7.0.5]
	at org.springframework.security.web.session.ConcurrentSessionFilter.doFilter(ConcurrentSessionFilter.java:153) ~[spring-security-web-7.0.5.jar:7.0.5]
	at org.springframework.security.web.session.ConcurrentSessionFilter.doFilter(ConcurrentSessionFilter.java:131) ~[spring-security-web-7.0.5.jar:7.0.5]
	at org.springframework.security.web.FilterChainProxy$VirtualFilterChain.doFilter(FilterChainProxy.java:385) ~[spring-security-web-7.0.5.jar:7.0.5]
	at org.springframework.security.web.authentication.AbstractAuthenticationProcessingFilter.doFilter(AbstractAuthenticationProcessingFilter.java:245) ~[spring-security-web-7.0.5.jar:7.0.5]
	at org.springframework.security.web.authentication.AbstractAuthenticationProcessingFilter.doFilter(AbstractAuthenticationProcessingFilter.java:239) ~[spring-security-web-7.0.5.jar:7.0.5]
	at org.springframework.security.web.FilterChainProxy$VirtualFilterChain.doFilter(FilterChainProxy.java:385) ~[spring-security-web-7.0.5.jar:7.0.5]
	at org.springframework.security.web.authentication.logout.LogoutFilter.doFilter(LogoutFilter.java:110) ~[spring-security-web-7.0.5.jar:7.0.5]
	at org.springframework.security.web.authentication.logout.LogoutFilter.doFilter(LogoutFilter.java:96) ~[spring-security-web-7.0.5.jar:7.0.5]
	at org.springframework.security.web.FilterChainProxy$VirtualFilterChain.doFilter(FilterChainProxy.java:385) ~[spring-security-web-7.0.5.jar:7.0.5]
	at org.springframework.security.web.csrf.CsrfFilter.doFilterInternal(CsrfFilter.java:118) ~[spring-security-web-7.0.5.jar:7.0.5]
	at org.springframework.web.filter.OncePerRequestFilter.doFilter(OncePerRequestFilter.java:116) ~[spring-web-7.0.7.jar:7.0.7]
	at org.springframework.security.web.FilterChainProxy$VirtualFilterChain.doFilter(FilterChainProxy.java:385) ~[spring-security-web-7.0.5.jar:7.0.5]
	at org.springframework.security.web.header.HeaderWriterFilter.doHeadersAfter(HeaderWriterFilter.java:90) ~[spring-security-web-7.0.5.jar:7.0.5]
	at org.springframework.security.web.header.HeaderWriterFilter.doFilterInternal(HeaderWriterFilter.java:75) ~[spring-security-web-7.0.5.jar:7.0.5]
	at org.springframework.web.filter.OncePerRequestFilter.doFilter(OncePerRequestFilter.java:116) ~[spring-web-7.0.7.jar:7.0.7]
	at org.springframework.security.web.FilterChainProxy$VirtualFilterChain.doFilter(FilterChainProxy.java:385) ~[spring-security-web-7.0.5.jar:7.0.5]
	at org.springframework.security.web.context.SecurityContextHolderFilter.doFilter(SecurityContextHolderFilter.java:82) ~[spring-security-web-7.0.5.jar:7.0.5]
	at org.springframework.security.web.context.SecurityContextHolderFilter.doFilter(SecurityContextHolderFilter.java:69) ~[spring-security-web-7.0.5.jar:7.0.5]
	at org.springframework.security.web.FilterChainProxy$VirtualFilterChain.doFilter(FilterChainProxy.java:385) ~[spring-security-web-7.0.5.jar:7.0.5]
	at org.springframework.security.web.context.request.async.WebAsyncManagerIntegrationFilter.doFilterInternal(WebAsyncManagerIntegrationFilter.java:62) ~[spring-security-web-7.0.5.jar:7.0.5]
	at org.springframework.web.filter.OncePerRequestFilter.doFilter(OncePerRequestFilter.java:116) ~[spring-web-7.0.7.jar:7.0.7]
	at org.springframework.security.web.FilterChainProxy$VirtualFilterChain.doFilter(FilterChainProxy.java:385) ~[spring-security-web-7.0.5.jar:7.0.5]
	at org.springframework.security.web.session.DisableEncodeUrlFilter.doFilterInternal(DisableEncodeUrlFilter.java:42) ~[spring-security-web-7.0.5.jar:7.0.5]
	at org.springframework.web.filter.OncePerRequestFilter.doFilter(OncePerRequestFilter.java:116) ~[spring-web-7.0.7.jar:7.0.7]
	at org.springframework.security.web.FilterChainProxy$VirtualFilterChain.doFilter(FilterChainProxy.java:385) ~[spring-security-web-7.0.5.jar:7.0.5]
	at org.springframework.security.web.FilterChainProxy.doFilterInternal(FilterChainProxy.java:237) ~[spring-security-web-7.0.5.jar:7.0.5]
	at org.springframework.security.web.FilterChainProxy.doFilter(FilterChainProxy.java:195) ~[spring-security-web-7.0.5.jar:7.0.5]
	at org.springframework.web.filter.CompositeFilter$VirtualFilterChain.doFilter(CompositeFilter.java:113) ~[spring-web-7.0.7.jar:7.0.7]
	at org.springframework.web.filter.ServletRequestPathFilter.doFilter(ServletRequestPathFilter.java:52) ~[spring-web-7.0.7.jar:7.0.7]
	at org.springframework.web.filter.CompositeFilter$VirtualFilterChain.doFilter(CompositeFilter.java:113) ~[spring-web-7.0.7.jar:7.0.7]
	at org.springframework.web.filter.CompositeFilter.doFilter(CompositeFilter.java:74) ~[spring-web-7.0.7.jar:7.0.7]
	at org.springframework.security.config.annotation.web.configuration.WebSecurityConfiguration$CompositeFilterChainProxy.doFilter(WebSecurityConfiguration.java:317) ~[spring-security-config-7.0.5.jar:7.0.5]
	at org.springframework.web.filter.DelegatingFilterProxy.invokeDelegate(DelegatingFilterProxy.java:355) ~[spring-web-7.0.7.jar:7.0.7]
	at org.springframework.web.filter.DelegatingFilterProxy.doFilter(DelegatingFilterProxy.java:272) ~[spring-web-7.0.7.jar:7.0.7]
	at org.apache.catalina.core.ApplicationFilterChain.doFilter(ApplicationFilterChain.java:107) ~[tomcat-embed-core-11.0.21.jar:11.0.21]
	at org.springframework.web.filter.RequestContextFilter.doFilterInternal(RequestContextFilter.java:100) ~[spring-web-7.0.7.jar:7.0.7]
	at org.springframework.web.filter.OncePerRequestFilter.doFilter(OncePerRequestFilter.java:116) ~[spring-web-7.0.7.jar:7.0.7]
	at org.apache.catalina.core.ApplicationFilterChain.doFilter(ApplicationFilterChain.java:107) ~[tomcat-embed-core-11.0.21.jar:11.0.21]
	at org.springframework.web.filter.FormContentFilter.doFilterInternal(FormContentFilter.java:93) ~[spring-web-7.0.7.jar:7.0.7]
	at org.springframework.web.filter.OncePerRequestFilter.doFilter(OncePerRequestFilter.java:116) ~[spring-web-7.0.7.jar:7.0.7]
	at org.apache.catalina.core.ApplicationFilterChain.doFilter(ApplicationFilterChain.java:107) ~[tomcat-embed-core-11.0.21.jar:11.0.21]
	at org.springframework.web.filter.CharacterEncodingFilter.doFilterInternal(CharacterEncodingFilter.java:199) ~[spring-web-7.0.7.jar:7.0.7]
	at org.springframework.web.filter.OncePerRequestFilter.doFilter(OncePerRequestFilter.java:116) ~[spring-web-7.0.7.jar:7.0.7]
	at org.apache.catalina.core.ApplicationFilterChain.doFilter(ApplicationFilterChain.java:107) ~[tomcat-embed-core-11.0.21.jar:11.0.21]
	at org.apache.catalina.core.StandardWrapperValve.invoke(StandardWrapperValve.java:165) ~[tomcat-embed-core-11.0.21.jar:11.0.21]
	at org.apache.catalina.core.StandardContextValve.invoke(StandardContextValve.java:77) ~[tomcat-embed-core-11.0.21.jar:11.0.21]
	at org.apache.catalina.authenticator.AuthenticatorBase.invoke(AuthenticatorBase.java:492) ~[tomcat-embed-core-11.0.21.jar:11.0.21]
	at org.apache.catalina.core.StandardHostValve.invoke(StandardHostValve.java:113) ~[tomcat-embed-core-11.0.21.jar:11.0.21]
	at org.apache.catalina.valves.ErrorReportValve.invoke(ErrorReportValve.java:83) ~[tomcat-embed-core-11.0.21.jar:11.0.21]
	at org.apache.catalina.core.StandardEngineValve.invoke(StandardEngineValve.java:72) ~[tomcat-embed-core-11.0.21.jar:11.0.21]
	at org.apache.catalina.connector.CoyoteAdapter.service(CoyoteAdapter.java:341) ~[tomcat-embed-core-11.0.21.jar:11.0.21]
	at org.apache.coyote.http11.Http11Processor.service(Http11Processor.java:397) ~[tomcat-embed-core-11.0.21.jar:11.0.21]
	at org.apache.coyote.AbstractProcessorLight.process(AbstractProcessorLight.java:63) ~[tomcat-embed-core-11.0.21.jar:11.0.21]
	at org.apache.coyote.AbstractProtocol$ConnectionHandler.process(AbstractProtocol.java:903) ~[tomcat-embed-core-11.0.21.jar:11.0.21]
	at org.apache.tomcat.util.net.NioEndpoint$SocketProcessor.doRun(NioEndpoint.java:1801) ~[tomcat-embed-core-11.0.21.jar:11.0.21]
	at org.apache.tomcat.util.net.SocketProcessorBase.run(SocketProcessorBase.java:52) ~[tomcat-embed-core-11.0.21.jar:11.0.21]
	at org.apache.tomcat.util.threads.ThreadPoolExecutor.runWorker(ThreadPoolExecutor.java:946) ~[tomcat-embed-core-11.0.21.jar:11.0.21]
	at org.apache.tomcat.util.threads.ThreadPoolExecutor$Worker.run(ThreadPoolExecutor.java:480) ~[tomcat-embed-core-11.0.21.jar:11.0.21]
	at org.apache.tomcat.util.threads.TaskThread$WrappingRunnable.run(TaskThread.java:57) ~[tomcat-embed-core-11.0.21.jar:11.0.21]
	at java.base/java.lang.Thread.run(Thread.java:1516) ~[na:na]

2026-08-10T15:19:02.400+05:30 ERROR 9812 --- [Bug Tracking System] [http-nio-8081-exec-8] a.e.ErrorMvcAutoConfiguration$StaticView : Cannot render error page for request [/bugs] and exception [An error happened during template parsing (template: "class path resource [templates/bugs/list.html]")] as the response has already been committed. As a result, the response may have the wrong status code.
2026-08-10T15:24:00.919+05:30 ERROR 9812 --- [Bug Tracking System] [http-nio-8081-exec-10] org.thymeleaf.TemplateEngine             : [THYMELEAF][http-nio-8081-exec-10] Exception processing template "bugs/list": An error happened during template parsing (template: "class path resource [templates/bugs/list.html]")

org.thymeleaf.exceptions.TemplateInputException: An error happened during template parsing (template: "class path resource [templates/bugs/list.html]")
	at org.thymeleaf.templateparser.markup.AbstractMarkupTemplateParser.parse(AbstractMarkupTemplateParser.java:241) ~[thymeleaf-3.1.5.RELEASE.jar:3.1.5.RELEASE]
	at org.thymeleaf.templateparser.markup.AbstractMarkupTemplateParser.parseStandalone(AbstractMarkupTemplateParser.java:100) ~[thymeleaf-3.1.5.RELEASE.jar:3.1.5.RELEASE]
	at org.thymeleaf.engine.TemplateManager.parseAndProcess(TemplateManager.java:666) ~[thymeleaf-3.1.5.RELEASE.jar:3.1.5.RELEASE]
	at org.thymeleaf.TemplateEngine.process(TemplateEngine.java:1103) ~[thymeleaf-3.1.5.RELEASE.jar:3.1.5.RELEASE]
	at org.thymeleaf.TemplateEngine.process(TemplateEngine.java:1077) ~[thymeleaf-3.1.5.RELEASE.jar:3.1.5.RELEASE]
	at org.thymeleaf.spring6.view.ThymeleafView.renderFragment(ThymeleafView.java:374) ~[thymeleaf-spring6-3.1.5.RELEASE.jar:3.1.5.RELEASE]
	at org.thymeleaf.spring6.view.ThymeleafView.render(ThymeleafView.java:193) ~[thymeleaf-spring6-3.1.5.RELEASE.jar:3.1.5.RELEASE]
	at org.springframework.web.servlet.DispatcherServlet.render(DispatcherServlet.java:1305) ~[spring-webmvc-7.0.7.jar:7.0.7]
	at org.springframework.web.servlet.DispatcherServlet.processDispatchResult(DispatcherServlet.java:1042) ~[spring-webmvc-7.0.7.jar:7.0.7]
	at org.springframework.web.servlet.DispatcherServlet.doDispatch(DispatcherServlet.java:980) ~[spring-webmvc-7.0.7.jar:7.0.7]
	at org.springframework.web.servlet.DispatcherServlet.doService(DispatcherServlet.java:866) ~[spring-webmvc-7.0.7.jar:7.0.7]
	at org.springframework.web.servlet.FrameworkServlet.processRequest(FrameworkServlet.java:1000) ~[spring-webmvc-7.0.7.jar:7.0.7]
	at org.springframework.web.servlet.FrameworkServlet.doGet(FrameworkServlet.java:892) ~[spring-webmvc-7.0.7.jar:7.0.7]
	at jakarta.servlet.http.HttpServlet.service(HttpServlet.java:622) ~[tomcat-embed-core-11.0.21.jar:6.1]
	at org.springframework.web.servlet.FrameworkServlet.service(FrameworkServlet.java:874) ~[spring-webmvc-7.0.7.jar:7.0.7]
	at jakarta.servlet.http.HttpServlet.service(HttpServlet.java:710) ~[tomcat-embed-core-11.0.21.jar:6.1]
	at org.apache.catalina.core.ApplicationFilterChain.doFilter(ApplicationFilterChain.java:128) ~[tomcat-embed-core-11.0.21.jar:11.0.21]
	at org.apache.tomcat.websocket.server.WsFilter.doFilter(WsFilter.java:53) ~[tomcat-embed-websocket-11.0.21.jar:11.0.21]
	at org.apache.catalina.core.ApplicationFilterChain.doFilter(ApplicationFilterChain.java:107) ~[tomcat-embed-core-11.0.21.jar:11.0.21]
	at org.springframework.web.filter.CompositeFilter$VirtualFilterChain.doFilter(CompositeFilter.java:108) ~[spring-web-7.0.7.jar:7.0.7]
	at org.springframework.security.web.FilterChainProxy.lambda$doFilterInternal$3(FilterChainProxy.java:235) ~[spring-security-web-7.0.5.jar:7.0.5]
	at org.springframework.security.web.FilterChainProxy$VirtualFilterChain.doFilter(FilterChainProxy.java:376) ~[spring-security-web-7.0.5.jar:7.0.5]
	at org.springframework.security.web.access.intercept.AuthorizationFilter.doFilter(AuthorizationFilter.java:101) ~[spring-security-web-7.0.5.jar:7.0.5]
	at org.springframework.security.web.FilterChainProxy$VirtualFilterChain.doFilter(FilterChainProxy.java:385) ~[spring-security-web-7.0.5.jar:7.0.5]
	at org.springframework.security.web.access.ExceptionTranslationFilter.doFilter(ExceptionTranslationFilter.java:126) ~[spring-security-web-7.0.5.jar:7.0.5]
	at org.springframework.security.web.access.ExceptionTranslationFilter.doFilter(ExceptionTranslationFilter.java:120) ~[spring-security-web-7.0.5.jar:7.0.5]
	at org.springframework.security.web.FilterChainProxy$VirtualFilterChain.doFilter(FilterChainProxy.java:385) ~[spring-security-web-7.0.5.jar:7.0.5]
	at org.springframework.security.web.session.SessionManagementFilter.doFilter(SessionManagementFilter.java:132) ~[spring-security-web-7.0.5.jar:7.0.5]
	at org.springframework.security.web.session.SessionManagementFilter.doFilter(SessionManagementFilter.java:86) ~[spring-security-web-7.0.5.jar:7.0.5]
	at org.springframework.security.web.FilterChainProxy$VirtualFilterChain.doFilter(FilterChainProxy.java:385) ~[spring-security-web-7.0.5.jar:7.0.5]
	at org.springframework.security.web.authentication.AnonymousAuthenticationFilter.doFilter(AnonymousAuthenticationFilter.java:100) ~[spring-security-web-7.0.5.jar:7.0.5]
	at org.springframework.security.web.FilterChainProxy$VirtualFilterChain.doFilter(FilterChainProxy.java:385) ~[spring-security-web-7.0.5.jar:7.0.5]
	at org.springframework.security.web.servletapi.SecurityContextHolderAwareRequestFilter.doFilter(SecurityContextHolderAwareRequestFilter.java:181) ~[spring-security-web-7.0.5.jar:7.0.5]
	at org.springframework.security.web.FilterChainProxy$VirtualFilterChain.doFilter(FilterChainProxy.java:385) ~[spring-security-web-7.0.5.jar:7.0.5]
	at org.springframework.security.web.savedrequest.RequestCacheAwareFilter.doFilter(RequestCacheAwareFilter.java:63) ~[spring-security-web-7.0.5.jar:7.0.5]
	at org.springframework.security.web.FilterChainProxy$VirtualFilterChain.doFilter(FilterChainProxy.java:385) ~[spring-security-web-7.0.5.jar:7.0.5]
	at org.springframework.security.web.session.ConcurrentSessionFilter.doFilter(ConcurrentSessionFilter.java:153) ~[spring-security-web-7.0.5.jar:7.0.5]
	at org.springframework.security.web.session.ConcurrentSessionFilter.doFilter(ConcurrentSessionFilter.java:131) ~[spring-security-web-7.0.5.jar:7.0.5]
	at org.springframework.security.web.FilterChainProxy$VirtualFilterChain.doFilter(FilterChainProxy.java:385) ~[spring-security-web-7.0.5.jar:7.0.5]
	at org.springframework.security.web.authentication.AbstractAuthenticationProcessingFilter.doFilter(AbstractAuthenticationProcessingFilter.java:245) ~[spring-security-web-7.0.5.jar:7.0.5]
	at org.springframework.security.web.authentication.AbstractAuthenticationProcessingFilter.doFilter(AbstractAuthenticationProcessingFilter.java:239) ~[spring-security-web-7.0.5.jar:7.0.5]
	at org.springframework.security.web.FilterChainProxy$VirtualFilterChain.doFilter(FilterChainProxy.java:385) ~[spring-security-web-7.0.5.jar:7.0.5]
	at org.springframework.security.web.authentication.logout.LogoutFilter.doFilter(LogoutFilter.java:110) ~[spring-security-web-7.0.5.jar:7.0.5]
	at org.springframework.security.web.authentication.logout.LogoutFilter.doFilter(LogoutFilter.java:96) ~[spring-security-web-7.0.5.jar:7.0.5]
	at org.springframework.security.web.FilterChainProxy$VirtualFilterChain.doFilter(FilterChainProxy.java:385) ~[spring-security-web-7.0.5.jar:7.0.5]
	at org.springframework.security.web.csrf.CsrfFilter.doFilterInternal(CsrfFilter.java:118) ~[spring-security-web-7.0.5.jar:7.0.5]
	at org.springframework.web.filter.OncePerRequestFilter.doFilter(OncePerRequestFilter.java:116) ~[spring-web-7.0.7.jar:7.0.7]
	at org.springframework.security.web.FilterChainProxy$VirtualFilterChain.doFilter(FilterChainProxy.java:385) ~[spring-security-web-7.0.5.jar:7.0.5]
	at org.springframework.security.web.header.HeaderWriterFilter.doHeadersAfter(HeaderWriterFilter.java:90) ~[spring-security-web-7.0.5.jar:7.0.5]
	at org.springframework.security.web.header.HeaderWriterFilter.doFilterInternal(HeaderWriterFilter.java:75) ~[spring-security-web-7.0.5.jar:7.0.5]
	at org.springframework.web.filter.OncePerRequestFilter.doFilter(OncePerRequestFilter.java:116) ~[spring-web-7.0.7.jar:7.0.7]
	at org.springframework.security.web.FilterChainProxy$VirtualFilterChain.doFilter(FilterChainProxy.java:385) ~[spring-security-web-7.0.5.jar:7.0.5]
	at org.springframework.security.web.context.SecurityContextHolderFilter.doFilter(SecurityContextHolderFilter.java:82) ~[spring-security-web-7.0.5.jar:7.0.5]
	at org.springframework.security.web.context.SecurityContextHolderFilter.doFilter(SecurityContextHolderFilter.java:69) ~[spring-security-web-7.0.5.jar:7.0.5]
	at org.springframework.security.web.FilterChainProxy$VirtualFilterChain.doFilter(FilterChainProxy.java:385) ~[spring-security-web-7.0.5.jar:7.0.5]
	at org.springframework.security.web.context.request.async.WebAsyncManagerIntegrationFilter.doFilterInternal(WebAsyncManagerIntegrationFilter.java:62) ~[spring-security-web-7.0.5.jar:7.0.5]
	at org.springframework.web.filter.OncePerRequestFilter.doFilter(OncePerRequestFilter.java:116) ~[spring-web-7.0.7.jar:7.0.7]
	at org.springframework.security.web.FilterChainProxy$VirtualFilterChain.doFilter(FilterChainProxy.java:385) ~[spring-security-web-7.0.5.jar:7.0.5]
	at org.springframework.security.web.session.DisableEncodeUrlFilter.doFilterInternal(DisableEncodeUrlFilter.java:42) ~[spring-security-web-7.0.5.jar:7.0.5]
	at org.springframework.web.filter.OncePerRequestFilter.doFilter(OncePerRequestFilter.java:116) ~[spring-web-7.0.7.jar:7.0.7]
	at org.springframework.security.web.FilterChainProxy$VirtualFilterChain.doFilter(FilterChainProxy.java:385) ~[spring-security-web-7.0.5.jar:7.0.5]
	at org.springframework.security.web.FilterChainProxy.doFilterInternal(FilterChainProxy.java:237) ~[spring-security-web-7.0.5.jar:7.0.5]
	at org.springframework.security.web.FilterChainProxy.doFilter(FilterChainProxy.java:195) ~[spring-security-web-7.0.5.jar:7.0.5]
	at org.springframework.web.filter.CompositeFilter$VirtualFilterChain.doFilter(CompositeFilter.java:113) ~[spring-web-7.0.7.jar:7.0.7]
	at org.springframework.web.filter.ServletRequestPathFilter.doFilter(ServletRequestPathFilter.java:52) ~[spring-web-7.0.7.jar:7.0.7]
	at org.springframework.web.filter.CompositeFilter$VirtualFilterChain.doFilter(CompositeFilter.java:113) ~[spring-web-7.0.7.jar:7.0.7]
	at org.springframework.web.filter.CompositeFilter.doFilter(CompositeFilter.java:74) ~[spring-web-7.0.7.jar:7.0.7]
	at org.springframework.security.config.annotation.web.configuration.WebSecurityConfiguration$CompositeFilterChainProxy.doFilter(WebSecurityConfiguration.java:317) ~[spring-security-config-7.0.5.jar:7.0.5]
	at org.springframework.web.filter.DelegatingFilterProxy.invokeDelegate(DelegatingFilterProxy.java:355) ~[spring-web-7.0.7.jar:7.0.7]
	at org.springframework.web.filter.DelegatingFilterProxy.doFilter(DelegatingFilterProxy.java:272) ~[spring-web-7.0.7.jar:7.0.7]
	at org.apache.catalina.core.ApplicationFilterChain.doFilter(ApplicationFilterChain.java:107) ~[tomcat-embed-core-11.0.21.jar:11.0.21]
	at org.springframework.web.filter.RequestContextFilter.doFilterInternal(RequestContextFilter.java:100) ~[spring-web-7.0.7.jar:7.0.7]
	at org.springframework.web.filter.OncePerRequestFilter.doFilter(OncePerRequestFilter.java:116) ~[spring-web-7.0.7.jar:7.0.7]
	at org.apache.catalina.core.ApplicationFilterChain.doFilter(ApplicationFilterChain.java:107) ~[tomcat-embed-core-11.0.21.jar:11.0.21]
	at org.springframework.web.filter.FormContentFilter.doFilterInternal(FormContentFilter.java:93) ~[spring-web-7.0.7.jar:7.0.7]
	at org.springframework.web.filter.OncePerRequestFilter.doFilter(OncePerRequestFilter.java:116) ~[spring-web-7.0.7.jar:7.0.7]
	at org.apache.catalina.core.ApplicationFilterChain.doFilter(ApplicationFilterChain.java:107) ~[tomcat-embed-core-11.0.21.jar:11.0.21]
	at org.springframework.web.filter.CharacterEncodingFilter.doFilterInternal(CharacterEncodingFilter.java:199) ~[spring-web-7.0.7.jar:7.0.7]
	at org.springframework.web.filter.OncePerRequestFilter.doFilter(OncePerRequestFilter.java:116) ~[spring-web-7.0.7.jar:7.0.7]
	at org.apache.catalina.core.ApplicationFilterChain.doFilter(ApplicationFilterChain.java:107) ~[tomcat-embed-core-11.0.21.jar:11.0.21]
	at org.apache.catalina.core.StandardWrapperValve.invoke(StandardWrapperValve.java:165) ~[tomcat-embed-core-11.0.21.jar:11.0.21]
	at org.apache.catalina.core.StandardContextValve.invoke(StandardContextValve.java:77) ~[tomcat-embed-core-11.0.21.jar:11.0.21]
	at org.apache.catalina.authenticator.AuthenticatorBase.invoke(AuthenticatorBase.java:492) ~[tomcat-embed-core-11.0.21.jar:11.0.21]
	at org.apache.catalina.core.StandardHostValve.invoke(StandardHostValve.java:113) ~[tomcat-embed-core-11.0.21.jar:11.0.21]
	at org.apache.catalina.valves.ErrorReportValve.invoke(ErrorReportValve.java:83) ~[tomcat-embed-core-11.0.21.jar:11.0.21]
	at org.apache.catalina.core.StandardEngineValve.invoke(StandardEngineValve.java:72) ~[tomcat-embed-core-11.0.21.jar:11.0.21]
	at org.apache.catalina.connector.CoyoteAdapter.service(CoyoteAdapter.java:341) ~[tomcat-embed-core-11.0.21.jar:11.0.21]
	at org.apache.coyote.http11.Http11Processor.service(Http11Processor.java:397) ~[tomcat-embed-core-11.0.21.jar:11.0.21]
	at org.apache.coyote.AbstractProcessorLight.process(AbstractProcessorLight.java:63) ~[tomcat-embed-core-11.0.21.jar:11.0.21]
	at org.apache.coyote.AbstractProtocol$ConnectionHandler.process(AbstractProtocol.java:903) ~[tomcat-embed-core-11.0.21.jar:11.0.21]
	at org.apache.tomcat.util.net.NioEndpoint$SocketProcessor.doRun(NioEndpoint.java:1801) ~[tomcat-embed-core-11.0.21.jar:11.0.21]
	at org.apache.tomcat.util.net.SocketProcessorBase.run(SocketProcessorBase.java:52) ~[tomcat-embed-core-11.0.21.jar:11.0.21]
	at org.apache.tomcat.util.threads.ThreadPoolExecutor.runWorker(ThreadPoolExecutor.java:946) ~[tomcat-embed-core-11.0.21.jar:11.0.21]
	at org.apache.tomcat.util.threads.ThreadPoolExecutor$Worker.run(ThreadPoolExecutor.java:480) ~[tomcat-embed-core-11.0.21.jar:11.0.21]
	at org.apache.tomcat.util.threads.TaskThread$WrappingRunnable.run(TaskThread.java:57) ~[tomcat-embed-core-11.0.21.jar:11.0.21]
	at java.base/java.lang.Thread.run(Thread.java:1516) ~[na:na]
Caused by: org.attoparser.ParseException: Error during execution of processor 'org.thymeleaf.standard.processor.StandardEachTagProcessor' (template: "bugs/list" - line 501, col 33)
	at org.attoparser.MarkupParser.parseDocument(MarkupParser.java:393) ~[attoparser-2.0.7.RELEASE.jar:2.0.7.RELEASE]
	at org.attoparser.MarkupParser.parse(MarkupParser.java:257) ~[attoparser-2.0.7.RELEASE.jar:2.0.7.RELEASE]
	at org.thymeleaf.templateparser.markup.AbstractMarkupTemplateParser.parse(AbstractMarkupTemplateParser.java:230) ~[thymeleaf-3.1.5.RELEASE.jar:3.1.5.RELEASE]
	... 95 common frames omitted
Caused by: org.thymeleaf.exceptions.TemplateProcessingException: Error during execution of processor 'org.thymeleaf.standard.processor.StandardEachTagProcessor' (template: "bugs/list" - line 501, col 33)
	at org.thymeleaf.processor.element.AbstractAttributeTagProcessor.doProcess(AbstractAttributeTagProcessor.java:117) ~[thymeleaf-3.1.5.RELEASE.jar:3.1.5.RELEASE]
	at org.thymeleaf.processor.element.AbstractElementTagProcessor.process(AbstractElementTagProcessor.java:95) ~[thymeleaf-3.1.5.RELEASE.jar:3.1.5.RELEASE]
	at org.thymeleaf.util.ProcessorConfigurationUtils$ElementTagProcessorWrapper.process(ProcessorConfigurationUtils.java:633) ~[thymeleaf-3.1.5.RELEASE.jar:3.1.5.RELEASE]
	at org.thymeleaf.engine.ProcessorTemplateHandler.handleOpenElement(ProcessorTemplateHandler.java:1314) ~[thymeleaf-3.1.5.RELEASE.jar:3.1.5.RELEASE]
	at org.thymeleaf.engine.TemplateHandlerAdapterMarkupHandler.handleOpenElementEnd(TemplateHandlerAdapterMarkupHandler.java:304) ~[thymeleaf-3.1.5.RELEASE.jar:3.1.5.RELEASE]
	at org.thymeleaf.templateparser.markup.InlinedOutputExpressionMarkupHandler$InlineMarkupAdapterPreProcessorHandler.handleOpenElementEnd(InlinedOutputExpressionMarkupHandler.java:278) ~[thymeleaf-3.1.5.RELEASE.jar:3.1.5.RELEASE]
	at org.thymeleaf.standard.inline.OutputExpressionInlinePreProcessorHandler.handleOpenElementEnd(OutputExpressionInlinePreProcessorHandler.java:186) ~[thymeleaf-3.1.5.RELEASE.jar:3.1.5.RELEASE]
	at org.thymeleaf.templateparser.markup.InlinedOutputExpressionMarkupHandler.handleOpenElementEnd(InlinedOutputExpressionMarkupHandler.java:124) ~[thymeleaf-3.1.5.RELEASE.jar:3.1.5.RELEASE]
	at org.attoparser.HtmlElement.handleOpenElementEnd(HtmlElement.java:109) ~[attoparser-2.0.7.RELEASE.jar:2.0.7.RELEASE]
	at org.attoparser.HtmlMarkupHandler.handleOpenElementEnd(HtmlMarkupHandler.java:297) ~[attoparser-2.0.7.RELEASE.jar:2.0.7.RELEASE]
	at org.attoparser.MarkupEventProcessorHandler.handleOpenElementEnd(MarkupEventProcessorHandler.java:402) ~[attoparser-2.0.7.RELEASE.jar:2.0.7.RELEASE]
	at org.attoparser.ParsingElementMarkupUtil.parseOpenElement(ParsingElementMarkupUtil.java:159) ~[attoparser-2.0.7.RELEASE.jar:2.0.7.RELEASE]
	at org.attoparser.MarkupParser.parseBuffer(MarkupParser.java:710) ~[attoparser-2.0.7.RELEASE.jar:2.0.7.RELEASE]
	at org.attoparser.MarkupParser.parseDocument(MarkupParser.java:301) ~[attoparser-2.0.7.RELEASE.jar:2.0.7.RELEASE]
	... 97 common frames omitted
Caused by: org.springframework.expression.spel.SpelParseException: Expression [#numbers.sequence(
                                              [[${ [[${ Math.max(1,
                                              currentPage-2) }]] }]],
                                              [[${ Math.min(totalPages,
                                              currentPage+2) }]])] @69: EL1043E: Unexpected token. Expected 'rsquare(])' but was 'lcurly({)'
	at org.springframework.expression.spel.standard.InternalSpelExpressionParser.internalException(InternalSpelExpressionParser.java:1057) ~[spring-expression-7.0.7.jar:7.0.7]
	at org.springframework.expression.spel.standard.InternalSpelExpressionParser.eatToken(InternalSpelExpressionParser.java:938) ~[spring-expression-7.0.7.jar:7.0.7]
	at org.springframework.expression.spel.standard.InternalSpelExpressionParser.maybeEatIndexer(InternalSpelExpressionParser.java:701) ~[spring-expression-7.0.7.jar:7.0.7]
	at org.springframework.expression.spel.standard.InternalSpelExpressionParser.eatStartNode(InternalSpelExpressionParser.java:530) ~[spring-expression-7.0.7.jar:7.0.7]
	at org.springframework.expression.spel.standard.InternalSpelExpressionParser.eatPrimaryExpression(InternalSpelExpressionParser.java:367) ~[spring-expression-7.0.7.jar:7.0.7]
	at org.springframework.expression.spel.standard.InternalSpelExpressionParser.eatUnaryExpression(InternalSpelExpressionParser.java:362) ~[spring-expression-7.0.7.jar:7.0.7]
	at org.springframework.expression.spel.standard.InternalSpelExpressionParser.eatPowerIncDecExpression(InternalSpelExpressionParser.java:316) ~[spring-expression-7.0.7.jar:7.0.7]
	at org.springframework.expression.spel.standard.InternalSpelExpressionParser.eatProductExpression(InternalSpelExpressionParser.java:295) ~[spring-expression-7.0.7.jar:7.0.7]
	at org.springframework.expression.spel.standard.InternalSpelExpressionParser.eatSumExpression(InternalSpelExpressionParser.java:278) ~[spring-expression-7.0.7.jar:7.0.7]
	at org.springframework.expression.spel.standard.InternalSpelExpressionParser.eatRelationalExpression(InternalSpelExpressionParser.java:233) ~[spring-expression-7.0.7.jar:7.0.7]
	at org.springframework.expression.spel.standard.InternalSpelExpressionParser.eatLogicalAndExpression(InternalSpelExpressionParser.java:221) ~[spring-expression-7.0.7.jar:7.0.7]
	at org.springframework.expression.spel.standard.InternalSpelExpressionParser.eatLogicalOrExpression(InternalSpelExpressionParser.java:209) ~[spring-expression-7.0.7.jar:7.0.7]
	at org.springframework.expression.spel.standard.InternalSpelExpressionParser.eatExpression(InternalSpelExpressionParser.java:171) ~[spring-expression-7.0.7.jar:7.0.7]
	at org.springframework.expression.spel.standard.InternalSpelExpressionParser.maybeEatIndexer(InternalSpelExpressionParser.java:697) ~[spring-expression-7.0.7.jar:7.0.7]
	at org.springframework.expression.spel.standard.InternalSpelExpressionParser.eatStartNode(InternalSpelExpressionParser.java:530) ~[spring-expression-7.0.7.jar:7.0.7]
	at org.springframework.expression.spel.standard.InternalSpelExpressionParser.eatPrimaryExpression(InternalSpelExpressionParser.java:367) ~[spring-expression-7.0.7.jar:7.0.7]
	at org.springframework.expression.spel.standard.InternalSpelExpressionParser.eatUnaryExpression(InternalSpelExpressionParser.java:362) ~[spring-expression-7.0.7.jar:7.0.7]
	at org.springframework.expression.spel.standard.InternalSpelExpressionParser.eatPowerIncDecExpression(InternalSpelExpressionParser.java:316) ~[spring-expression-7.0.7.jar:7.0.7]
	at org.springframework.expression.spel.standard.InternalSpelExpressionParser.eatProductExpression(InternalSpelExpressionParser.java:295) ~[spring-expression-7.0.7.jar:7.0.7]
	at org.springframework.expression.spel.standard.InternalSpelExpressionParser.eatSumExpression(InternalSpelExpressionParser.java:278) ~[spring-expression-7.0.7.jar:7.0.7]
	at org.springframework.expression.spel.standard.InternalSpelExpressionParser.eatRelationalExpression(InternalSpelExpressionParser.java:233) ~[spring-expression-7.0.7.jar:7.0.7]
	at org.springframework.expression.spel.standard.InternalSpelExpressionParser.eatLogicalAndExpression(InternalSpelExpressionParser.java:221) ~[spring-expression-7.0.7.jar:7.0.7]
	at org.springframework.expression.spel.standard.InternalSpelExpressionParser.eatLogicalOrExpression(InternalSpelExpressionParser.java:209) ~[spring-expression-7.0.7.jar:7.0.7]
	at org.springframework.expression.spel.standard.InternalSpelExpressionParser.eatExpression(InternalSpelExpressionParser.java:171) ~[spring-expression-7.0.7.jar:7.0.7]
	at org.springframework.expression.spel.standard.InternalSpelExpressionParser.consumeArguments(InternalSpelExpressionParser.java:485) ~[spring-expression-7.0.7.jar:7.0.7]
	at org.springframework.expression.spel.standard.InternalSpelExpressionParser.maybeEatMethodArgs(InternalSpelExpressionParser.java:455) ~[spring-expression-7.0.7.jar:7.0.7]
	at org.springframework.expression.spel.standard.InternalSpelExpressionParser.maybeEatMethodOrProperty(InternalSpelExpressionParser.java:771) ~[spring-expression-7.0.7.jar:7.0.7]
	at org.springframework.expression.spel.standard.InternalSpelExpressionParser.eatDottedNode(InternalSpelExpressionParser.java:412) ~[spring-expression-7.0.7.jar:7.0.7]
	at org.springframework.expression.spel.standard.InternalSpelExpressionParser.eatNode(InternalSpelExpressionParser.java:387) ~[spring-expression-7.0.7.jar:7.0.7]
	at org.springframework.expression.spel.standard.InternalSpelExpressionParser.eatPrimaryExpression(InternalSpelExpressionParser.java:369) ~[spring-expression-7.0.7.jar:7.0.7]
	at org.springframework.expression.spel.standard.InternalSpelExpressionParser.eatUnaryExpression(InternalSpelExpressionParser.java:362) ~[spring-expression-7.0.7.jar:7.0.7]
	at org.springframework.expression.spel.standard.InternalSpelExpressionParser.eatPowerIncDecExpression(InternalSpelExpressionParser.java:316) ~[spring-expression-7.0.7.jar:7.0.7]
	at org.springframework.expression.spel.standard.InternalSpelExpressionParser.eatProductExpression(InternalSpelExpressionParser.java:295) ~[spring-expression-7.0.7.jar:7.0.7]
	at org.springframework.expression.spel.standard.InternalSpelExpressionParser.eatSumExpression(InternalSpelExpressionParser.java:278) ~[spring-expression-7.0.7.jar:7.0.7]
	at org.springframework.expression.spel.standard.InternalSpelExpressionParser.eatRelationalExpression(InternalSpelExpressionParser.java:233) ~[spring-expression-7.0.7.jar:7.0.7]
	at org.springframework.expression.spel.standard.InternalSpelExpressionParser.eatLogicalAndExpression(InternalSpelExpressionParser.java:221) ~[spring-expression-7.0.7.jar:7.0.7]
	at org.springframework.expression.spel.standard.InternalSpelExpressionParser.eatLogicalOrExpression(InternalSpelExpressionParser.java:209) ~[spring-expression-7.0.7.jar:7.0.7]
	at org.springframework.expression.spel.standard.InternalSpelExpressionParser.eatExpression(InternalSpelExpressionParser.java:171) ~[spring-expression-7.0.7.jar:7.0.7]
	at org.springframework.expression.spel.standard.InternalSpelExpressionParser.doParseExpression(InternalSpelExpressionParser.java:141) ~[spring-expression-7.0.7.jar:7.0.7]
	at org.springframework.expression.spel.standard.SpelExpressionParser.doParseExpression(SpelExpressionParser.java:64) ~[spring-expression-7.0.7.jar:7.0.7]
	at org.springframework.expression.spel.standard.SpelExpressionParser.doParseExpression(SpelExpressionParser.java:35) ~[spring-expression-7.0.7.jar:7.0.7]
	at org.springframework.expression.common.TemplateAwareExpressionParser.parseExpression(TemplateAwareExpressionParser.java:63) ~[spring-expression-7.0.7.jar:7.0.7]
	at org.springframework.expression.common.TemplateAwareExpressionParser.parseExpression(TemplateAwareExpressionParser.java:52) ~[spring-expression-7.0.7.jar:7.0.7]
	at org.thymeleaf.spring6.expression.SPELVariableExpressionEvaluator.getExpression(SPELVariableExpressionEvaluator.java:383) ~[thymeleaf-spring6-3.1.5.RELEASE.jar:3.1.5.RELEASE]
	at org.thymeleaf.spring6.expression.SPELVariableExpressionEvaluator.obtainComputedSpelExpression(SPELVariableExpressionEvaluator.java:331) ~[thymeleaf-spring6-3.1.5.RELEASE.jar:3.1.5.RELEASE]
	at org.thymeleaf.spring6.expression.SPELVariableExpressionEvaluator.evaluate(SPELVariableExpressionEvaluator.java:159) ~[thymeleaf-spring6-3.1.5.RELEASE.jar:3.1.5.RELEASE]
	at org.thymeleaf.standard.expression.VariableExpression.executeVariableExpression(VariableExpression.java:166) ~[thymeleaf-3.1.5.RELEASE.jar:3.1.5.RELEASE]
	at org.thymeleaf.standard.expression.SimpleExpression.executeSimple(SimpleExpression.java:66) ~[thymeleaf-3.1.5.RELEASE.jar:3.1.5.RELEASE]
	at org.thymeleaf.standard.expression.Expression.execute(Expression.java:109) ~[thymeleaf-3.1.5.RELEASE.jar:3.1.5.RELEASE]
	at org.thymeleaf.standard.expression.Expression.execute(Expression.java:138) ~[thymeleaf-3.1.5.RELEASE.jar:3.1.5.RELEASE]
	at org.thymeleaf.standard.expression.Expression.execute(Expression.java:125) ~[thymeleaf-3.1.5.RELEASE.jar:3.1.5.RELEASE]
	at org.thymeleaf.standard.processor.StandardEachTagProcessor.doProcess(StandardEachTagProcessor.java:73) ~[thymeleaf-3.1.5.RELEASE.jar:3.1.5.RELEASE]
	at org.thymeleaf.processor.element.AbstractAttributeTagProcessor.doProcess(AbstractAttributeTagProcessor.java:74) ~[thymeleaf-3.1.5.RELEASE.jar:3.1.5.RELEASE]
	... 110 common frames omitted

2026-08-10T15:24:00.927+05:30 ERROR 9812 --- [Bug Tracking System] [http-nio-8081-exec-10] o.a.c.c.C.[.[.[/].[dispatcherServlet]    : Servlet.service() for servlet [dispatcherServlet] in context with path [] threw exception [Request processing failed: org.thymeleaf.exceptions.TemplateInputException: An error happened during template parsing (template: "class path resource [templates/bugs/list.html]")] with root cause

org.springframework.expression.spel.SpelParseException: Expression [#numbers.sequence(
                                              [[${ [[${ Math.max(1,
                                              currentPage-2) }]] }]],
                                              [[${ Math.min(totalPages,
                                              currentPage+2) }]])] @69: EL1043E: Unexpected token. Expected 'rsquare(])' but was 'lcurly({)'
	at org.springframework.expression.spel.standard.InternalSpelExpressionParser.internalException(InternalSpelExpressionParser.java:1057) ~[spring-expression-7.0.7.jar:7.0.7]
	at org.springframework.expression.spel.standard.InternalSpelExpressionParser.eatToken(InternalSpelExpressionParser.java:938) ~[spring-expression-7.0.7.jar:7.0.7]
	at org.springframework.expression.spel.standard.InternalSpelExpressionParser.maybeEatIndexer(InternalSpelExpressionParser.java:701) ~[spring-expression-7.0.7.jar:7.0.7]
	at org.springframework.expression.spel.standard.InternalSpelExpressionParser.eatStartNode(InternalSpelExpressionParser.java:530) ~[spring-expression-7.0.7.jar:7.0.7]
	at org.springframework.expression.spel.standard.InternalSpelExpressionParser.eatPrimaryExpression(InternalSpelExpressionParser.java:367) ~[spring-expression-7.0.7.jar:7.0.7]
	at org.springframework.expression.spel.standard.InternalSpelExpressionParser.eatUnaryExpression(InternalSpelExpressionParser.java:362) ~[spring-expression-7.0.7.jar:7.0.7]
	at org.springframework.expression.spel.standard.InternalSpelExpressionParser.eatPowerIncDecExpression(InternalSpelExpressionParser.java:316) ~[spring-expression-7.0.7.jar:7.0.7]
	at org.springframework.expression.spel.standard.InternalSpelExpressionParser.eatProductExpression(InternalSpelExpressionParser.java:295) ~[spring-expression-7.0.7.jar:7.0.7]
	at org.springframework.expression.spel.standard.InternalSpelExpressionParser.eatSumExpression(InternalSpelExpressionParser.java:278) ~[spring-expression-7.0.7.jar:7.0.7]
	at org.springframework.expression.spel.standard.InternalSpelExpressionParser.eatRelationalExpression(InternalSpelExpressionParser.java:233) ~[spring-expression-7.0.7.jar:7.0.7]
	at org.springframework.expression.spel.standard.InternalSpelExpressionParser.eatLogicalAndExpression(InternalSpelExpressionParser.java:221) ~[spring-expression-7.0.7.jar:7.0.7]
	at org.springframework.expression.spel.standard.InternalSpelExpressionParser.eatLogicalOrExpression(InternalSpelExpressionParser.java:209) ~[spring-expression-7.0.7.jar:7.0.7]
	at org.springframework.expression.spel.standard.InternalSpelExpressionParser.eatExpression(InternalSpelExpressionParser.java:171) ~[spring-expression-7.0.7.jar:7.0.7]
	at org.springframework.expression.spel.standard.InternalSpelExpressionParser.maybeEatIndexer(InternalSpelExpressionParser.java:697) ~[spring-expression-7.0.7.jar:7.0.7]
	at org.springframework.expression.spel.standard.InternalSpelExpressionParser.eatStartNode(InternalSpelExpressionParser.java:530) ~[spring-expression-7.0.7.jar:7.0.7]
	at org.springframework.expression.spel.standard.InternalSpelExpressionParser.eatPrimaryExpression(InternalSpelExpressionParser.java:367) ~[spring-expression-7.0.7.jar:7.0.7]
	at org.springframework.expression.spel.standard.InternalSpelExpressionParser.eatUnaryExpression(InternalSpelExpressionParser.java:362) ~[spring-expression-7.0.7.jar:7.0.7]
	at org.springframework.expression.spel.standard.InternalSpelExpressionParser.eatPowerIncDecExpression(InternalSpelExpressionParser.java:316) ~[spring-expression-7.0.7.jar:7.0.7]
	at org.springframework.expression.spel.standard.InternalSpelExpressionParser.eatProductExpression(InternalSpelExpressionParser.java:295) ~[spring-expression-7.0.7.jar:7.0.7]
	at org.springframework.expression.spel.standard.InternalSpelExpressionParser.eatSumExpression(InternalSpelExpressionParser.java:278) ~[spring-expression-7.0.7.jar:7.0.7]
	at org.springframework.expression.spel.standard.InternalSpelExpressionParser.eatRelationalExpression(InternalSpelExpressionParser.java:233) ~[spring-expression-7.0.7.jar:7.0.7]
	at org.springframework.expression.spel.standard.InternalSpelExpressionParser.eatLogicalAndExpression(InternalSpelExpressionParser.java:221) ~[spring-expression-7.0.7.jar:7.0.7]
	at org.springframework.expression.spel.standard.InternalSpelExpressionParser.eatLogicalOrExpression(InternalSpelExpressionParser.java:209) ~[spring-expression-7.0.7.jar:7.0.7]
	at org.springframework.expression.spel.standard.InternalSpelExpressionParser.eatExpression(InternalSpelExpressionParser.java:171) ~[spring-expression-7.0.7.jar:7.0.7]
	at org.springframework.expression.spel.standard.InternalSpelExpressionParser.consumeArguments(InternalSpelExpressionParser.java:485) ~[spring-expression-7.0.7.jar:7.0.7]
	at org.springframework.expression.spel.standard.InternalSpelExpressionParser.maybeEatMethodArgs(InternalSpelExpressionParser.java:455) ~[spring-expression-7.0.7.jar:7.0.7]
	at org.springframework.expression.spel.standard.InternalSpelExpressionParser.maybeEatMethodOrProperty(InternalSpelExpressionParser.java:771) ~[spring-expression-7.0.7.jar:7.0.7]
	at org.springframework.expression.spel.standard.InternalSpelExpressionParser.eatDottedNode(InternalSpelExpressionParser.java:412) ~[spring-expression-7.0.7.jar:7.0.7]
	at org.springframework.expression.spel.standard.InternalSpelExpressionParser.eatNode(InternalSpelExpressionParser.java:387) ~[spring-expression-7.0.7.jar:7.0.7]
	at org.springframework.expression.spel.standard.InternalSpelExpressionParser.eatPrimaryExpression(InternalSpelExpressionParser.java:369) ~[spring-expression-7.0.7.jar:7.0.7]
	at org.springframework.expression.spel.standard.InternalSpelExpressionParser.eatUnaryExpression(InternalSpelExpressionParser.java:362) ~[spring-expression-7.0.7.jar:7.0.7]
	at org.springframework.expression.spel.standard.InternalSpelExpressionParser.eatPowerIncDecExpression(InternalSpelExpressionParser.java:316) ~[spring-expression-7.0.7.jar:7.0.7]
	at org.springframework.expression.spel.standard.InternalSpelExpressionParser.eatProductExpression(InternalSpelExpressionParser.java:295) ~[spring-expression-7.0.7.jar:7.0.7]
	at org.springframework.expression.spel.standard.InternalSpelExpressionParser.eatSumExpression(InternalSpelExpressionParser.java:278) ~[spring-expression-7.0.7.jar:7.0.7]
	at org.springframework.expression.spel.standard.InternalSpelExpressionParser.eatRelationalExpression(InternalSpelExpressionParser.java:233) ~[spring-expression-7.0.7.jar:7.0.7]
	at org.springframework.expression.spel.standard.InternalSpelExpressionParser.eatLogicalAndExpression(InternalSpelExpressionParser.java:221) ~[spring-expression-7.0.7.jar:7.0.7]
	at org.springframework.expression.spel.standard.InternalSpelExpressionParser.eatLogicalOrExpression(InternalSpelExpressionParser.java:209) ~[spring-expression-7.0.7.jar:7.0.7]
	at org.springframework.expression.spel.standard.InternalSpelExpressionParser.eatExpression(InternalSpelExpressionParser.java:171) ~[spring-expression-7.0.7.jar:7.0.7]
	at org.springframework.expression.spel.standard.InternalSpelExpressionParser.doParseExpression(InternalSpelExpressionParser.java:141) ~[spring-expression-7.0.7.jar:7.0.7]
	at org.springframework.expression.spel.standard.SpelExpressionParser.doParseExpression(SpelExpressionParser.java:64) ~[spring-expression-7.0.7.jar:7.0.7]
	at org.springframework.expression.spel.standard.SpelExpressionParser.doParseExpression(SpelExpressionParser.java:35) ~[spring-expression-7.0.7.jar:7.0.7]
	at org.springframework.expression.common.TemplateAwareExpressionParser.parseExpression(TemplateAwareExpressionParser.java:63) ~[spring-expression-7.0.7.jar:7.0.7]
	at org.springframework.expression.common.TemplateAwareExpressionParser.parseExpression(TemplateAwareExpressionParser.java:52) ~[spring-expression-7.0.7.jar:7.0.7]
	at org.thymeleaf.spring6.expression.SPELVariableExpressionEvaluator.getExpression(SPELVariableExpressionEvaluator.java:383) ~[thymeleaf-spring6-3.1.5.RELEASE.jar:3.1.5.RELEASE]
	at org.thymeleaf.spring6.expression.SPELVariableExpressionEvaluator.obtainComputedSpelExpression(SPELVariableExpressionEvaluator.java:331) ~[thymeleaf-spring6-3.1.5.RELEASE.jar:3.1.5.RELEASE]
	at org.thymeleaf.spring6.expression.SPELVariableExpressionEvaluator.evaluate(SPELVariableExpressionEvaluator.java:159) ~[thymeleaf-spring6-3.1.5.RELEASE.jar:3.1.5.RELEASE]
	at org.thymeleaf.standard.expression.VariableExpression.executeVariableExpression(VariableExpression.java:166) ~[thymeleaf-3.1.5.RELEASE.jar:3.1.5.RELEASE]
	at org.thymeleaf.standard.expression.SimpleExpression.executeSimple(SimpleExpression.java:66) ~[thymeleaf-3.1.5.RELEASE.jar:3.1.5.RELEASE]
	at org.thymeleaf.standard.expression.Expression.execute(Expression.java:109) ~[thymeleaf-3.1.5.RELEASE.jar:3.1.5.RELEASE]
	at org.thymeleaf.standard.expression.Expression.execute(Expression.java:138) ~[thymeleaf-3.1.5.RELEASE.jar:3.1.5.RELEASE]
	at org.thymeleaf.standard.expression.Expression.execute(Expression.java:125) ~[thymeleaf-3.1.5.RELEASE.jar:3.1.5.RELEASE]
	at org.thymeleaf.standard.processor.StandardEachTagProcessor.doProcess(StandardEachTagProcessor.java:73) ~[thymeleaf-3.1.5.RELEASE.jar:3.1.5.RELEASE]
	at org.thymeleaf.processor.element.AbstractAttributeTagProcessor.doProcess(AbstractAttributeTagProcessor.java:74) ~[thymeleaf-3.1.5.RELEASE.jar:3.1.5.RELEASE]
	at org.thymeleaf.processor.element.AbstractElementTagProcessor.process(AbstractElementTagProcessor.java:95) ~[thymeleaf-3.1.5.RELEASE.jar:3.1.5.RELEASE]
	at org.thymeleaf.util.ProcessorConfigurationUtils$ElementTagProcessorWrapper.process(ProcessorConfigurationUtils.java:633) ~[thymeleaf-3.1.5.RELEASE.jar:3.1.5.RELEASE]
	at org.thymeleaf.engine.ProcessorTemplateHandler.handleOpenElement(ProcessorTemplateHandler.java:1314) ~[thymeleaf-3.1.5.RELEASE.jar:3.1.5.RELEASE]
	at org.thymeleaf.engine.TemplateHandlerAdapterMarkupHandler.handleOpenElementEnd(TemplateHandlerAdapterMarkupHandler.java:304) ~[thymeleaf-3.1.5.RELEASE.jar:3.1.5.RELEASE]
	at org.thymeleaf.templateparser.markup.InlinedOutputExpressionMarkupHandler$InlineMarkupAdapterPreProcessorHandler.handleOpenElementEnd(InlinedOutputExpressionMarkupHandler.java:278) ~[thymeleaf-3.1.5.RELEASE.jar:3.1.5.RELEASE]
	at org.thymeleaf.standard.inline.OutputExpressionInlinePreProcessorHandler.handleOpenElementEnd(OutputExpressionInlinePreProcessorHandler.java:186) ~[thymeleaf-3.1.5.RELEASE.jar:3.1.5.RELEASE]
	at org.thymeleaf.templateparser.markup.InlinedOutputExpressionMarkupHandler.handleOpenElementEnd(InlinedOutputExpressionMarkupHandler.java:124) ~[thymeleaf-3.1.5.RELEASE.jar:3.1.5.RELEASE]
	at org.attoparser.HtmlElement.handleOpenElementEnd(HtmlElement.java:109) ~[attoparser-2.0.7.RELEASE.jar:2.0.7.RELEASE]
	at org.attoparser.HtmlMarkupHandler.handleOpenElementEnd(HtmlMarkupHandler.java:297) ~[attoparser-2.0.7.RELEASE.jar:2.0.7.RELEASE]
	at org.attoparser.MarkupEventProcessorHandler.handleOpenElementEnd(MarkupEventProcessorHandler.java:402) ~[attoparser-2.0.7.RELEASE.jar:2.0.7.RELEASE]
	at org.attoparser.ParsingElementMarkupUtil.parseOpenElement(ParsingElementMarkupUtil.java:159) ~[attoparser-2.0.7.RELEASE.jar:2.0.7.RELEASE]
	at org.attoparser.MarkupParser.parseBuffer(MarkupParser.java:710) ~[attoparser-2.0.7.RELEASE.jar:2.0.7.RELEASE]
	at org.attoparser.MarkupParser.parseDocument(MarkupParser.java:301) ~[attoparser-2.0.7.RELEASE.jar:2.0.7.RELEASE]
	at org.attoparser.MarkupParser.parse(MarkupParser.java:257) ~[attoparser-2.0.7.RELEASE.jar:2.0.7.RELEASE]
	at org.thymeleaf.templateparser.markup.AbstractMarkupTemplateParser.parse(AbstractMarkupTemplateParser.java:230) ~[thymeleaf-3.1.5.RELEASE.jar:3.1.5.RELEASE]
	at org.thymeleaf.templateparser.markup.AbstractMarkupTemplateParser.parseStandalone(AbstractMarkupTemplateParser.java:100) ~[thymeleaf-3.1.5.RELEASE.jar:3.1.5.RELEASE]
	at org.thymeleaf.engine.TemplateManager.parseAndProcess(TemplateManager.java:666) ~[thymeleaf-3.1.5.RELEASE.jar:3.1.5.RELEASE]
	at org.thymeleaf.TemplateEngine.process(TemplateEngine.java:1103) ~[thymeleaf-3.1.5.RELEASE.jar:3.1.5.RELEASE]
	at org.thymeleaf.TemplateEngine.process(TemplateEngine.java:1077) ~[thymeleaf-3.1.5.RELEASE.jar:3.1.5.RELEASE]
	at org.thymeleaf.spring6.view.ThymeleafView.renderFragment(ThymeleafView.java:374) ~[thymeleaf-spring6-3.1.5.RELEASE.jar:3.1.5.RELEASE]
	at org.thymeleaf.spring6.view.ThymeleafView.render(ThymeleafView.java:193) ~[thymeleaf-spring6-3.1.5.RELEASE.jar:3.1.5.RELEASE]
	at org.springframework.web.servlet.DispatcherServlet.render(DispatcherServlet.java:1305) ~[spring-webmvc-7.0.7.jar:7.0.7]
	at org.springframework.web.servlet.DispatcherServlet.processDispatchResult(DispatcherServlet.java:1042) ~[spring-webmvc-7.0.7.jar:7.0.7]
	at org.springframework.web.servlet.DispatcherServlet.doDispatch(DispatcherServlet.java:980) ~[spring-webmvc-7.0.7.jar:7.0.7]
	at org.springframework.web.servlet.DispatcherServlet.doService(DispatcherServlet.java:866) ~[spring-webmvc-7.0.7.jar:7.0.7]
	at org.springframework.web.servlet.FrameworkServlet.processRequest(FrameworkServlet.java:1000) ~[spring-webmvc-7.0.7.jar:7.0.7]
	at org.springframework.web.servlet.FrameworkServlet.doGet(FrameworkServlet.java:892) ~[spring-webmvc-7.0.7.jar:7.0.7]
	at jakarta.servlet.http.HttpServlet.service(HttpServlet.java:622) ~[tomcat-embed-core-11.0.21.jar:6.1]
	at org.springframework.web.servlet.FrameworkServlet.service(FrameworkServlet.java:874) ~[spring-webmvc-7.0.7.jar:7.0.7]
	at jakarta.servlet.http.HttpServlet.service(HttpServlet.java:710) ~[tomcat-embed-core-11.0.21.jar:6.1]
	at org.apache.catalina.core.ApplicationFilterChain.doFilter(ApplicationFilterChain.java:128) ~[tomcat-embed-core-11.0.21.jar:11.0.21]
	at org.apache.tomcat.websocket.server.WsFilter.doFilter(WsFilter.java:53) ~[tomcat-embed-websocket-11.0.21.jar:11.0.21]
	at org.apache.catalina.core.ApplicationFilterChain.doFilter(ApplicationFilterChain.java:107) ~[tomcat-embed-core-11.0.21.jar:11.0.21]
	at org.springframework.web.filter.CompositeFilter$VirtualFilterChain.doFilter(CompositeFilter.java:108) ~[spring-web-7.0.7.jar:7.0.7]
	at org.springframework.security.web.FilterChainProxy.lambda$doFilterInternal$3(FilterChainProxy.java:235) ~[spring-security-web-7.0.5.jar:7.0.5]
	at org.springframework.security.web.FilterChainProxy$VirtualFilterChain.doFilter(FilterChainProxy.java:376) ~[spring-security-web-7.0.5.jar:7.0.5]
	at org.springframework.security.web.access.intercept.AuthorizationFilter.doFilter(AuthorizationFilter.java:101) ~[spring-security-web-7.0.5.jar:7.0.5]
	at org.springframework.security.web.FilterChainProxy$VirtualFilterChain.doFilter(FilterChainProxy.java:385) ~[spring-security-web-7.0.5.jar:7.0.5]
	at org.springframework.security.web.access.ExceptionTranslationFilter.doFilter(ExceptionTranslationFilter.java:126) ~[spring-security-web-7.0.5.jar:7.0.5]
	at org.springframework.security.web.access.ExceptionTranslationFilter.doFilter(ExceptionTranslationFilter.java:120) ~[spring-security-web-7.0.5.jar:7.0.5]
	at org.springframework.security.web.FilterChainProxy$VirtualFilterChain.doFilter(FilterChainProxy.java:385) ~[spring-security-web-7.0.5.jar:7.0.5]
	at org.springframework.security.web.session.SessionManagementFilter.doFilter(SessionManagementFilter.java:132) ~[spring-security-web-7.0.5.jar:7.0.5]
	at org.springframework.security.web.session.SessionManagementFilter.doFilter(SessionManagementFilter.java:86) ~[spring-security-web-7.0.5.jar:7.0.5]
	at org.springframework.security.web.FilterChainProxy$VirtualFilterChain.doFilter(FilterChainProxy.java:385) ~[spring-security-web-7.0.5.jar:7.0.5]
	at org.springframework.security.web.authentication.AnonymousAuthenticationFilter.doFilter(AnonymousAuthenticationFilter.java:100) ~[spring-security-web-7.0.5.jar:7.0.5]
	at org.springframework.security.web.FilterChainProxy$VirtualFilterChain.doFilter(FilterChainProxy.java:385) ~[spring-security-web-7.0.5.jar:7.0.5]
	at org.springframework.security.web.servletapi.SecurityContextHolderAwareRequestFilter.doFilter(SecurityContextHolderAwareRequestFilter.java:181) ~[spring-security-web-7.0.5.jar:7.0.5]
	at org.springframework.security.web.FilterChainProxy$VirtualFilterChain.doFilter(FilterChainProxy.java:385) ~[spring-security-web-7.0.5.jar:7.0.5]
	at org.springframework.security.web.savedrequest.RequestCacheAwareFilter.doFilter(RequestCacheAwareFilter.java:63) ~[spring-security-web-7.0.5.jar:7.0.5]
	at org.springframework.security.web.FilterChainProxy$VirtualFilterChain.doFilter(FilterChainProxy.java:385) ~[spring-security-web-7.0.5.jar:7.0.5]
	at org.springframework.security.web.session.ConcurrentSessionFilter.doFilter(ConcurrentSessionFilter.java:153) ~[spring-security-web-7.0.5.jar:7.0.5]
	at org.springframework.security.web.session.ConcurrentSessionFilter.doFilter(ConcurrentSessionFilter.java:131) ~[spring-security-web-7.0.5.jar:7.0.5]
	at org.springframework.security.web.FilterChainProxy$VirtualFilterChain.doFilter(FilterChainProxy.java:385) ~[spring-security-web-7.0.5.jar:7.0.5]
	at org.springframework.security.web.authentication.AbstractAuthenticationProcessingFilter.doFilter(AbstractAuthenticationProcessingFilter.java:245) ~[spring-security-web-7.0.5.jar:7.0.5]
	at org.springframework.security.web.authentication.AbstractAuthenticationProcessingFilter.doFilter(AbstractAuthenticationProcessingFilter.java:239) ~[spring-security-web-7.0.5.jar:7.0.5]
	at org.springframework.security.web.FilterChainProxy$VirtualFilterChain.doFilter(FilterChainProxy.java:385) ~[spring-security-web-7.0.5.jar:7.0.5]
	at org.springframework.security.web.authentication.logout.LogoutFilter.doFilter(LogoutFilter.java:110) ~[spring-security-web-7.0.5.jar:7.0.5]
	at org.springframework.security.web.authentication.logout.LogoutFilter.doFilter(LogoutFilter.java:96) ~[spring-security-web-7.0.5.jar:7.0.5]
	at org.springframework.security.web.FilterChainProxy$VirtualFilterChain.doFilter(FilterChainProxy.java:385) ~[spring-security-web-7.0.5.jar:7.0.5]
	at org.springframework.security.web.csrf.CsrfFilter.doFilterInternal(CsrfFilter.java:118) ~[spring-security-web-7.0.5.jar:7.0.5]
	at org.springframework.web.filter.OncePerRequestFilter.doFilter(OncePerRequestFilter.java:116) ~[spring-web-7.0.7.jar:7.0.7]
	at org.springframework.security.web.FilterChainProxy$VirtualFilterChain.doFilter(FilterChainProxy.java:385) ~[spring-security-web-7.0.5.jar:7.0.5]
	at org.springframework.security.web.header.HeaderWriterFilter.doHeadersAfter(HeaderWriterFilter.java:90) ~[spring-security-web-7.0.5.jar:7.0.5]
	at org.springframework.security.web.header.HeaderWriterFilter.doFilterInternal(HeaderWriterFilter.java:75) ~[spring-security-web-7.0.5.jar:7.0.5]
	at org.springframework.web.filter.OncePerRequestFilter.doFilter(OncePerRequestFilter.java:116) ~[spring-web-7.0.7.jar:7.0.7]
	at org.springframework.security.web.FilterChainProxy$VirtualFilterChain.doFilter(FilterChainProxy.java:385) ~[spring-security-web-7.0.5.jar:7.0.5]
	at org.springframework.security.web.context.SecurityContextHolderFilter.doFilter(SecurityContextHolderFilter.java:82) ~[spring-security-web-7.0.5.jar:7.0.5]
	at org.springframework.security.web.context.SecurityContextHolderFilter.doFilter(SecurityContextHolderFilter.java:69) ~[spring-security-web-7.0.5.jar:7.0.5]
	at org.springframework.security.web.FilterChainProxy$VirtualFilterChain.doFilter(FilterChainProxy.java:385) ~[spring-security-web-7.0.5.jar:7.0.5]
	at org.springframework.security.web.context.request.async.WebAsyncManagerIntegrationFilter.doFilterInternal(WebAsyncManagerIntegrationFilter.java:62) ~[spring-security-web-7.0.5.jar:7.0.5]
	at org.springframework.web.filter.OncePerRequestFilter.doFilter(OncePerRequestFilter.java:116) ~[spring-web-7.0.7.jar:7.0.7]
	at org.springframework.security.web.FilterChainProxy$VirtualFilterChain.doFilter(FilterChainProxy.java:385) ~[spring-security-web-7.0.5.jar:7.0.5]
	at org.springframework.security.web.session.DisableEncodeUrlFilter.doFilterInternal(DisableEncodeUrlFilter.java:42) ~[spring-security-web-7.0.5.jar:7.0.5]
	at org.springframework.web.filter.OncePerRequestFilter.doFilter(OncePerRequestFilter.java:116) ~[spring-web-7.0.7.jar:7.0.7]
	at org.springframework.security.web.FilterChainProxy$VirtualFilterChain.doFilter(FilterChainProxy.java:385) ~[spring-security-web-7.0.5.jar:7.0.5]
	at org.springframework.security.web.FilterChainProxy.doFilterInternal(FilterChainProxy.java:237) ~[spring-security-web-7.0.5.jar:7.0.5]
	at org.springframework.security.web.FilterChainProxy.doFilter(FilterChainProxy.java:195) ~[spring-security-web-7.0.5.jar:7.0.5]
	at org.springframework.web.filter.CompositeFilter$VirtualFilterChain.doFilter(CompositeFilter.java:113) ~[spring-web-7.0.7.jar:7.0.7]
	at org.springframework.web.filter.ServletRequestPathFilter.doFilter(ServletRequestPathFilter.java:52) ~[spring-web-7.0.7.jar:7.0.7]
	at org.springframework.web.filter.CompositeFilter$VirtualFilterChain.doFilter(CompositeFilter.java:113) ~[spring-web-7.0.7.jar:7.0.7]
	at org.springframework.web.filter.CompositeFilter.doFilter(CompositeFilter.java:74) ~[spring-web-7.0.7.jar:7.0.7]
	at org.springframework.security.config.annotation.web.configuration.WebSecurityConfiguration$CompositeFilterChainProxy.doFilter(WebSecurityConfiguration.java:317) ~[spring-security-config-7.0.5.jar:7.0.5]
	at org.springframework.web.filter.DelegatingFilterProxy.invokeDelegate(DelegatingFilterProxy.java:355) ~[spring-web-7.0.7.jar:7.0.7]
	at org.springframework.web.filter.DelegatingFilterProxy.doFilter(DelegatingFilterProxy.java:272) ~[spring-web-7.0.7.jar:7.0.7]
	at org.apache.catalina.core.ApplicationFilterChain.doFilter(ApplicationFilterChain.java:107) ~[tomcat-embed-core-11.0.21.jar:11.0.21]
	at org.springframework.web.filter.RequestContextFilter.doFilterInternal(RequestContextFilter.java:100) ~[spring-web-7.0.7.jar:7.0.7]
	at org.springframework.web.filter.OncePerRequestFilter.doFilter(OncePerRequestFilter.java:116) ~[spring-web-7.0.7.jar:7.0.7]
	at org.apache.catalina.core.ApplicationFilterChain.doFilter(ApplicationFilterChain.java:107) ~[tomcat-embed-core-11.0.21.jar:11.0.21]
	at org.springframework.web.filter.FormContentFilter.doFilterInternal(FormContentFilter.java:93) ~[spring-web-7.0.7.jar:7.0.7]
	at org.springframework.web.filter.OncePerRequestFilter.doFilter(OncePerRequestFilter.java:116) ~[spring-web-7.0.7.jar:7.0.7]
	at org.apache.catalina.core.ApplicationFilterChain.doFilter(ApplicationFilterChain.java:107) ~[tomcat-embed-core-11.0.21.jar:11.0.21]
	at org.springframework.web.filter.CharacterEncodingFilter.doFilterInternal(CharacterEncodingFilter.java:199) ~[spring-web-7.0.7.jar:7.0.7]
	at org.springframework.web.filter.OncePerRequestFilter.doFilter(OncePerRequestFilter.java:116) ~[spring-web-7.0.7.jar:7.0.7]
	at org.apache.catalina.core.ApplicationFilterChain.doFilter(ApplicationFilterChain.java:107) ~[tomcat-embed-core-11.0.21.jar:11.0.21]
	at org.apache.catalina.core.StandardWrapperValve.invoke(StandardWrapperValve.java:165) ~[tomcat-embed-core-11.0.21.jar:11.0.21]
	at org.apache.catalina.core.StandardContextValve.invoke(StandardContextValve.java:77) ~[tomcat-embed-core-11.0.21.jar:11.0.21]
	at org.apache.catalina.authenticator.AuthenticatorBase.invoke(AuthenticatorBase.java:492) ~[tomcat-embed-core-11.0.21.jar:11.0.21]
	at org.apache.catalina.core.StandardHostValve.invoke(StandardHostValve.java:113) ~[tomcat-embed-core-11.0.21.jar:11.0.21]
	at org.apache.catalina.valves.ErrorReportValve.invoke(ErrorReportValve.java:83) ~[tomcat-embed-core-11.0.21.jar:11.0.21]
	at org.apache.catalina.core.StandardEngineValve.invoke(StandardEngineValve.java:72) ~[tomcat-embed-core-11.0.21.jar:11.0.21]
	at org.apache.catalina.connector.CoyoteAdapter.service(CoyoteAdapter.java:341) ~[tomcat-embed-core-11.0.21.jar:11.0.21]
	at org.apache.coyote.http11.Http11Processor.service(Http11Processor.java:397) ~[tomcat-embed-core-11.0.21.jar:11.0.21]
	at org.apache.coyote.AbstractProcessorLight.process(AbstractProcessorLight.java:63) ~[tomcat-embed-core-11.0.21.jar:11.0.21]
	at org.apache.coyote.AbstractProtocol$ConnectionHandler.process(AbstractProtocol.java:903) ~[tomcat-embed-core-11.0.21.jar:11.0.21]
	at org.apache.tomcat.util.net.NioEndpoint$SocketProcessor.doRun(NioEndpoint.java:1801) ~[tomcat-embed-core-11.0.21.jar:11.0.21]
	at org.apache.tomcat.util.net.SocketProcessorBase.run(SocketProcessorBase.java:52) ~[tomcat-embed-core-11.0.21.jar:11.0.21]
	at org.apache.tomcat.util.threads.ThreadPoolExecutor.runWorker(ThreadPoolExecutor.java:946) ~[tomcat-embed-core-11.0.21.jar:11.0.21]
	at org.apache.tomcat.util.threads.ThreadPoolExecutor$Worker.run(ThreadPoolExecutor.java:480) ~[tomcat-embed-core-11.0.21.jar:11.0.21]
	at org.apache.tomcat.util.threads.TaskThread$WrappingRunnable.run(TaskThread.java:57) ~[tomcat-embed-core-11.0.21.jar:11.0.21]
	at java.base/java.lang.Thread.run(Thread.java:1516) ~[na:na]

2026-08-10T15:24:00.957+05:30 ERROR 9812 --- [Bug Tracking System] [http-nio-8081-exec-10] a.e.ErrorMvcAutoConfiguration$StaticView : Cannot render error page for request [/bugs] and exception [An error happened during template parsing (template: "class path resource [templates/bugs/list.html]")] as the response has already been committed. As a result, the response may have the wrong status code.
2026-08-10T15:24:58.366+05:30 ERROR 9812 --- [Bug Tracking System] [http-nio-8081-exec-3] org.thymeleaf.TemplateEngine             : [THYMELEAF][http-nio-8081-exec-3] Exception processing template "bugs/list": An error happened during template parsing (template: "class path resource [templates/bugs/list.html]")

org.thymeleaf.exceptions.TemplateInputException: An error happened during template parsing (template: "class path resource [templates/bugs/list.html]")
	at org.thymeleaf.templateparser.markup.AbstractMarkupTemplateParser.parse(AbstractMarkupTemplateParser.java:241) ~[thymeleaf-3.1.5.RELEASE.jar:3.1.5.RELEASE]
	at org.thymeleaf.templateparser.markup.AbstractMarkupTemplateParser.parseStandalone(AbstractMarkupTemplateParser.java:100) ~[thymeleaf-3.1.5.RELEASE.jar:3.1.5.RELEASE]
	at org.thymeleaf.engine.TemplateManager.parseAndProcess(TemplateManager.java:666) ~[thymeleaf-3.1.5.RELEASE.jar:3.1.5.RELEASE]
	at org.thymeleaf.TemplateEngine.process(TemplateEngine.java:1103) ~[thymeleaf-3.1.5.RELEASE.jar:3.1.5.RELEASE]
	at org.thymeleaf.TemplateEngine.process(TemplateEngine.java:1077) ~[thymeleaf-3.1.5.RELEASE.jar:3.1.5.RELEASE]
	at org.thymeleaf.spring6.view.ThymeleafView.renderFragment(ThymeleafView.java:374) ~[thymeleaf-spring6-3.1.5.RELEASE.jar:3.1.5.RELEASE]
	at org.thymeleaf.spring6.view.ThymeleafView.render(ThymeleafView.java:193) ~[thymeleaf-spring6-3.1.5.RELEASE.jar:3.1.5.RELEASE]
	at org.springframework.web.servlet.DispatcherServlet.render(DispatcherServlet.java:1305) ~[spring-webmvc-7.0.7.jar:7.0.7]
	at org.springframework.web.servlet.DispatcherServlet.processDispatchResult(DispatcherServlet.java:1042) ~[spring-webmvc-7.0.7.jar:7.0.7]
	at org.springframework.web.servlet.DispatcherServlet.doDispatch(DispatcherServlet.java:980) ~[spring-webmvc-7.0.7.jar:7.0.7]
	at org.springframework.web.servlet.DispatcherServlet.doService(DispatcherServlet.java:866) ~[spring-webmvc-7.0.7.jar:7.0.7]
	at org.springframework.web.servlet.FrameworkServlet.processRequest(FrameworkServlet.java:1000) ~[spring-webmvc-7.0.7.jar:7.0.7]
	at org.springframework.web.servlet.FrameworkServlet.doGet(FrameworkServlet.java:892) ~[spring-webmvc-7.0.7.jar:7.0.7]
	at jakarta.servlet.http.HttpServlet.service(HttpServlet.java:622) ~[tomcat-embed-core-11.0.21.jar:6.1]
	at org.springframework.web.servlet.FrameworkServlet.service(FrameworkServlet.java:874) ~[spring-webmvc-7.0.7.jar:7.0.7]
	at jakarta.servlet.http.HttpServlet.service(HttpServlet.java:710) ~[tomcat-embed-core-11.0.21.jar:6.1]
	at org.apache.catalina.core.ApplicationFilterChain.doFilter(ApplicationFilterChain.java:128) ~[tomcat-embed-core-11.0.21.jar:11.0.21]
	at org.apache.tomcat.websocket.server.WsFilter.doFilter(WsFilter.java:53) ~[tomcat-embed-websocket-11.0.21.jar:11.0.21]
	at org.apache.catalina.core.ApplicationFilterChain.doFilter(ApplicationFilterChain.java:107) ~[tomcat-embed-core-11.0.21.jar:11.0.21]
	at org.springframework.web.filter.CompositeFilter$VirtualFilterChain.doFilter(CompositeFilter.java:108) ~[spring-web-7.0.7.jar:7.0.7]
	at org.springframework.security.web.FilterChainProxy.lambda$doFilterInternal$3(FilterChainProxy.java:235) ~[spring-security-web-7.0.5.jar:7.0.5]
	at org.springframework.security.web.FilterChainProxy$VirtualFilterChain.doFilter(FilterChainProxy.java:376) ~[spring-security-web-7.0.5.jar:7.0.5]
	at org.springframework.security.web.access.intercept.AuthorizationFilter.doFilter(AuthorizationFilter.java:101) ~[spring-security-web-7.0.5.jar:7.0.5]
	at org.springframework.security.web.FilterChainProxy$VirtualFilterChain.doFilter(FilterChainProxy.java:385) ~[spring-security-web-7.0.5.jar:7.0.5]
	at org.springframework.security.web.access.ExceptionTranslationFilter.doFilter(ExceptionTranslationFilter.java:126) ~[spring-security-web-7.0.5.jar:7.0.5]
	at org.springframework.security.web.access.ExceptionTranslationFilter.doFilter(ExceptionTranslationFilter.java:120) ~[spring-security-web-7.0.5.jar:7.0.5]
	at org.springframework.security.web.FilterChainProxy$VirtualFilterChain.doFilter(FilterChainProxy.java:385) ~[spring-security-web-7.0.5.jar:7.0.5]
	at org.springframework.security.web.session.SessionManagementFilter.doFilter(SessionManagementFilter.java:132) ~[spring-security-web-7.0.5.jar:7.0.5]
	at org.springframework.security.web.session.SessionManagementFilter.doFilter(SessionManagementFilter.java:86) ~[spring-security-web-7.0.5.jar:7.0.5]
	at org.springframework.security.web.FilterChainProxy$VirtualFilterChain.doFilter(FilterChainProxy.java:385) ~[spring-security-web-7.0.5.jar:7.0.5]
	at org.springframework.security.web.authentication.AnonymousAuthenticationFilter.doFilter(AnonymousAuthenticationFilter.java:100) ~[spring-security-web-7.0.5.jar:7.0.5]
	at org.springframework.security.web.FilterChainProxy$VirtualFilterChain.doFilter(FilterChainProxy.java:385) ~[spring-security-web-7.0.5.jar:7.0.5]
	at org.springframework.security.web.servletapi.SecurityContextHolderAwareRequestFilter.doFilter(SecurityContextHolderAwareRequestFilter.java:181) ~[spring-security-web-7.0.5.jar:7.0.5]
	at org.springframework.security.web.FilterChainProxy$VirtualFilterChain.doFilter(FilterChainProxy.java:385) ~[spring-security-web-7.0.5.jar:7.0.5]
	at org.springframework.security.web.savedrequest.RequestCacheAwareFilter.doFilter(RequestCacheAwareFilter.java:63) ~[spring-security-web-7.0.5.jar:7.0.5]
	at org.springframework.security.web.FilterChainProxy$VirtualFilterChain.doFilter(FilterChainProxy.java:385) ~[spring-security-web-7.0.5.jar:7.0.5]
	at org.springframework.security.web.session.ConcurrentSessionFilter.doFilter(ConcurrentSessionFilter.java:153) ~[spring-security-web-7.0.5.jar:7.0.5]
	at org.springframework.security.web.session.ConcurrentSessionFilter.doFilter(ConcurrentSessionFilter.java:131) ~[spring-security-web-7.0.5.jar:7.0.5]
	at org.springframework.security.web.FilterChainProxy$VirtualFilterChain.doFilter(FilterChainProxy.java:385) ~[spring-security-web-7.0.5.jar:7.0.5]
	at org.springframework.security.web.authentication.AbstractAuthenticationProcessingFilter.doFilter(AbstractAuthenticationProcessingFilter.java:245) ~[spring-security-web-7.0.5.jar:7.0.5]
	at org.springframework.security.web.authentication.AbstractAuthenticationProcessingFilter.doFilter(AbstractAuthenticationProcessingFilter.java:239) ~[spring-security-web-7.0.5.jar:7.0.5]
	at org.springframework.security.web.FilterChainProxy$VirtualFilterChain.doFilter(FilterChainProxy.java:385) ~[spring-security-web-7.0.5.jar:7.0.5]
	at org.springframework.security.web.authentication.logout.LogoutFilter.doFilter(LogoutFilter.java:110) ~[spring-security-web-7.0.5.jar:7.0.5]
	at org.springframework.security.web.authentication.logout.LogoutFilter.doFilter(LogoutFilter.java:96) ~[spring-security-web-7.0.5.jar:7.0.5]
	at org.springframework.security.web.FilterChainProxy$VirtualFilterChain.doFilter(FilterChainProxy.java:385) ~[spring-security-web-7.0.5.jar:7.0.5]
	at org.springframework.security.web.csrf.CsrfFilter.doFilterInternal(CsrfFilter.java:118) ~[spring-security-web-7.0.5.jar:7.0.5]
	at org.springframework.web.filter.OncePerRequestFilter.doFilter(OncePerRequestFilter.java:116) ~[spring-web-7.0.7.jar:7.0.7]
	at org.springframework.security.web.FilterChainProxy$VirtualFilterChain.doFilter(FilterChainProxy.java:385) ~[spring-security-web-7.0.5.jar:7.0.5]
	at org.springframework.security.web.header.HeaderWriterFilter.doHeadersAfter(HeaderWriterFilter.java:90) ~[spring-security-web-7.0.5.jar:7.0.5]
	at org.springframework.security.web.header.HeaderWriterFilter.doFilterInternal(HeaderWriterFilter.java:75) ~[spring-security-web-7.0.5.jar:7.0.5]
	at org.springframework.web.filter.OncePerRequestFilter.doFilter(OncePerRequestFilter.java:116) ~[spring-web-7.0.7.jar:7.0.7]
	at org.springframework.security.web.FilterChainProxy$VirtualFilterChain.doFilter(FilterChainProxy.java:385) ~[spring-security-web-7.0.5.jar:7.0.5]
	at org.springframework.security.web.context.SecurityContextHolderFilter.doFilter(SecurityContextHolderFilter.java:82) ~[spring-security-web-7.0.5.jar:7.0.5]
	at org.springframework.security.web.context.SecurityContextHolderFilter.doFilter(SecurityContextHolderFilter.java:69) ~[spring-security-web-7.0.5.jar:7.0.5]
	at org.springframework.security.web.FilterChainProxy$VirtualFilterChain.doFilter(FilterChainProxy.java:385) ~[spring-security-web-7.0.5.jar:7.0.5]
	at org.springframework.security.web.context.request.async.WebAsyncManagerIntegrationFilter.doFilterInternal(WebAsyncManagerIntegrationFilter.java:62) ~[spring-security-web-7.0.5.jar:7.0.5]
	at org.springframework.web.filter.OncePerRequestFilter.doFilter(OncePerRequestFilter.java:116) ~[spring-web-7.0.7.jar:7.0.7]
	at org.springframework.security.web.FilterChainProxy$VirtualFilterChain.doFilter(FilterChainProxy.java:385) ~[spring-security-web-7.0.5.jar:7.0.5]
	at org.springframework.security.web.session.DisableEncodeUrlFilter.doFilterInternal(DisableEncodeUrlFilter.java:42) ~[spring-security-web-7.0.5.jar:7.0.5]
	at org.springframework.web.filter.OncePerRequestFilter.doFilter(OncePerRequestFilter.java:116) ~[spring-web-7.0.7.jar:7.0.7]
	at org.springframework.security.web.FilterChainProxy$VirtualFilterChain.doFilter(FilterChainProxy.java:385) ~[spring-security-web-7.0.5.jar:7.0.5]
	at org.springframework.security.web.FilterChainProxy.doFilterInternal(FilterChainProxy.java:237) ~[spring-security-web-7.0.5.jar:7.0.5]
	at org.springframework.security.web.FilterChainProxy.doFilter(FilterChainProxy.java:195) ~[spring-security-web-7.0.5.jar:7.0.5]
	at org.springframework.web.filter.CompositeFilter$VirtualFilterChain.doFilter(CompositeFilter.java:113) ~[spring-web-7.0.7.jar:7.0.7]
	at org.springframework.web.filter.ServletRequestPathFilter.doFilter(ServletRequestPathFilter.java:52) ~[spring-web-7.0.7.jar:7.0.7]
	at org.springframework.web.filter.CompositeFilter$VirtualFilterChain.doFilter(CompositeFilter.java:113) ~[spring-web-7.0.7.jar:7.0.7]
	at org.springframework.web.filter.CompositeFilter.doFilter(CompositeFilter.java:74) ~[spring-web-7.0.7.jar:7.0.7]
	at org.springframework.security.config.annotation.web.configuration.WebSecurityConfiguration$CompositeFilterChainProxy.doFilter(WebSecurityConfiguration.java:317) ~[spring-security-config-7.0.5.jar:7.0.5]
	at org.springframework.web.filter.DelegatingFilterProxy.invokeDelegate(DelegatingFilterProxy.java:355) ~[spring-web-7.0.7.jar:7.0.7]
	at org.springframework.web.filter.DelegatingFilterProxy.doFilter(DelegatingFilterProxy.java:272) ~[spring-web-7.0.7.jar:7.0.7]
	at org.apache.catalina.core.ApplicationFilterChain.doFilter(ApplicationFilterChain.java:107) ~[tomcat-embed-core-11.0.21.jar:11.0.21]
	at org.springframework.web.filter.RequestContextFilter.doFilterInternal(RequestContextFilter.java:100) ~[spring-web-7.0.7.jar:7.0.7]
	at org.springframework.web.filter.OncePerRequestFilter.doFilter(OncePerRequestFilter.java:116) ~[spring-web-7.0.7.jar:7.0.7]
	at org.apache.catalina.core.ApplicationFilterChain.doFilter(ApplicationFilterChain.java:107) ~[tomcat-embed-core-11.0.21.jar:11.0.21]
	at org.springframework.web.filter.FormContentFilter.doFilterInternal(FormContentFilter.java:93) ~[spring-web-7.0.7.jar:7.0.7]
	at org.springframework.web.filter.OncePerRequestFilter.doFilter(OncePerRequestFilter.java:116) ~[spring-web-7.0.7.jar:7.0.7]
	at org.apache.catalina.core.ApplicationFilterChain.doFilter(ApplicationFilterChain.java:107) ~[tomcat-embed-core-11.0.21.jar:11.0.21]
	at org.springframework.web.filter.CharacterEncodingFilter.doFilterInternal(CharacterEncodingFilter.java:199) ~[spring-web-7.0.7.jar:7.0.7]
	at org.springframework.web.filter.OncePerRequestFilter.doFilter(OncePerRequestFilter.java:116) ~[spring-web-7.0.7.jar:7.0.7]
	at org.apache.catalina.core.ApplicationFilterChain.doFilter(ApplicationFilterChain.java:107) ~[tomcat-embed-core-11.0.21.jar:11.0.21]
	at org.apache.catalina.core.StandardWrapperValve.invoke(StandardWrapperValve.java:165) ~[tomcat-embed-core-11.0.21.jar:11.0.21]
	at org.apache.catalina.core.StandardContextValve.invoke(StandardContextValve.java:77) ~[tomcat-embed-core-11.0.21.jar:11.0.21]
	at org.apache.catalina.authenticator.AuthenticatorBase.invoke(AuthenticatorBase.java:492) ~[tomcat-embed-core-11.0.21.jar:11.0.21]
	at org.apache.catalina.core.StandardHostValve.invoke(StandardHostValve.java:113) ~[tomcat-embed-core-11.0.21.jar:11.0.21]
	at org.apache.catalina.valves.ErrorReportValve.invoke(ErrorReportValve.java:83) ~[tomcat-embed-core-11.0.21.jar:11.0.21]
	at org.apache.catalina.core.StandardEngineValve.invoke(StandardEngineValve.java:72) ~[tomcat-embed-core-11.0.21.jar:11.0.21]
	at org.apache.catalina.connector.CoyoteAdapter.service(CoyoteAdapter.java:341) ~[tomcat-embed-core-11.0.21.jar:11.0.21]
	at org.apache.coyote.http11.Http11Processor.service(Http11Processor.java:397) ~[tomcat-embed-core-11.0.21.jar:11.0.21]
	at org.apache.coyote.AbstractProcessorLight.process(AbstractProcessorLight.java:63) ~[tomcat-embed-core-11.0.21.jar:11.0.21]
	at org.apache.coyote.AbstractProtocol$ConnectionHandler.process(AbstractProtocol.java:903) ~[tomcat-embed-core-11.0.21.jar:11.0.21]
	at org.apache.tomcat.util.net.NioEndpoint$SocketProcessor.doRun(NioEndpoint.java:1801) ~[tomcat-embed-core-11.0.21.jar:11.0.21]
	at org.apache.tomcat.util.net.SocketProcessorBase.run(SocketProcessorBase.java:52) ~[tomcat-embed-core-11.0.21.jar:11.0.21]
	at org.apache.tomcat.util.threads.ThreadPoolExecutor.runWorker(ThreadPoolExecutor.java:946) ~[tomcat-embed-core-11.0.21.jar:11.0.21]
	at org.apache.tomcat.util.threads.ThreadPoolExecutor$Worker.run(ThreadPoolExecutor.java:480) ~[tomcat-embed-core-11.0.21.jar:11.0.21]
	at org.apache.tomcat.util.threads.TaskThread$WrappingRunnable.run(TaskThread.java:57) ~[tomcat-embed-core-11.0.21.jar:11.0.21]
	at java.base/java.lang.Thread.run(Thread.java:1516) ~[na:na]
Caused by: org.attoparser.ParseException: Error during execution of processor 'org.thymeleaf.standard.processor.StandardEachTagProcessor' (template: "bugs/list" - line 501, col 33)
	at org.attoparser.MarkupParser.parseDocument(MarkupParser.java:393) ~[attoparser-2.0.7.RELEASE.jar:2.0.7.RELEASE]
	at org.attoparser.MarkupParser.parse(MarkupParser.java:257) ~[attoparser-2.0.7.RELEASE.jar:2.0.7.RELEASE]
	at org.thymeleaf.templateparser.markup.AbstractMarkupTemplateParser.parse(AbstractMarkupTemplateParser.java:230) ~[thymeleaf-3.1.5.RELEASE.jar:3.1.5.RELEASE]
	... 95 common frames omitted
Caused by: org.thymeleaf.exceptions.TemplateProcessingException: Error during execution of processor 'org.thymeleaf.standard.processor.StandardEachTagProcessor' (template: "bugs/list" - line 501, col 33)
	at org.thymeleaf.processor.element.AbstractAttributeTagProcessor.doProcess(AbstractAttributeTagProcessor.java:117) ~[thymeleaf-3.1.5.RELEASE.jar:3.1.5.RELEASE]
	at org.thymeleaf.processor.element.AbstractElementTagProcessor.process(AbstractElementTagProcessor.java:95) ~[thymeleaf-3.1.5.RELEASE.jar:3.1.5.RELEASE]
	at org.thymeleaf.util.ProcessorConfigurationUtils$ElementTagProcessorWrapper.process(ProcessorConfigurationUtils.java:633) ~[thymeleaf-3.1.5.RELEASE.jar:3.1.5.RELEASE]
	at org.thymeleaf.engine.ProcessorTemplateHandler.handleOpenElement(ProcessorTemplateHandler.java:1314) ~[thymeleaf-3.1.5.RELEASE.jar:3.1.5.RELEASE]
	at org.thymeleaf.engine.TemplateHandlerAdapterMarkupHandler.handleOpenElementEnd(TemplateHandlerAdapterMarkupHandler.java:304) ~[thymeleaf-3.1.5.RELEASE.jar:3.1.5.RELEASE]
	at org.thymeleaf.templateparser.markup.InlinedOutputExpressionMarkupHandler$InlineMarkupAdapterPreProcessorHandler.handleOpenElementEnd(InlinedOutputExpressionMarkupHandler.java:278) ~[thymeleaf-3.1.5.RELEASE.jar:3.1.5.RELEASE]
	at org.thymeleaf.standard.inline.OutputExpressionInlinePreProcessorHandler.handleOpenElementEnd(OutputExpressionInlinePreProcessorHandler.java:186) ~[thymeleaf-3.1.5.RELEASE.jar:3.1.5.RELEASE]
	at org.thymeleaf.templateparser.markup.InlinedOutputExpressionMarkupHandler.handleOpenElementEnd(InlinedOutputExpressionMarkupHandler.java:124) ~[thymeleaf-3.1.5.RELEASE.jar:3.1.5.RELEASE]
	at org.attoparser.HtmlElement.handleOpenElementEnd(HtmlElement.java:109) ~[attoparser-2.0.7.RELEASE.jar:2.0.7.RELEASE]
	at org.attoparser.HtmlMarkupHandler.handleOpenElementEnd(HtmlMarkupHandler.java:297) ~[attoparser-2.0.7.RELEASE.jar:2.0.7.RELEASE]
	at org.attoparser.MarkupEventProcessorHandler.handleOpenElementEnd(MarkupEventProcessorHandler.java:402) ~[attoparser-2.0.7.RELEASE.jar:2.0.7.RELEASE]
	at org.attoparser.ParsingElementMarkupUtil.parseOpenElement(ParsingElementMarkupUtil.java:159) ~[attoparser-2.0.7.RELEASE.jar:2.0.7.RELEASE]
	at org.attoparser.MarkupParser.parseBuffer(MarkupParser.java:710) ~[attoparser-2.0.7.RELEASE.jar:2.0.7.RELEASE]
	at org.attoparser.MarkupParser.parseDocument(MarkupParser.java:301) ~[attoparser-2.0.7.RELEASE.jar:2.0.7.RELEASE]
	... 97 common frames omitted
Caused by: org.springframework.expression.spel.SpelParseException: Expression [#numbers.sequence(
                                              [[${ [[${ Math.max(1,
                                              currentPage-2) }]] }]],
                                              [[${ Math.min(totalPages,
                                              currentPage+2) }]])] @69: EL1043E: Unexpected token. Expected 'rsquare(])' but was 'lcurly({)'
	at org.springframework.expression.spel.standard.InternalSpelExpressionParser.internalException(InternalSpelExpressionParser.java:1057) ~[spring-expression-7.0.7.jar:7.0.7]
	at org.springframework.expression.spel.standard.InternalSpelExpressionParser.eatToken(InternalSpelExpressionParser.java:938) ~[spring-expression-7.0.7.jar:7.0.7]
	at org.springframework.expression.spel.standard.InternalSpelExpressionParser.maybeEatIndexer(InternalSpelExpressionParser.java:701) ~[spring-expression-7.0.7.jar:7.0.7]
	at org.springframework.expression.spel.standard.InternalSpelExpressionParser.eatStartNode(InternalSpelExpressionParser.java:530) ~[spring-expression-7.0.7.jar:7.0.7]
	at org.springframework.expression.spel.standard.InternalSpelExpressionParser.eatPrimaryExpression(InternalSpelExpressionParser.java:367) ~[spring-expression-7.0.7.jar:7.0.7]
	at org.springframework.expression.spel.standard.InternalSpelExpressionParser.eatUnaryExpression(InternalSpelExpressionParser.java:362) ~[spring-expression-7.0.7.jar:7.0.7]
	at org.springframework.expression.spel.standard.InternalSpelExpressionParser.eatPowerIncDecExpression(InternalSpelExpressionParser.java:316) ~[spring-expression-7.0.7.jar:7.0.7]
	at org.springframework.expression.spel.standard.InternalSpelExpressionParser.eatProductExpression(InternalSpelExpressionParser.java:295) ~[spring-expression-7.0.7.jar:7.0.7]
	at org.springframework.expression.spel.standard.InternalSpelExpressionParser.eatSumExpression(InternalSpelExpressionParser.java:278) ~[spring-expression-7.0.7.jar:7.0.7]
	at org.springframework.expression.spel.standard.InternalSpelExpressionParser.eatRelationalExpression(InternalSpelExpressionParser.java:233) ~[spring-expression-7.0.7.jar:7.0.7]
	at org.springframework.expression.spel.standard.InternalSpelExpressionParser.eatLogicalAndExpression(InternalSpelExpressionParser.java:221) ~[spring-expression-7.0.7.jar:7.0.7]
	at org.springframework.expression.spel.standard.InternalSpelExpressionParser.eatLogicalOrExpression(InternalSpelExpressionParser.java:209) ~[spring-expression-7.0.7.jar:7.0.7]
	at org.springframework.expression.spel.standard.InternalSpelExpressionParser.eatExpression(InternalSpelExpressionParser.java:171) ~[spring-expression-7.0.7.jar:7.0.7]
	at org.springframework.expression.spel.standard.InternalSpelExpressionParser.maybeEatIndexer(InternalSpelExpressionParser.java:697) ~[spring-expression-7.0.7.jar:7.0.7]
	at org.springframework.expression.spel.standard.InternalSpelExpressionParser.eatStartNode(InternalSpelExpressionParser.java:530) ~[spring-expression-7.0.7.jar:7.0.7]
	at org.springframework.expression.spel.standard.InternalSpelExpressionParser.eatPrimaryExpression(InternalSpelExpressionParser.java:367) ~[spring-expression-7.0.7.jar:7.0.7]
	at org.springframework.expression.spel.standard.InternalSpelExpressionParser.eatUnaryExpression(InternalSpelExpressionParser.java:362) ~[spring-expression-7.0.7.jar:7.0.7]
	at org.springframework.expression.spel.standard.InternalSpelExpressionParser.eatPowerIncDecExpression(InternalSpelExpressionParser.java:316) ~[spring-expression-7.0.7.jar:7.0.7]
	at org.springframework.expression.spel.standard.InternalSpelExpressionParser.eatProductExpression(InternalSpelExpressionParser.java:295) ~[spring-expression-7.0.7.jar:7.0.7]
	at org.springframework.expression.spel.standard.InternalSpelExpressionParser.eatSumExpression(InternalSpelExpressionParser.java:278) ~[spring-expression-7.0.7.jar:7.0.7]
	at org.springframework.expression.spel.standard.InternalSpelExpressionParser.eatRelationalExpression(InternalSpelExpressionParser.java:233) ~[spring-expression-7.0.7.jar:7.0.7]
	at org.springframework.expression.spel.standard.InternalSpelExpressionParser.eatLogicalAndExpression(InternalSpelExpressionParser.java:221) ~[spring-expression-7.0.7.jar:7.0.7]
	at org.springframework.expression.spel.standard.InternalSpelExpressionParser.eatLogicalOrExpression(InternalSpelExpressionParser.java:209) ~[spring-expression-7.0.7.jar:7.0.7]
	at org.springframework.expression.spel.standard.InternalSpelExpressionParser.eatExpression(InternalSpelExpressionParser.java:171) ~[spring-expression-7.0.7.jar:7.0.7]
	at org.springframework.expression.spel.standard.InternalSpelExpressionParser.consumeArguments(InternalSpelExpressionParser.java:485) ~[spring-expression-7.0.7.jar:7.0.7]
	at org.springframework.expression.spel.standard.InternalSpelExpressionParser.maybeEatMethodArgs(InternalSpelExpressionParser.java:455) ~[spring-expression-7.0.7.jar:7.0.7]
	at org.springframework.expression.spel.standard.InternalSpelExpressionParser.maybeEatMethodOrProperty(InternalSpelExpressionParser.java:771) ~[spring-expression-7.0.7.jar:7.0.7]
	at org.springframework.expression.spel.standard.InternalSpelExpressionParser.eatDottedNode(InternalSpelExpressionParser.java:412) ~[spring-expression-7.0.7.jar:7.0.7]
	at org.springframework.expression.spel.standard.InternalSpelExpressionParser.eatNode(InternalSpelExpressionParser.java:387) ~[spring-expression-7.0.7.jar:7.0.7]
	at org.springframework.expression.spel.standard.InternalSpelExpressionParser.eatPrimaryExpression(InternalSpelExpressionParser.java:369) ~[spring-expression-7.0.7.jar:7.0.7]
	at org.springframework.expression.spel.standard.InternalSpelExpressionParser.eatUnaryExpression(InternalSpelExpressionParser.java:362) ~[spring-expression-7.0.7.jar:7.0.7]
	at org.springframework.expression.spel.standard.InternalSpelExpressionParser.eatPowerIncDecExpression(InternalSpelExpressionParser.java:316) ~[spring-expression-7.0.7.jar:7.0.7]
	at org.springframework.expression.spel.standard.InternalSpelExpressionParser.eatProductExpression(InternalSpelExpressionParser.java:295) ~[spring-expression-7.0.7.jar:7.0.7]
	at org.springframework.expression.spel.standard.InternalSpelExpressionParser.eatSumExpression(InternalSpelExpressionParser.java:278) ~[spring-expression-7.0.7.jar:7.0.7]
	at org.springframework.expression.spel.standard.InternalSpelExpressionParser.eatRelationalExpression(InternalSpelExpressionParser.java:233) ~[spring-expression-7.0.7.jar:7.0.7]
	at org.springframework.expression.spel.standard.InternalSpelExpressionParser.eatLogicalAndExpression(InternalSpelExpressionParser.java:221) ~[spring-expression-7.0.7.jar:7.0.7]
	at org.springframework.expression.spel.standard.InternalSpelExpressionParser.eatLogicalOrExpression(InternalSpelExpressionParser.java:209) ~[spring-expression-7.0.7.jar:7.0.7]
	at org.springframework.expression.spel.standard.InternalSpelExpressionParser.eatExpression(InternalSpelExpressionParser.java:171) ~[spring-expression-7.0.7.jar:7.0.7]
	at org.springframework.expression.spel.standard.InternalSpelExpressionParser.doParseExpression(InternalSpelExpressionParser.java:141) ~[spring-expression-7.0.7.jar:7.0.7]
	at org.springframework.expression.spel.standard.SpelExpressionParser.doParseExpression(SpelExpressionParser.java:64) ~[spring-expression-7.0.7.jar:7.0.7]
	at org.springframework.expression.spel.standard.SpelExpressionParser.doParseExpression(SpelExpressionParser.java:35) ~[spring-expression-7.0.7.jar:7.0.7]
	at org.springframework.expression.common.TemplateAwareExpressionParser.parseExpression(TemplateAwareExpressionParser.java:63) ~[spring-expression-7.0.7.jar:7.0.7]
	at org.springframework.expression.common.TemplateAwareExpressionParser.parseExpression(TemplateAwareExpressionParser.java:52) ~[spring-expression-7.0.7.jar:7.0.7]
	at org.thymeleaf.spring6.expression.SPELVariableExpressionEvaluator.getExpression(SPELVariableExpressionEvaluator.java:383) ~[thymeleaf-spring6-3.1.5.RELEASE.jar:3.1.5.RELEASE]
	at org.thymeleaf.spring6.expression.SPELVariableExpressionEvaluator.obtainComputedSpelExpression(SPELVariableExpressionEvaluator.java:331) ~[thymeleaf-spring6-3.1.5.RELEASE.jar:3.1.5.RELEASE]
	at org.thymeleaf.spring6.expression.SPELVariableExpressionEvaluator.evaluate(SPELVariableExpressionEvaluator.java:159) ~[thymeleaf-spring6-3.1.5.RELEASE.jar:3.1.5.RELEASE]
	at org.thymeleaf.standard.expression.VariableExpression.executeVariableExpression(VariableExpression.java:166) ~[thymeleaf-3.1.5.RELEASE.jar:3.1.5.RELEASE]
	at org.thymeleaf.standard.expression.SimpleExpression.executeSimple(SimpleExpression.java:66) ~[thymeleaf-3.1.5.RELEASE.jar:3.1.5.RELEASE]
	at org.thymeleaf.standard.expression.Expression.execute(Expression.java:109) ~[thymeleaf-3.1.5.RELEASE.jar:3.1.5.RELEASE]
	at org.thymeleaf.standard.expression.Expression.execute(Expression.java:138) ~[thymeleaf-3.1.5.RELEASE.jar:3.1.5.RELEASE]
	at org.thymeleaf.standard.expression.Expression.execute(Expression.java:125) ~[thymeleaf-3.1.5.RELEASE.jar:3.1.5.RELEASE]
	at org.thymeleaf.standard.processor.StandardEachTagProcessor.doProcess(StandardEachTagProcessor.java:73) ~[thymeleaf-3.1.5.RELEASE.jar:3.1.5.RELEASE]
	at org.thymeleaf.processor.element.AbstractAttributeTagProcessor.doProcess(AbstractAttributeTagProcessor.java:74) ~[thymeleaf-3.1.5.RELEASE.jar:3.1.5.RELEASE]
	... 110 common frames omitted

2026-08-10T15:24:58.371+05:30 ERROR 9812 --- [Bug Tracking System] [http-nio-8081-exec-3] o.a.c.c.C.[.[.[/].[dispatcherServlet]    : Servlet.service() for servlet [dispatcherServlet] in context with path [] threw exception [Request processing failed: org.thymeleaf.exceptions.TemplateInputException: An error happened during template parsing (template: "class path resource [templates/bugs/list.html]")] with root cause

org.springframework.expression.spel.SpelParseException: Expression [#numbers.sequence(
                                              [[${ [[${ Math.max(1,
                                              currentPage-2) }]] }]],
                                              [[${ Math.min(totalPages,
                                              currentPage+2) }]])] @69: EL1043E: Unexpected token. Expected 'rsquare(])' but was 'lcurly({)'
	at org.springframework.expression.spel.standard.InternalSpelExpressionParser.internalException(InternalSpelExpressionParser.java:1057) ~[spring-expression-7.0.7.jar:7.0.7]
	at org.springframework.expression.spel.standard.InternalSpelExpressionParser.eatToken(InternalSpelExpressionParser.java:938) ~[spring-expression-7.0.7.jar:7.0.7]
	at org.springframework.expression.spel.standard.InternalSpelExpressionParser.maybeEatIndexer(InternalSpelExpressionParser.java:701) ~[spring-expression-7.0.7.jar:7.0.7]
	at org.springframework.expression.spel.standard.InternalSpelExpressionParser.eatStartNode(InternalSpelExpressionParser.java:530) ~[spring-expression-7.0.7.jar:7.0.7]
	at org.springframework.expression.spel.standard.InternalSpelExpressionParser.eatPrimaryExpression(InternalSpelExpressionParser.java:367) ~[spring-expression-7.0.7.jar:7.0.7]
	at org.springframework.expression.spel.standard.InternalSpelExpressionParser.eatUnaryExpression(InternalSpelExpressionParser.java:362) ~[spring-expression-7.0.7.jar:7.0.7]
	at org.springframework.expression.spel.standard.InternalSpelExpressionParser.eatPowerIncDecExpression(InternalSpelExpressionParser.java:316) ~[spring-expression-7.0.7.jar:7.0.7]
	at org.springframework.expression.spel.standard.InternalSpelExpressionParser.eatProductExpression(InternalSpelExpressionParser.java:295) ~[spring-expression-7.0.7.jar:7.0.7]
	at org.springframework.expression.spel.standard.InternalSpelExpressionParser.eatSumExpression(InternalSpelExpressionParser.java:278) ~[spring-expression-7.0.7.jar:7.0.7]
	at org.springframework.expression.spel.standard.InternalSpelExpressionParser.eatRelationalExpression(InternalSpelExpressionParser.java:233) ~[spring-expression-7.0.7.jar:7.0.7]
	at org.springframework.expression.spel.standard.InternalSpelExpressionParser.eatLogicalAndExpression(InternalSpelExpressionParser.java:221) ~[spring-expression-7.0.7.jar:7.0.7]
	at org.springframework.expression.spel.standard.InternalSpelExpressionParser.eatLogicalOrExpression(InternalSpelExpressionParser.java:209) ~[spring-expression-7.0.7.jar:7.0.7]
	at org.springframework.expression.spel.standard.InternalSpelExpressionParser.eatExpression(InternalSpelExpressionParser.java:171) ~[spring-expression-7.0.7.jar:7.0.7]
	at org.springframework.expression.spel.standard.InternalSpelExpressionParser.maybeEatIndexer(InternalSpelExpressionParser.java:697) ~[spring-expression-7.0.7.jar:7.0.7]
	at org.springframework.expression.spel.standard.InternalSpelExpressionParser.eatStartNode(InternalSpelExpressionParser.java:530) ~[spring-expression-7.0.7.jar:7.0.7]
	at org.springframework.expression.spel.standard.InternalSpelExpressionParser.eatPrimaryExpression(InternalSpelExpressionParser.java:367) ~[spring-expression-7.0.7.jar:7.0.7]
	at org.springframework.expression.spel.standard.InternalSpelExpressionParser.eatUnaryExpression(InternalSpelExpressionParser.java:362) ~[spring-expression-7.0.7.jar:7.0.7]
	at org.springframework.expression.spel.standard.InternalSpelExpressionParser.eatPowerIncDecExpression(InternalSpelExpressionParser.java:316) ~[spring-expression-7.0.7.jar:7.0.7]
	at org.springframework.expression.spel.standard.InternalSpelExpressionParser.eatProductExpression(InternalSpelExpressionParser.java:295) ~[spring-expression-7.0.7.jar:7.0.7]
	at org.springframework.expression.spel.standard.InternalSpelExpressionParser.eatSumExpression(InternalSpelExpressionParser.java:278) ~[spring-expression-7.0.7.jar:7.0.7]
	at org.springframework.expression.spel.standard.InternalSpelExpressionParser.eatRelationalExpression(InternalSpelExpressionParser.java:233) ~[spring-expression-7.0.7.jar:7.0.7]
	at org.springframework.expression.spel.standard.InternalSpelExpressionParser.eatLogicalAndExpression(InternalSpelExpressionParser.java:221) ~[spring-expression-7.0.7.jar:7.0.7]
	at org.springframework.expression.spel.standard.InternalSpelExpressionParser.eatLogicalOrExpression(InternalSpelExpressionParser.java:209) ~[spring-expression-7.0.7.jar:7.0.7]
	at org.springframework.expression.spel.standard.InternalSpelExpressionParser.eatExpression(InternalSpelExpressionParser.java:171) ~[spring-expression-7.0.7.jar:7.0.7]
	at org.springframework.expression.spel.standard.InternalSpelExpressionParser.consumeArguments(InternalSpelExpressionParser.java:485) ~[spring-expression-7.0.7.jar:7.0.7]
	at org.springframework.expression.spel.standard.InternalSpelExpressionParser.maybeEatMethodArgs(InternalSpelExpressionParser.java:455) ~[spring-expression-7.0.7.jar:7.0.7]
	at org.springframework.expression.spel.standard.InternalSpelExpressionParser.maybeEatMethodOrProperty(InternalSpelExpressionParser.java:771) ~[spring-expression-7.0.7.jar:7.0.7]
	at org.springframework.expression.spel.standard.InternalSpelExpressionParser.eatDottedNode(InternalSpelExpressionParser.java:412) ~[spring-expression-7.0.7.jar:7.0.7]
	at org.springframework.expression.spel.standard.InternalSpelExpressionParser.eatNode(InternalSpelExpressionParser.java:387) ~[spring-expression-7.0.7.jar:7.0.7]
	at org.springframework.expression.spel.standard.InternalSpelExpressionParser.eatPrimaryExpression(InternalSpelExpressionParser.java:369) ~[spring-expression-7.0.7.jar:7.0.7]
	at org.springframework.expression.spel.standard.InternalSpelExpressionParser.eatUnaryExpression(InternalSpelExpressionParser.java:362) ~[spring-expression-7.0.7.jar:7.0.7]
	at org.springframework.expression.spel.standard.InternalSpelExpressionParser.eatPowerIncDecExpression(InternalSpelExpressionParser.java:316) ~[spring-expression-7.0.7.jar:7.0.7]
	at org.springframework.expression.spel.standard.InternalSpelExpressionParser.eatProductExpression(InternalSpelExpressionParser.java:295) ~[spring-expression-7.0.7.jar:7.0.7]
	at org.springframework.expression.spel.standard.InternalSpelExpressionParser.eatSumExpression(InternalSpelExpressionParser.java:278) ~[spring-expression-7.0.7.jar:7.0.7]
	at org.springframework.expression.spel.standard.InternalSpelExpressionParser.eatRelationalExpression(InternalSpelExpressionParser.java:233) ~[spring-expression-7.0.7.jar:7.0.7]
	at org.springframework.expression.spel.standard.InternalSpelExpressionParser.eatLogicalAndExpression(InternalSpelExpressionParser.java:221) ~[spring-expression-7.0.7.jar:7.0.7]
	at org.springframework.expression.spel.standard.InternalSpelExpressionParser.eatLogicalOrExpression(InternalSpelExpressionParser.java:209) ~[spring-expression-7.0.7.jar:7.0.7]
	at org.springframework.expression.spel.standard.InternalSpelExpressionParser.eatExpression(InternalSpelExpressionParser.java:171) ~[spring-expression-7.0.7.jar:7.0.7]
	at org.springframework.expression.spel.standard.InternalSpelExpressionParser.doParseExpression(InternalSpelExpressionParser.java:141) ~[spring-expression-7.0.7.jar:7.0.7]
	at org.springframework.expression.spel.standard.SpelExpressionParser.doParseExpression(SpelExpressionParser.java:64) ~[spring-expression-7.0.7.jar:7.0.7]
	at org.springframework.expression.spel.standard.SpelExpressionParser.doParseExpression(SpelExpressionParser.java:35) ~[spring-expression-7.0.7.jar:7.0.7]
	at org.springframework.expression.common.TemplateAwareExpressionParser.parseExpression(TemplateAwareExpressionParser.java:63) ~[spring-expression-7.0.7.jar:7.0.7]
	at org.springframework.expression.common.TemplateAwareExpressionParser.parseExpression(TemplateAwareExpressionParser.java:52) ~[spring-expression-7.0.7.jar:7.0.7]
	at org.thymeleaf.spring6.expression.SPELVariableExpressionEvaluator.getExpression(SPELVariableExpressionEvaluator.java:383) ~[thymeleaf-spring6-3.1.5.RELEASE.jar:3.1.5.RELEASE]
	at org.thymeleaf.spring6.expression.SPELVariableExpressionEvaluator.obtainComputedSpelExpression(SPELVariableExpressionEvaluator.java:331) ~[thymeleaf-spring6-3.1.5.RELEASE.jar:3.1.5.RELEASE]
	at org.thymeleaf.spring6.expression.SPELVariableExpressionEvaluator.evaluate(SPELVariableExpressionEvaluator.java:159) ~[thymeleaf-spring6-3.1.5.RELEASE.jar:3.1.5.RELEASE]
	at org.thymeleaf.standard.expression.VariableExpression.executeVariableExpression(VariableExpression.java:166) ~[thymeleaf-3.1.5.RELEASE.jar:3.1.5.RELEASE]
	at org.thymeleaf.standard.expression.SimpleExpression.executeSimple(SimpleExpression.java:66) ~[thymeleaf-3.1.5.RELEASE.jar:3.1.5.RELEASE]
	at org.thymeleaf.standard.expression.Expression.execute(Expression.java:109) ~[thymeleaf-3.1.5.RELEASE.jar:3.1.5.RELEASE]
	at org.thymeleaf.standard.expression.Expression.execute(Expression.java:138) ~[thymeleaf-3.1.5.RELEASE.jar:3.1.5.RELEASE]
	at org.thymeleaf.standard.expression.Expression.execute(Expression.java:125) ~[thymeleaf-3.1.5.RELEASE.jar:3.1.5.RELEASE]
	at org.thymeleaf.standard.processor.StandardEachTagProcessor.doProcess(StandardEachTagProcessor.java:73) ~[thymeleaf-3.1.5.RELEASE.jar:3.1.5.RELEASE]
	at org.thymeleaf.processor.element.AbstractAttributeTagProcessor.doProcess(AbstractAttributeTagProcessor.java:74) ~[thymeleaf-3.1.5.RELEASE.jar:3.1.5.RELEASE]
	at org.thymeleaf.processor.element.AbstractElementTagProcessor.process(AbstractElementTagProcessor.java:95) ~[thymeleaf-3.1.5.RELEASE.jar:3.1.5.RELEASE]
	at org.thymeleaf.util.ProcessorConfigurationUtils$ElementTagProcessorWrapper.process(ProcessorConfigurationUtils.java:633) ~[thymeleaf-3.1.5.RELEASE.jar:3.1.5.RELEASE]
	at org.thymeleaf.engine.ProcessorTemplateHandler.handleOpenElement(ProcessorTemplateHandler.java:1314) ~[thymeleaf-3.1.5.RELEASE.jar:3.1.5.RELEASE]
	at org.thymeleaf.engine.TemplateHandlerAdapterMarkupHandler.handleOpenElementEnd(TemplateHandlerAdapterMarkupHandler.java:304) ~[thymeleaf-3.1.5.RELEASE.jar:3.1.5.RELEASE]
	at org.thymeleaf.templateparser.markup.InlinedOutputExpressionMarkupHandler$InlineMarkupAdapterPreProcessorHandler.handleOpenElementEnd(InlinedOutputExpressionMarkupHandler.java:278) ~[thymeleaf-3.1.5.RELEASE.jar:3.1.5.RELEASE]
	at org.thymeleaf.standard.inline.OutputExpressionInlinePreProcessorHandler.handleOpenElementEnd(OutputExpressionInlinePreProcessorHandler.java:186) ~[thymeleaf-3.1.5.RELEASE.jar:3.1.5.RELEASE]
	at org.thymeleaf.templateparser.markup.InlinedOutputExpressionMarkupHandler.handleOpenElementEnd(InlinedOutputExpressionMarkupHandler.java:124) ~[thymeleaf-3.1.5.RELEASE.jar:3.1.5.RELEASE]
	at org.attoparser.HtmlElement.handleOpenElementEnd(HtmlElement.java:109) ~[attoparser-2.0.7.RELEASE.jar:2.0.7.RELEASE]
	at org.attoparser.HtmlMarkupHandler.handleOpenElementEnd(HtmlMarkupHandler.java:297) ~[attoparser-2.0.7.RELEASE.jar:2.0.7.RELEASE]
	at org.attoparser.MarkupEventProcessorHandler.handleOpenElementEnd(MarkupEventProcessorHandler.java:402) ~[attoparser-2.0.7.RELEASE.jar:2.0.7.RELEASE]
	at org.attoparser.ParsingElementMarkupUtil.parseOpenElement(ParsingElementMarkupUtil.java:159) ~[attoparser-2.0.7.RELEASE.jar:2.0.7.RELEASE]
	at org.attoparser.MarkupParser.parseBuffer(MarkupParser.java:710) ~[attoparser-2.0.7.RELEASE.jar:2.0.7.RELEASE]
	at org.attoparser.MarkupParser.parseDocument(MarkupParser.java:301) ~[attoparser-2.0.7.RELEASE.jar:2.0.7.RELEASE]
	at org.attoparser.MarkupParser.parse(MarkupParser.java:257) ~[attoparser-2.0.7.RELEASE.jar:2.0.7.RELEASE]
	at org.thymeleaf.templateparser.markup.AbstractMarkupTemplateParser.parse(AbstractMarkupTemplateParser.java:230) ~[thymeleaf-3.1.5.RELEASE.jar:3.1.5.RELEASE]
	at org.thymeleaf.templateparser.markup.AbstractMarkupTemplateParser.parseStandalone(AbstractMarkupTemplateParser.java:100) ~[thymeleaf-3.1.5.RELEASE.jar:3.1.5.RELEASE]
	at org.thymeleaf.engine.TemplateManager.parseAndProcess(TemplateManager.java:666) ~[thymeleaf-3.1.5.RELEASE.jar:3.1.5.RELEASE]
	at org.thymeleaf.TemplateEngine.process(TemplateEngine.java:1103) ~[thymeleaf-3.1.5.RELEASE.jar:3.1.5.RELEASE]
	at org.thymeleaf.TemplateEngine.process(TemplateEngine.java:1077) ~[thymeleaf-3.1.5.RELEASE.jar:3.1.5.RELEASE]
	at org.thymeleaf.spring6.view.ThymeleafView.renderFragment(ThymeleafView.java:374) ~[thymeleaf-spring6-3.1.5.RELEASE.jar:3.1.5.RELEASE]
	at org.thymeleaf.spring6.view.ThymeleafView.render(ThymeleafView.java:193) ~[thymeleaf-spring6-3.1.5.RELEASE.jar:3.1.5.RELEASE]
	at org.springframework.web.servlet.DispatcherServlet.render(DispatcherServlet.java:1305) ~[spring-webmvc-7.0.7.jar:7.0.7]
	at org.springframework.web.servlet.DispatcherServlet.processDispatchResult(DispatcherServlet.java:1042) ~[spring-webmvc-7.0.7.jar:7.0.7]
	at org.springframework.web.servlet.DispatcherServlet.doDispatch(DispatcherServlet.java:980) ~[spring-webmvc-7.0.7.jar:7.0.7]
	at org.springframework.web.servlet.DispatcherServlet.doService(DispatcherServlet.java:866) ~[spring-webmvc-7.0.7.jar:7.0.7]
	at org.springframework.web.servlet.FrameworkServlet.processRequest(FrameworkServlet.java:1000) ~[spring-webmvc-7.0.7.jar:7.0.7]
	at org.springframework.web.servlet.FrameworkServlet.doGet(FrameworkServlet.java:892) ~[spring-webmvc-7.0.7.jar:7.0.7]
	at jakarta.servlet.http.HttpServlet.service(HttpServlet.java:622) ~[tomcat-embed-core-11.0.21.jar:6.1]
	at org.springframework.web.servlet.FrameworkServlet.service(FrameworkServlet.java:874) ~[spring-webmvc-7.0.7.jar:7.0.7]
	at jakarta.servlet.http.HttpServlet.service(HttpServlet.java:710) ~[tomcat-embed-core-11.0.21.jar:6.1]
	at org.apache.catalina.core.ApplicationFilterChain.doFilter(ApplicationFilterChain.java:128) ~[tomcat-embed-core-11.0.21.jar:11.0.21]
	at org.apache.tomcat.websocket.server.WsFilter.doFilter(WsFilter.java:53) ~[tomcat-embed-websocket-11.0.21.jar:11.0.21]
	at org.apache.catalina.core.ApplicationFilterChain.doFilter(ApplicationFilterChain.java:107) ~[tomcat-embed-core-11.0.21.jar:11.0.21]
	at org.springframework.web.filter.CompositeFilter$VirtualFilterChain.doFilter(CompositeFilter.java:108) ~[spring-web-7.0.7.jar:7.0.7]
	at org.springframework.security.web.FilterChainProxy.lambda$doFilterInternal$3(FilterChainProxy.java:235) ~[spring-security-web-7.0.5.jar:7.0.5]
	at org.springframework.security.web.FilterChainProxy$VirtualFilterChain.doFilter(FilterChainProxy.java:376) ~[spring-security-web-7.0.5.jar:7.0.5]
	at org.springframework.security.web.access.intercept.AuthorizationFilter.doFilter(AuthorizationFilter.java:101) ~[spring-security-web-7.0.5.jar:7.0.5]
	at org.springframework.security.web.FilterChainProxy$VirtualFilterChain.doFilter(FilterChainProxy.java:385) ~[spring-security-web-7.0.5.jar:7.0.5]
	at org.springframework.security.web.access.ExceptionTranslationFilter.doFilter(ExceptionTranslationFilter.java:126) ~[spring-security-web-7.0.5.jar:7.0.5]
	at org.springframework.security.web.access.ExceptionTranslationFilter.doFilter(ExceptionTranslationFilter.java:120) ~[spring-security-web-7.0.5.jar:7.0.5]
	at org.springframework.security.web.FilterChainProxy$VirtualFilterChain.doFilter(FilterChainProxy.java:385) ~[spring-security-web-7.0.5.jar:7.0.5]
	at org.springframework.security.web.session.SessionManagementFilter.doFilter(SessionManagementFilter.java:132) ~[spring-security-web-7.0.5.jar:7.0.5]
	at org.springframework.security.web.session.SessionManagementFilter.doFilter(SessionManagementFilter.java:86) ~[spring-security-web-7.0.5.jar:7.0.5]
	at org.springframework.security.web.FilterChainProxy$VirtualFilterChain.doFilter(FilterChainProxy.java:385) ~[spring-security-web-7.0.5.jar:7.0.5]
	at org.springframework.security.web.authentication.AnonymousAuthenticationFilter.doFilter(AnonymousAuthenticationFilter.java:100) ~[spring-security-web-7.0.5.jar:7.0.5]
	at org.springframework.security.web.FilterChainProxy$VirtualFilterChain.doFilter(FilterChainProxy.java:385) ~[spring-security-web-7.0.5.jar:7.0.5]
	at org.springframework.security.web.servletapi.SecurityContextHolderAwareRequestFilter.doFilter(SecurityContextHolderAwareRequestFilter.java:181) ~[spring-security-web-7.0.5.jar:7.0.5]
	at org.springframework.security.web.FilterChainProxy$VirtualFilterChain.doFilter(FilterChainProxy.java:385) ~[spring-security-web-7.0.5.jar:7.0.5]
	at org.springframework.security.web.savedrequest.RequestCacheAwareFilter.doFilter(RequestCacheAwareFilter.java:63) ~[spring-security-web-7.0.5.jar:7.0.5]
	at org.springframework.security.web.FilterChainProxy$VirtualFilterChain.doFilter(FilterChainProxy.java:385) ~[spring-security-web-7.0.5.jar:7.0.5]
	at org.springframework.security.web.session.ConcurrentSessionFilter.doFilter(ConcurrentSessionFilter.java:153) ~[spring-security-web-7.0.5.jar:7.0.5]
	at org.springframework.security.web.session.ConcurrentSessionFilter.doFilter(ConcurrentSessionFilter.java:131) ~[spring-security-web-7.0.5.jar:7.0.5]
	at org.springframework.security.web.FilterChainProxy$VirtualFilterChain.doFilter(FilterChainProxy.java:385) ~[spring-security-web-7.0.5.jar:7.0.5]
	at org.springframework.security.web.authentication.AbstractAuthenticationProcessingFilter.doFilter(AbstractAuthenticationProcessingFilter.java:245) ~[spring-security-web-7.0.5.jar:7.0.5]
	at org.springframework.security.web.authentication.AbstractAuthenticationProcessingFilter.doFilter(AbstractAuthenticationProcessingFilter.java:239) ~[spring-security-web-7.0.5.jar:7.0.5]
	at org.springframework.security.web.FilterChainProxy$VirtualFilterChain.doFilter(FilterChainProxy.java:385) ~[spring-security-web-7.0.5.jar:7.0.5]
	at org.springframework.security.web.authentication.logout.LogoutFilter.doFilter(LogoutFilter.java:110) ~[spring-security-web-7.0.5.jar:7.0.5]
	at org.springframework.security.web.authentication.logout.LogoutFilter.doFilter(LogoutFilter.java:96) ~[spring-security-web-7.0.5.jar:7.0.5]
	at org.springframework.security.web.FilterChainProxy$VirtualFilterChain.doFilter(FilterChainProxy.java:385) ~[spring-security-web-7.0.5.jar:7.0.5]
	at org.springframework.security.web.csrf.CsrfFilter.doFilterInternal(CsrfFilter.java:118) ~[spring-security-web-7.0.5.jar:7.0.5]
	at org.springframework.web.filter.OncePerRequestFilter.doFilter(OncePerRequestFilter.java:116) ~[spring-web-7.0.7.jar:7.0.7]
	at org.springframework.security.web.FilterChainProxy$VirtualFilterChain.doFilter(FilterChainProxy.java:385) ~[spring-security-web-7.0.5.jar:7.0.5]
	at org.springframework.security.web.header.HeaderWriterFilter.doHeadersAfter(HeaderWriterFilter.java:90) ~[spring-security-web-7.0.5.jar:7.0.5]
	at org.springframework.security.web.header.HeaderWriterFilter.doFilterInternal(HeaderWriterFilter.java:75) ~[spring-security-web-7.0.5.jar:7.0.5]
	at org.springframework.web.filter.OncePerRequestFilter.doFilter(OncePerRequestFilter.java:116) ~[spring-web-7.0.7.jar:7.0.7]
	at org.springframework.security.web.FilterChainProxy$VirtualFilterChain.doFilter(FilterChainProxy.java:385) ~[spring-security-web-7.0.5.jar:7.0.5]
	at org.springframework.security.web.context.SecurityContextHolderFilter.doFilter(SecurityContextHolderFilter.java:82) ~[spring-security-web-7.0.5.jar:7.0.5]
	at org.springframework.security.web.context.SecurityContextHolderFilter.doFilter(SecurityContextHolderFilter.java:69) ~[spring-security-web-7.0.5.jar:7.0.5]
	at org.springframework.security.web.FilterChainProxy$VirtualFilterChain.doFilter(FilterChainProxy.java:385) ~[spring-security-web-7.0.5.jar:7.0.5]
	at org.springframework.security.web.context.request.async.WebAsyncManagerIntegrationFilter.doFilterInternal(WebAsyncManagerIntegrationFilter.java:62) ~[spring-security-web-7.0.5.jar:7.0.5]
	at org.springframework.web.filter.OncePerRequestFilter.doFilter(OncePerRequestFilter.java:116) ~[spring-web-7.0.7.jar:7.0.7]
	at org.springframework.security.web.FilterChainProxy$VirtualFilterChain.doFilter(FilterChainProxy.java:385) ~[spring-security-web-7.0.5.jar:7.0.5]
	at org.springframework.security.web.session.DisableEncodeUrlFilter.doFilterInternal(DisableEncodeUrlFilter.java:42) ~[spring-security-web-7.0.5.jar:7.0.5]
	at org.springframework.web.filter.OncePerRequestFilter.doFilter(OncePerRequestFilter.java:116) ~[spring-web-7.0.7.jar:7.0.7]
	at org.springframework.security.web.FilterChainProxy$VirtualFilterChain.doFilter(FilterChainProxy.java:385) ~[spring-security-web-7.0.5.jar:7.0.5]
	at org.springframework.security.web.FilterChainProxy.doFilterInternal(FilterChainProxy.java:237) ~[spring-security-web-7.0.5.jar:7.0.5]
	at org.springframework.security.web.FilterChainProxy.doFilter(FilterChainProxy.java:195) ~[spring-security-web-7.0.5.jar:7.0.5]
	at org.springframework.web.filter.CompositeFilter$VirtualFilterChain.doFilter(CompositeFilter.java:113) ~[spring-web-7.0.7.jar:7.0.7]
	at org.springframework.web.filter.ServletRequestPathFilter.doFilter(ServletRequestPathFilter.java:52) ~[spring-web-7.0.7.jar:7.0.7]
	at org.springframework.web.filter.CompositeFilter$VirtualFilterChain.doFilter(CompositeFilter.java:113) ~[spring-web-7.0.7.jar:7.0.7]
	at org.springframework.web.filter.CompositeFilter.doFilter(CompositeFilter.java:74) ~[spring-web-7.0.7.jar:7.0.7]
	at org.springframework.security.config.annotation.web.configuration.WebSecurityConfiguration$CompositeFilterChainProxy.doFilter(WebSecurityConfiguration.java:317) ~[spring-security-config-7.0.5.jar:7.0.5]
	at org.springframework.web.filter.DelegatingFilterProxy.invokeDelegate(DelegatingFilterProxy.java:355) ~[spring-web-7.0.7.jar:7.0.7]
	at org.springframework.web.filter.DelegatingFilterProxy.doFilter(DelegatingFilterProxy.java:272) ~[spring-web-7.0.7.jar:7.0.7]
	at org.apache.catalina.core.ApplicationFilterChain.doFilter(ApplicationFilterChain.java:107) ~[tomcat-embed-core-11.0.21.jar:11.0.21]
	at org.springframework.web.filter.RequestContextFilter.doFilterInternal(RequestContextFilter.java:100) ~[spring-web-7.0.7.jar:7.0.7]
	at org.springframework.web.filter.OncePerRequestFilter.doFilter(OncePerRequestFilter.java:116) ~[spring-web-7.0.7.jar:7.0.7]
	at org.apache.catalina.core.ApplicationFilterChain.doFilter(ApplicationFilterChain.java:107) ~[tomcat-embed-core-11.0.21.jar:11.0.21]
	at org.springframework.web.filter.FormContentFilter.doFilterInternal(FormContentFilter.java:93) ~[spring-web-7.0.7.jar:7.0.7]
	at org.springframework.web.filter.OncePerRequestFilter.doFilter(OncePerRequestFilter.java:116) ~[spring-web-7.0.7.jar:7.0.7]
	at org.apache.catalina.core.ApplicationFilterChain.doFilter(ApplicationFilterChain.java:107) ~[tomcat-embed-core-11.0.21.jar:11.0.21]
	at org.springframework.web.filter.CharacterEncodingFilter.doFilterInternal(CharacterEncodingFilter.java:199) ~[spring-web-7.0.7.jar:7.0.7]
	at org.springframework.web.filter.OncePerRequestFilter.doFilter(OncePerRequestFilter.java:116) ~[spring-web-7.0.7.jar:7.0.7]
	at org.apache.catalina.core.ApplicationFilterChain.doFilter(ApplicationFilterChain.java:107) ~[tomcat-embed-core-11.0.21.jar:11.0.21]
	at org.apache.catalina.core.StandardWrapperValve.invoke(StandardWrapperValve.java:165) ~[tomcat-embed-core-11.0.21.jar:11.0.21]
	at org.apache.catalina.core.StandardContextValve.invoke(StandardContextValve.java:77) ~[tomcat-embed-core-11.0.21.jar:11.0.21]
	at org.apache.catalina.authenticator.AuthenticatorBase.invoke(AuthenticatorBase.java:492) ~[tomcat-embed-core-11.0.21.jar:11.0.21]
	at org.apache.catalina.core.StandardHostValve.invoke(StandardHostValve.java:113) ~[tomcat-embed-core-11.0.21.jar:11.0.21]
	at org.apache.catalina.valves.ErrorReportValve.invoke(ErrorReportValve.java:83) ~[tomcat-embed-core-11.0.21.jar:11.0.21]
	at org.apache.catalina.core.StandardEngineValve.invoke(StandardEngineValve.java:72) ~[tomcat-embed-core-11.0.21.jar:11.0.21]
	at org.apache.catalina.connector.CoyoteAdapter.service(CoyoteAdapter.java:341) ~[tomcat-embed-core-11.0.21.jar:11.0.21]
	at org.apache.coyote.http11.Http11Processor.service(Http11Processor.java:397) ~[tomcat-embed-core-11.0.21.jar:11.0.21]
	at org.apache.coyote.AbstractProcessorLight.process(AbstractProcessorLight.java:63) ~[tomcat-embed-core-11.0.21.jar:11.0.21]
	at org.apache.coyote.AbstractProtocol$ConnectionHandler.process(AbstractProtocol.java:903) ~[tomcat-embed-core-11.0.21.jar:11.0.21]
	at org.apache.tomcat.util.net.NioEndpoint$SocketProcessor.doRun(NioEndpoint.java:1801) ~[tomcat-embed-core-11.0.21.jar:11.0.21]
	at org.apache.tomcat.util.net.SocketProcessorBase.run(SocketProcessorBase.java:52) ~[tomcat-embed-core-11.0.21.jar:11.0.21]
	at org.apache.tomcat.util.threads.ThreadPoolExecutor.runWorker(ThreadPoolExecutor.java:946) ~[tomcat-embed-core-11.0.21.jar:11.0.21]
	at org.apache.tomcat.util.threads.ThreadPoolExecutor$Worker.run(ThreadPoolExecutor.java:480) ~[tomcat-embed-core-11.0.21.jar:11.0.21]
	at org.apache.tomcat.util.threads.TaskThread$WrappingRunnable.run(TaskThread.java:57) ~[tomcat-embed-core-11.0.21.jar:11.0.21]
	at java.base/java.lang.Thread.run(Thread.java:1516) ~[na:na]

2026-08-10T15:24:58.399+05:30 ERROR 9812 --- [Bug Tracking System] [http-nio-8081-exec-3] a.e.ErrorMvcAutoConfiguration$StaticView : Cannot render error page for request [/bugs] and exception [An error happened during template parsing (template: "class path resource [templates/bugs/list.html]")] as the response has already been committed. As a result, the response may have the wrong status code.
2026-08-10T15:28:10.444+05:30 ERROR 9812 --- [Bug Tracking System] [http-nio-8081-exec-5] org.thymeleaf.TemplateEngine             : [THYMELEAF][http-nio-8081-exec-5] Exception processing template "bugs/list": An error happened during template parsing (template: "class path resource [templates/bugs/list.html]")

org.thymeleaf.exceptions.TemplateInputException: An error happened during template parsing (template: "class path resource [templates/bugs/list.html]")
	at org.thymeleaf.templateparser.markup.AbstractMarkupTemplateParser.parse(AbstractMarkupTemplateParser.java:241) ~[thymeleaf-3.1.5.RELEASE.jar:3.1.5.RELEASE]
	at org.thymeleaf.templateparser.markup.AbstractMarkupTemplateParser.parseStandalone(AbstractMarkupTemplateParser.java:100) ~[thymeleaf-3.1.5.RELEASE.jar:3.1.5.RELEASE]
	at org.thymeleaf.engine.TemplateManager.parseAndProcess(TemplateManager.java:666) ~[thymeleaf-3.1.5.RELEASE.jar:3.1.5.RELEASE]
	at org.thymeleaf.TemplateEngine.process(TemplateEngine.java:1103) ~[thymeleaf-3.1.5.RELEASE.jar:3.1.5.RELEASE]
	at org.thymeleaf.TemplateEngine.process(TemplateEngine.java:1077) ~[thymeleaf-3.1.5.RELEASE.jar:3.1.5.RELEASE]
	at org.thymeleaf.spring6.view.ThymeleafView.renderFragment(ThymeleafView.java:374) ~[thymeleaf-spring6-3.1.5.RELEASE.jar:3.1.5.RELEASE]
	at org.thymeleaf.spring6.view.ThymeleafView.render(ThymeleafView.java:193) ~[thymeleaf-spring6-3.1.5.RELEASE.jar:3.1.5.RELEASE]
	at org.springframework.web.servlet.DispatcherServlet.render(DispatcherServlet.java:1305) ~[spring-webmvc-7.0.7.jar:7.0.7]
	at org.springframework.web.servlet.DispatcherServlet.processDispatchResult(DispatcherServlet.java:1042) ~[spring-webmvc-7.0.7.jar:7.0.7]
	at org.springframework.web.servlet.DispatcherServlet.doDispatch(DispatcherServlet.java:980) ~[spring-webmvc-7.0.7.jar:7.0.7]
	at org.springframework.web.servlet.DispatcherServlet.doService(DispatcherServlet.java:866) ~[spring-webmvc-7.0.7.jar:7.0.7]
	at org.springframework.web.servlet.FrameworkServlet.processRequest(FrameworkServlet.java:1000) ~[spring-webmvc-7.0.7.jar:7.0.7]
	at org.springframework.web.servlet.FrameworkServlet.doGet(FrameworkServlet.java:892) ~[spring-webmvc-7.0.7.jar:7.0.7]
	at jakarta.servlet.http.HttpServlet.service(HttpServlet.java:622) ~[tomcat-embed-core-11.0.21.jar:6.1]
	at org.springframework.web.servlet.FrameworkServlet.service(FrameworkServlet.java:874) ~[spring-webmvc-7.0.7.jar:7.0.7]
	at jakarta.servlet.http.HttpServlet.service(HttpServlet.java:710) ~[tomcat-embed-core-11.0.21.jar:6.1]
	at org.apache.catalina.core.ApplicationFilterChain.doFilter(ApplicationFilterChain.java:128) ~[tomcat-embed-core-11.0.21.jar:11.0.21]
	at org.apache.tomcat.websocket.server.WsFilter.doFilter(WsFilter.java:53) ~[tomcat-embed-websocket-11.0.21.jar:11.0.21]
	at org.apache.catalina.core.ApplicationFilterChain.doFilter(ApplicationFilterChain.java:107) ~[tomcat-embed-core-11.0.21.jar:11.0.21]
	at org.springframework.web.filter.CompositeFilter$VirtualFilterChain.doFilter(CompositeFilter.java:108) ~[spring-web-7.0.7.jar:7.0.7]
	at org.springframework.security.web.FilterChainProxy.lambda$doFilterInternal$3(FilterChainProxy.java:235) ~[spring-security-web-7.0.5.jar:7.0.5]
	at org.springframework.security.web.FilterChainProxy$VirtualFilterChain.doFilter(FilterChainProxy.java:376) ~[spring-security-web-7.0.5.jar:7.0.5]
	at org.springframework.security.web.access.intercept.AuthorizationFilter.doFilter(AuthorizationFilter.java:101) ~[spring-security-web-7.0.5.jar:7.0.5]
	at org.springframework.security.web.FilterChainProxy$VirtualFilterChain.doFilter(FilterChainProxy.java:385) ~[spring-security-web-7.0.5.jar:7.0.5]
	at org.springframework.security.web.access.ExceptionTranslationFilter.doFilter(ExceptionTranslationFilter.java:126) ~[spring-security-web-7.0.5.jar:7.0.5]
	at org.springframework.security.web.access.ExceptionTranslationFilter.doFilter(ExceptionTranslationFilter.java:120) ~[spring-security-web-7.0.5.jar:7.0.5]
	at org.springframework.security.web.FilterChainProxy$VirtualFilterChain.doFilter(FilterChainProxy.java:385) ~[spring-security-web-7.0.5.jar:7.0.5]
	at org.springframework.security.web.session.SessionManagementFilter.doFilter(SessionManagementFilter.java:132) ~[spring-security-web-7.0.5.jar:7.0.5]
	at org.springframework.security.web.session.SessionManagementFilter.doFilter(SessionManagementFilter.java:86) ~[spring-security-web-7.0.5.jar:7.0.5]
	at org.springframework.security.web.FilterChainProxy$VirtualFilterChain.doFilter(FilterChainProxy.java:385) ~[spring-security-web-7.0.5.jar:7.0.5]
	at org.springframework.security.web.authentication.AnonymousAuthenticationFilter.doFilter(AnonymousAuthenticationFilter.java:100) ~[spring-security-web-7.0.5.jar:7.0.5]
	at org.springframework.security.web.FilterChainProxy$VirtualFilterChain.doFilter(FilterChainProxy.java:385) ~[spring-security-web-7.0.5.jar:7.0.5]
	at org.springframework.security.web.servletapi.SecurityContextHolderAwareRequestFilter.doFilter(SecurityContextHolderAwareRequestFilter.java:181) ~[spring-security-web-7.0.5.jar:7.0.5]
	at org.springframework.security.web.FilterChainProxy$VirtualFilterChain.doFilter(FilterChainProxy.java:385) ~[spring-security-web-7.0.5.jar:7.0.5]
	at org.springframework.security.web.savedrequest.RequestCacheAwareFilter.doFilter(RequestCacheAwareFilter.java:63) ~[spring-security-web-7.0.5.jar:7.0.5]
	at org.springframework.security.web.FilterChainProxy$VirtualFilterChain.doFilter(FilterChainProxy.java:385) ~[spring-security-web-7.0.5.jar:7.0.5]
	at org.springframework.security.web.session.ConcurrentSessionFilter.doFilter(ConcurrentSessionFilter.java:153) ~[spring-security-web-7.0.5.jar:7.0.5]
	at org.springframework.security.web.session.ConcurrentSessionFilter.doFilter(ConcurrentSessionFilter.java:131) ~[spring-security-web-7.0.5.jar:7.0.5]
	at org.springframework.security.web.FilterChainProxy$VirtualFilterChain.doFilter(FilterChainProxy.java:385) ~[spring-security-web-7.0.5.jar:7.0.5]
	at org.springframework.security.web.authentication.AbstractAuthenticationProcessingFilter.doFilter(AbstractAuthenticationProcessingFilter.java:245) ~[spring-security-web-7.0.5.jar:7.0.5]
	at org.springframework.security.web.authentication.AbstractAuthenticationProcessingFilter.doFilter(AbstractAuthenticationProcessingFilter.java:239) ~[spring-security-web-7.0.5.jar:7.0.5]
	at org.springframework.security.web.FilterChainProxy$VirtualFilterChain.doFilter(FilterChainProxy.java:385) ~[spring-security-web-7.0.5.jar:7.0.5]
	at org.springframework.security.web.authentication.logout.LogoutFilter.doFilter(LogoutFilter.java:110) ~[spring-security-web-7.0.5.jar:7.0.5]
	at org.springframework.security.web.authentication.logout.LogoutFilter.doFilter(LogoutFilter.java:96) ~[spring-security-web-7.0.5.jar:7.0.5]
	at org.springframework.security.web.FilterChainProxy$VirtualFilterChain.doFilter(FilterChainProxy.java:385) ~[spring-security-web-7.0.5.jar:7.0.5]
	at org.springframework.security.web.csrf.CsrfFilter.doFilterInternal(CsrfFilter.java:118) ~[spring-security-web-7.0.5.jar:7.0.5]
	at org.springframework.web.filter.OncePerRequestFilter.doFilter(OncePerRequestFilter.java:116) ~[spring-web-7.0.7.jar:7.0.7]
	at org.springframework.security.web.FilterChainProxy$VirtualFilterChain.doFilter(FilterChainProxy.java:385) ~[spring-security-web-7.0.5.jar:7.0.5]
	at org.springframework.security.web.header.HeaderWriterFilter.doHeadersAfter(HeaderWriterFilter.java:90) ~[spring-security-web-7.0.5.jar:7.0.5]
	at org.springframework.security.web.header.HeaderWriterFilter.doFilterInternal(HeaderWriterFilter.java:75) ~[spring-security-web-7.0.5.jar:7.0.5]
	at org.springframework.web.filter.OncePerRequestFilter.doFilter(OncePerRequestFilter.java:116) ~[spring-web-7.0.7.jar:7.0.7]
	at org.springframework.security.web.FilterChainProxy$VirtualFilterChain.doFilter(FilterChainProxy.java:385) ~[spring-security-web-7.0.5.jar:7.0.5]
	at org.springframework.security.web.context.SecurityContextHolderFilter.doFilter(SecurityContextHolderFilter.java:82) ~[spring-security-web-7.0.5.jar:7.0.5]
	at org.springframework.security.web.context.SecurityContextHolderFilter.doFilter(SecurityContextHolderFilter.java:69) ~[spring-security-web-7.0.5.jar:7.0.5]
	at org.springframework.security.web.FilterChainProxy$VirtualFilterChain.doFilter(FilterChainProxy.java:385) ~[spring-security-web-7.0.5.jar:7.0.5]
	at org.springframework.security.web.context.request.async.WebAsyncManagerIntegrationFilter.doFilterInternal(WebAsyncManagerIntegrationFilter.java:62) ~[spring-security-web-7.0.5.jar:7.0.5]
	at org.springframework.web.filter.OncePerRequestFilter.doFilter(OncePerRequestFilter.java:116) ~[spring-web-7.0.7.jar:7.0.7]
	at org.springframework.security.web.FilterChainProxy$VirtualFilterChain.doFilter(FilterChainProxy.java:385) ~[spring-security-web-7.0.5.jar:7.0.5]
	at org.springframework.security.web.session.DisableEncodeUrlFilter.doFilterInternal(DisableEncodeUrlFilter.java:42) ~[spring-security-web-7.0.5.jar:7.0.5]
	at org.springframework.web.filter.OncePerRequestFilter.doFilter(OncePerRequestFilter.java:116) ~[spring-web-7.0.7.jar:7.0.7]
	at org.springframework.security.web.FilterChainProxy$VirtualFilterChain.doFilter(FilterChainProxy.java:385) ~[spring-security-web-7.0.5.jar:7.0.5]
	at org.springframework.security.web.FilterChainProxy.doFilterInternal(FilterChainProxy.java:237) ~[spring-security-web-7.0.5.jar:7.0.5]
	at org.springframework.security.web.FilterChainProxy.doFilter(FilterChainProxy.java:195) ~[spring-security-web-7.0.5.jar:7.0.5]
	at org.springframework.web.filter.CompositeFilter$VirtualFilterChain.doFilter(CompositeFilter.java:113) ~[spring-web-7.0.7.jar:7.0.7]
	at org.springframework.web.filter.ServletRequestPathFilter.doFilter(ServletRequestPathFilter.java:52) ~[spring-web-7.0.7.jar:7.0.7]
	at org.springframework.web.filter.CompositeFilter$VirtualFilterChain.doFilter(CompositeFilter.java:113) ~[spring-web-7.0.7.jar:7.0.7]
	at org.springframework.web.filter.CompositeFilter.doFilter(CompositeFilter.java:74) ~[spring-web-7.0.7.jar:7.0.7]
	at org.springframework.security.config.annotation.web.configuration.WebSecurityConfiguration$CompositeFilterChainProxy.doFilter(WebSecurityConfiguration.java:317) ~[spring-security-config-7.0.5.jar:7.0.5]
	at org.springframework.web.filter.DelegatingFilterProxy.invokeDelegate(DelegatingFilterProxy.java:355) ~[spring-web-7.0.7.jar:7.0.7]
	at org.springframework.web.filter.DelegatingFilterProxy.doFilter(DelegatingFilterProxy.java:272) ~[spring-web-7.0.7.jar:7.0.7]
	at org.apache.catalina.core.ApplicationFilterChain.doFilter(ApplicationFilterChain.java:107) ~[tomcat-embed-core-11.0.21.jar:11.0.21]
	at org.springframework.web.filter.RequestContextFilter.doFilterInternal(RequestContextFilter.java:100) ~[spring-web-7.0.7.jar:7.0.7]
	at org.springframework.web.filter.OncePerRequestFilter.doFilter(OncePerRequestFilter.java:116) ~[spring-web-7.0.7.jar:7.0.7]
	at org.apache.catalina.core.ApplicationFilterChain.doFilter(ApplicationFilterChain.java:107) ~[tomcat-embed-core-11.0.21.jar:11.0.21]
	at org.springframework.web.filter.FormContentFilter.doFilterInternal(FormContentFilter.java:93) ~[spring-web-7.0.7.jar:7.0.7]
	at org.springframework.web.filter.OncePerRequestFilter.doFilter(OncePerRequestFilter.java:116) ~[spring-web-7.0.7.jar:7.0.7]
	at org.apache.catalina.core.ApplicationFilterChain.doFilter(ApplicationFilterChain.java:107) ~[tomcat-embed-core-11.0.21.jar:11.0.21]
	at org.springframework.web.filter.CharacterEncodingFilter.doFilterInternal(CharacterEncodingFilter.java:199) ~[spring-web-7.0.7.jar:7.0.7]
	at org.springframework.web.filter.OncePerRequestFilter.doFilter(OncePerRequestFilter.java:116) ~[spring-web-7.0.7.jar:7.0.7]
	at org.apache.catalina.core.ApplicationFilterChain.doFilter(ApplicationFilterChain.java:107) ~[tomcat-embed-core-11.0.21.jar:11.0.21]
	at org.apache.catalina.core.StandardWrapperValve.invoke(StandardWrapperValve.java:165) ~[tomcat-embed-core-11.0.21.jar:11.0.21]
	at org.apache.catalina.core.StandardContextValve.invoke(StandardContextValve.java:77) ~[tomcat-embed-core-11.0.21.jar:11.0.21]
	at org.apache.catalina.authenticator.AuthenticatorBase.invoke(AuthenticatorBase.java:492) ~[tomcat-embed-core-11.0.21.jar:11.0.21]
	at org.apache.catalina.core.StandardHostValve.invoke(StandardHostValve.java:113) ~[tomcat-embed-core-11.0.21.jar:11.0.21]
	at org.apache.catalina.valves.ErrorReportValve.invoke(ErrorReportValve.java:83) ~[tomcat-embed-core-11.0.21.jar:11.0.21]
	at org.apache.catalina.core.StandardEngineValve.invoke(StandardEngineValve.java:72) ~[tomcat-embed-core-11.0.21.jar:11.0.21]
	at org.apache.catalina.connector.CoyoteAdapter.service(CoyoteAdapter.java:341) ~[tomcat-embed-core-11.0.21.jar:11.0.21]
	at org.apache.coyote.http11.Http11Processor.service(Http11Processor.java:397) ~[tomcat-embed-core-11.0.21.jar:11.0.21]
	at org.apache.coyote.AbstractProcessorLight.process(AbstractProcessorLight.java:63) ~[tomcat-embed-core-11.0.21.jar:11.0.21]
	at org.apache.coyote.AbstractProtocol$ConnectionHandler.process(AbstractProtocol.java:903) ~[tomcat-embed-core-11.0.21.jar:11.0.21]
	at org.apache.tomcat.util.net.NioEndpoint$SocketProcessor.doRun(NioEndpoint.java:1801) ~[tomcat-embed-core-11.0.21.jar:11.0.21]
	at org.apache.tomcat.util.net.SocketProcessorBase.run(SocketProcessorBase.java:52) ~[tomcat-embed-core-11.0.21.jar:11.0.21]
	at org.apache.tomcat.util.threads.ThreadPoolExecutor.runWorker(ThreadPoolExecutor.java:946) ~[tomcat-embed-core-11.0.21.jar:11.0.21]
	at org.apache.tomcat.util.threads.ThreadPoolExecutor$Worker.run(ThreadPoolExecutor.java:480) ~[tomcat-embed-core-11.0.21.jar:11.0.21]
	at org.apache.tomcat.util.threads.TaskThread$WrappingRunnable.run(TaskThread.java:57) ~[tomcat-embed-core-11.0.21.jar:11.0.21]
	at java.base/java.lang.Thread.run(Thread.java:1516) ~[na:na]
Caused by: org.attoparser.ParseException: Error during execution of processor 'org.thymeleaf.standard.processor.StandardEachTagProcessor' (template: "bugs/list" - line 501, col 33)
	at org.attoparser.MarkupParser.parseDocument(MarkupParser.java:393) ~[attoparser-2.0.7.RELEASE.jar:2.0.7.RELEASE]
	at org.attoparser.MarkupParser.parse(MarkupParser.java:257) ~[attoparser-2.0.7.RELEASE.jar:2.0.7.RELEASE]
	at org.thymeleaf.templateparser.markup.AbstractMarkupTemplateParser.parse(AbstractMarkupTemplateParser.java:230) ~[thymeleaf-3.1.5.RELEASE.jar:3.1.5.RELEASE]
	... 95 common frames omitted
Caused by: org.thymeleaf.exceptions.TemplateProcessingException: Error during execution of processor 'org.thymeleaf.standard.processor.StandardEachTagProcessor' (template: "bugs/list" - line 501, col 33)
	at org.thymeleaf.processor.element.AbstractAttributeTagProcessor.doProcess(AbstractAttributeTagProcessor.java:117) ~[thymeleaf-3.1.5.RELEASE.jar:3.1.5.RELEASE]
	at org.thymeleaf.processor.element.AbstractElementTagProcessor.process(AbstractElementTagProcessor.java:95) ~[thymeleaf-3.1.5.RELEASE.jar:3.1.5.RELEASE]
	at org.thymeleaf.util.ProcessorConfigurationUtils$ElementTagProcessorWrapper.process(ProcessorConfigurationUtils.java:633) ~[thymeleaf-3.1.5.RELEASE.jar:3.1.5.RELEASE]
	at org.thymeleaf.engine.ProcessorTemplateHandler.handleOpenElement(ProcessorTemplateHandler.java:1314) ~[thymeleaf-3.1.5.RELEASE.jar:3.1.5.RELEASE]
	at org.thymeleaf.engine.TemplateHandlerAdapterMarkupHandler.handleOpenElementEnd(TemplateHandlerAdapterMarkupHandler.java:304) ~[thymeleaf-3.1.5.RELEASE.jar:3.1.5.RELEASE]
	at org.thymeleaf.templateparser.markup.InlinedOutputExpressionMarkupHandler$InlineMarkupAdapterPreProcessorHandler.handleOpenElementEnd(InlinedOutputExpressionMarkupHandler.java:278) ~[thymeleaf-3.1.5.RELEASE.jar:3.1.5.RELEASE]
	at org.thymeleaf.standard.inline.OutputExpressionInlinePreProcessorHandler.handleOpenElementEnd(OutputExpressionInlinePreProcessorHandler.java:186) ~[thymeleaf-3.1.5.RELEASE.jar:3.1.5.RELEASE]
	at org.thymeleaf.templateparser.markup.InlinedOutputExpressionMarkupHandler.handleOpenElementEnd(InlinedOutputExpressionMarkupHandler.java:124) ~[thymeleaf-3.1.5.RELEASE.jar:3.1.5.RELEASE]
	at org.attoparser.HtmlElement.handleOpenElementEnd(HtmlElement.java:109) ~[attoparser-2.0.7.RELEASE.jar:2.0.7.RELEASE]
	at org.attoparser.HtmlMarkupHandler.handleOpenElementEnd(HtmlMarkupHandler.java:297) ~[attoparser-2.0.7.RELEASE.jar:2.0.7.RELEASE]
	at org.attoparser.MarkupEventProcessorHandler.handleOpenElementEnd(MarkupEventProcessorHandler.java:402) ~[attoparser-2.0.7.RELEASE.jar:2.0.7.RELEASE]
	at org.attoparser.ParsingElementMarkupUtil.parseOpenElement(ParsingElementMarkupUtil.java:159) ~[attoparser-2.0.7.RELEASE.jar:2.0.7.RELEASE]
	at org.attoparser.MarkupParser.parseBuffer(MarkupParser.java:710) ~[attoparser-2.0.7.RELEASE.jar:2.0.7.RELEASE]
	at org.attoparser.MarkupParser.parseDocument(MarkupParser.java:301) ~[attoparser-2.0.7.RELEASE.jar:2.0.7.RELEASE]
	... 97 common frames omitted
Caused by: org.springframework.expression.spel.SpelParseException: Expression [#numbers.sequence(
                                              [[${ [[${ Math.max(1,
                                              currentPage-2) }]] }]],
                                              [[${ Math.min(totalPages,
                                              currentPage+2) }]])] @69: EL1043E: Unexpected token. Expected 'rsquare(])' but was 'lcurly({)'
	at org.springframework.expression.spel.standard.InternalSpelExpressionParser.internalException(InternalSpelExpressionParser.java:1057) ~[spring-expression-7.0.7.jar:7.0.7]
	at org.springframework.expression.spel.standard.InternalSpelExpressionParser.eatToken(InternalSpelExpressionParser.java:938) ~[spring-expression-7.0.7.jar:7.0.7]
	at org.springframework.expression.spel.standard.InternalSpelExpressionParser.maybeEatIndexer(InternalSpelExpressionParser.java:701) ~[spring-expression-7.0.7.jar:7.0.7]
	at org.springframework.expression.spel.standard.InternalSpelExpressionParser.eatStartNode(InternalSpelExpressionParser.java:530) ~[spring-expression-7.0.7.jar:7.0.7]
	at org.springframework.expression.spel.standard.InternalSpelExpressionParser.eatPrimaryExpression(InternalSpelExpressionParser.java:367) ~[spring-expression-7.0.7.jar:7.0.7]
	at org.springframework.expression.spel.standard.InternalSpelExpressionParser.eatUnaryExpression(InternalSpelExpressionParser.java:362) ~[spring-expression-7.0.7.jar:7.0.7]
	at org.springframework.expression.spel.standard.InternalSpelExpressionParser.eatPowerIncDecExpression(InternalSpelExpressionParser.java:316) ~[spring-expression-7.0.7.jar:7.0.7]
	at org.springframework.expression.spel.standard.InternalSpelExpressionParser.eatProductExpression(InternalSpelExpressionParser.java:295) ~[spring-expression-7.0.7.jar:7.0.7]
	at org.springframework.expression.spel.standard.InternalSpelExpressionParser.eatSumExpression(InternalSpelExpressionParser.java:278) ~[spring-expression-7.0.7.jar:7.0.7]
	at org.springframework.expression.spel.standard.InternalSpelExpressionParser.eatRelationalExpression(InternalSpelExpressionParser.java:233) ~[spring-expression-7.0.7.jar:7.0.7]
	at org.springframework.expression.spel.standard.InternalSpelExpressionParser.eatLogicalAndExpression(InternalSpelExpressionParser.java:221) ~[spring-expression-7.0.7.jar:7.0.7]
	at org.springframework.expression.spel.standard.InternalSpelExpressionParser.eatLogicalOrExpression(InternalSpelExpressionParser.java:209) ~[spring-expression-7.0.7.jar:7.0.7]
	at org.springframework.expression.spel.standard.InternalSpelExpressionParser.eatExpression(InternalSpelExpressionParser.java:171) ~[spring-expression-7.0.7.jar:7.0.7]
	at org.springframework.expression.spel.standard.InternalSpelExpressionParser.maybeEatIndexer(InternalSpelExpressionParser.java:697) ~[spring-expression-7.0.7.jar:7.0.7]
	at org.springframework.expression.spel.standard.InternalSpelExpressionParser.eatStartNode(InternalSpelExpressionParser.java:530) ~[spring-expression-7.0.7.jar:7.0.7]
	at org.springframework.expression.spel.standard.InternalSpelExpressionParser.eatPrimaryExpression(InternalSpelExpressionParser.java:367) ~[spring-expression-7.0.7.jar:7.0.7]
	at org.springframework.expression.spel.standard.InternalSpelExpressionParser.eatUnaryExpression(InternalSpelExpressionParser.java:362) ~[spring-expression-7.0.7.jar:7.0.7]
	at org.springframework.expression.spel.standard.InternalSpelExpressionParser.eatPowerIncDecExpression(InternalSpelExpressionParser.java:316) ~[spring-expression-7.0.7.jar:7.0.7]
	at org.springframework.expression.spel.standard.InternalSpelExpressionParser.eatProductExpression(InternalSpelExpressionParser.java:295) ~[spring-expression-7.0.7.jar:7.0.7]
	at org.springframework.expression.spel.standard.InternalSpelExpressionParser.eatSumExpression(InternalSpelExpressionParser.java:278) ~[spring-expression-7.0.7.jar:7.0.7]
	at org.springframework.expression.spel.standard.InternalSpelExpressionParser.eatRelationalExpression(InternalSpelExpressionParser.java:233) ~[spring-expression-7.0.7.jar:7.0.7]
	at org.springframework.expression.spel.standard.InternalSpelExpressionParser.eatLogicalAndExpression(InternalSpelExpressionParser.java:221) ~[spring-expression-7.0.7.jar:7.0.7]
	at org.springframework.expression.spel.standard.InternalSpelExpressionParser.eatLogicalOrExpression(InternalSpelExpressionParser.java:209) ~[spring-expression-7.0.7.jar:7.0.7]
	at org.springframework.expression.spel.standard.InternalSpelExpressionParser.eatExpression(InternalSpelExpressionParser.java:171) ~[spring-expression-7.0.7.jar:7.0.7]
	at org.springframework.expression.spel.standard.InternalSpelExpressionParser.consumeArguments(InternalSpelExpressionParser.java:485) ~[spring-expression-7.0.7.jar:7.0.7]
	at org.springframework.expression.spel.standard.InternalSpelExpressionParser.maybeEatMethodArgs(InternalSpelExpressionParser.java:455) ~[spring-expression-7.0.7.jar:7.0.7]
	at org.springframework.expression.spel.standard.InternalSpelExpressionParser.maybeEatMethodOrProperty(InternalSpelExpressionParser.java:771) ~[spring-expression-7.0.7.jar:7.0.7]
	at org.springframework.expression.spel.standard.InternalSpelExpressionParser.eatDottedNode(InternalSpelExpressionParser.java:412) ~[spring-expression-7.0.7.jar:7.0.7]
	at org.springframework.expression.spel.standard.InternalSpelExpressionParser.eatNode(InternalSpelExpressionParser.java:387) ~[spring-expression-7.0.7.jar:7.0.7]
	at org.springframework.expression.spel.standard.InternalSpelExpressionParser.eatPrimaryExpression(InternalSpelExpressionParser.java:369) ~[spring-expression-7.0.7.jar:7.0.7]
	at org.springframework.expression.spel.standard.InternalSpelExpressionParser.eatUnaryExpression(InternalSpelExpressionParser.java:362) ~[spring-expression-7.0.7.jar:7.0.7]
	at org.springframework.expression.spel.standard.InternalSpelExpressionParser.eatPowerIncDecExpression(InternalSpelExpressionParser.java:316) ~[spring-expression-7.0.7.jar:7.0.7]
	at org.springframework.expression.spel.standard.InternalSpelExpressionParser.eatProductExpression(InternalSpelExpressionParser.java:295) ~[spring-expression-7.0.7.jar:7.0.7]
	at org.springframework.expression.spel.standard.InternalSpelExpressionParser.eatSumExpression(InternalSpelExpressionParser.java:278) ~[spring-expression-7.0.7.jar:7.0.7]
	at org.springframework.expression.spel.standard.InternalSpelExpressionParser.eatRelationalExpression(InternalSpelExpressionParser.java:233) ~[spring-expression-7.0.7.jar:7.0.7]
	at org.springframework.expression.spel.standard.InternalSpelExpressionParser.eatLogicalAndExpression(InternalSpelExpressionParser.java:221) ~[spring-expression-7.0.7.jar:7.0.7]
	at org.springframework.expression.spel.standard.InternalSpelExpressionParser.eatLogicalOrExpression(InternalSpelExpressionParser.java:209) ~[spring-expression-7.0.7.jar:7.0.7]
	at org.springframework.expression.spel.standard.InternalSpelExpressionParser.eatExpression(InternalSpelExpressionParser.java:171) ~[spring-expression-7.0.7.jar:7.0.7]
	at org.springframework.expression.spel.standard.InternalSpelExpressionParser.doParseExpression(InternalSpelExpressionParser.java:141) ~[spring-expression-7.0.7.jar:7.0.7]
	at org.springframework.expression.spel.standard.SpelExpressionParser.doParseExpression(SpelExpressionParser.java:64) ~[spring-expression-7.0.7.jar:7.0.7]
	at org.springframework.expression.spel.standard.SpelExpressionParser.doParseExpression(SpelExpressionParser.java:35) ~[spring-expression-7.0.7.jar:7.0.7]
	at org.springframework.expression.common.TemplateAwareExpressionParser.parseExpression(TemplateAwareExpressionParser.java:63) ~[spring-expression-7.0.7.jar:7.0.7]
	at org.springframework.expression.common.TemplateAwareExpressionParser.parseExpression(TemplateAwareExpressionParser.java:52) ~[spring-expression-7.0.7.jar:7.0.7]
	at org.thymeleaf.spring6.expression.SPELVariableExpressionEvaluator.getExpression(SPELVariableExpressionEvaluator.java:383) ~[thymeleaf-spring6-3.1.5.RELEASE.jar:3.1.5.RELEASE]
	at org.thymeleaf.spring6.expression.SPELVariableExpressionEvaluator.obtainComputedSpelExpression(SPELVariableExpressionEvaluator.java:331) ~[thymeleaf-spring6-3.1.5.RELEASE.jar:3.1.5.RELEASE]
	at org.thymeleaf.spring6.expression.SPELVariableExpressionEvaluator.evaluate(SPELVariableExpressionEvaluator.java:159) ~[thymeleaf-spring6-3.1.5.RELEASE.jar:3.1.5.RELEASE]
	at org.thymeleaf.standard.expression.VariableExpression.executeVariableExpression(VariableExpression.java:166) ~[thymeleaf-3.1.5.RELEASE.jar:3.1.5.RELEASE]
	at org.thymeleaf.standard.expression.SimpleExpression.executeSimple(SimpleExpression.java:66) ~[thymeleaf-3.1.5.RELEASE.jar:3.1.5.RELEASE]
	at org.thymeleaf.standard.expression.Expression.execute(Expression.java:109) ~[thymeleaf-3.1.5.RELEASE.jar:3.1.5.RELEASE]
	at org.thymeleaf.standard.expression.Expression.execute(Expression.java:138) ~[thymeleaf-3.1.5.RELEASE.jar:3.1.5.RELEASE]
	at org.thymeleaf.standard.expression.Expression.execute(Expression.java:125) ~[thymeleaf-3.1.5.RELEASE.jar:3.1.5.RELEASE]
	at org.thymeleaf.standard.processor.StandardEachTagProcessor.doProcess(StandardEachTagProcessor.java:73) ~[thymeleaf-3.1.5.RELEASE.jar:3.1.5.RELEASE]
	at org.thymeleaf.processor.element.AbstractAttributeTagProcessor.doProcess(AbstractAttributeTagProcessor.java:74) ~[thymeleaf-3.1.5.RELEASE.jar:3.1.5.RELEASE]
	... 110 common frames omitted

2026-08-10T15:28:10.457+05:30 ERROR 9812 --- [Bug Tracking System] [http-nio-8081-exec-5] o.a.c.c.C.[.[.[/].[dispatcherServlet]    : Servlet.service() for servlet [dispatcherServlet] in context with path [] threw exception [Request processing failed: org.thymeleaf.exceptions.TemplateInputException: An error happened during template parsing (template: "class path resource [templates/bugs/list.html]")] with root cause

org.springframework.expression.spel.SpelParseException: Expression [#numbers.sequence(
                                              [[${ [[${ Math.max(1,
                                              currentPage-2) }]] }]],
                                              [[${ Math.min(totalPages,
                                              currentPage+2) }]])] @69: EL1043E: Unexpected token. Expected 'rsquare(])' but was 'lcurly({)'
	at org.springframework.expression.spel.standard.InternalSpelExpressionParser.internalException(InternalSpelExpressionParser.java:1057) ~[spring-expression-7.0.7.jar:7.0.7]
	at org.springframework.expression.spel.standard.InternalSpelExpressionParser.eatToken(InternalSpelExpressionParser.java:938) ~[spring-expression-7.0.7.jar:7.0.7]
	at org.springframework.expression.spel.standard.InternalSpelExpressionParser.maybeEatIndexer(InternalSpelExpressionParser.java:701) ~[spring-expression-7.0.7.jar:7.0.7]
	at org.springframework.expression.spel.standard.InternalSpelExpressionParser.eatStartNode(InternalSpelExpressionParser.java:530) ~[spring-expression-7.0.7.jar:7.0.7]
	at org.springframework.expression.spel.standard.InternalSpelExpressionParser.eatPrimaryExpression(InternalSpelExpressionParser.java:367) ~[spring-expression-7.0.7.jar:7.0.7]
	at org.springframework.expression.spel.standard.InternalSpelExpressionParser.eatUnaryExpression(InternalSpelExpressionParser.java:362) ~[spring-expression-7.0.7.jar:7.0.7]
	at org.springframework.expression.spel.standard.InternalSpelExpressionParser.eatPowerIncDecExpression(InternalSpelExpressionParser.java:316) ~[spring-expression-7.0.7.jar:7.0.7]
	at org.springframework.expression.spel.standard.InternalSpelExpressionParser.eatProductExpression(InternalSpelExpressionParser.java:295) ~[spring-expression-7.0.7.jar:7.0.7]
	at org.springframework.expression.spel.standard.InternalSpelExpressionParser.eatSumExpression(InternalSpelExpressionParser.java:278) ~[spring-expression-7.0.7.jar:7.0.7]
	at org.springframework.expression.spel.standard.InternalSpelExpressionParser.eatRelationalExpression(InternalSpelExpressionParser.java:233) ~[spring-expression-7.0.7.jar:7.0.7]
	at org.springframework.expression.spel.standard.InternalSpelExpressionParser.eatLogicalAndExpression(InternalSpelExpressionParser.java:221) ~[spring-expression-7.0.7.jar:7.0.7]
	at org.springframework.expression.spel.standard.InternalSpelExpressionParser.eatLogicalOrExpression(InternalSpelExpressionParser.java:209) ~[spring-expression-7.0.7.jar:7.0.7]
	at org.springframework.expression.spel.standard.InternalSpelExpressionParser.eatExpression(InternalSpelExpressionParser.java:171) ~[spring-expression-7.0.7.jar:7.0.7]
	at org.springframework.expression.spel.standard.InternalSpelExpressionParser.maybeEatIndexer(InternalSpelExpressionParser.java:697) ~[spring-expression-7.0.7.jar:7.0.7]
	at org.springframework.expression.spel.standard.InternalSpelExpressionParser.eatStartNode(InternalSpelExpressionParser.java:530) ~[spring-expression-7.0.7.jar:7.0.7]
	at org.springframework.expression.spel.standard.InternalSpelExpressionParser.eatPrimaryExpression(InternalSpelExpressionParser.java:367) ~[spring-expression-7.0.7.jar:7.0.7]
	at org.springframework.expression.spel.standard.InternalSpelExpressionParser.eatUnaryExpression(InternalSpelExpressionParser.java:362) ~[spring-expression-7.0.7.jar:7.0.7]
	at org.springframework.expression.spel.standard.InternalSpelExpressionParser.eatPowerIncDecExpression(InternalSpelExpressionParser.java:316) ~[spring-expression-7.0.7.jar:7.0.7]
	at org.springframework.expression.spel.standard.InternalSpelExpressionParser.eatProductExpression(InternalSpelExpressionParser.java:295) ~[spring-expression-7.0.7.jar:7.0.7]
	at org.springframework.expression.spel.standard.InternalSpelExpressionParser.eatSumExpression(InternalSpelExpressionParser.java:278) ~[spring-expression-7.0.7.jar:7.0.7]
	at org.springframework.expression.spel.standard.InternalSpelExpressionParser.eatRelationalExpression(InternalSpelExpressionParser.java:233) ~[spring-expression-7.0.7.jar:7.0.7]
	at org.springframework.expression.spel.standard.InternalSpelExpressionParser.eatLogicalAndExpression(InternalSpelExpressionParser.java:221) ~[spring-expression-7.0.7.jar:7.0.7]
	at org.springframework.expression.spel.standard.InternalSpelExpressionParser.eatLogicalOrExpression(InternalSpelExpressionParser.java:209) ~[spring-expression-7.0.7.jar:7.0.7]
	at org.springframework.expression.spel.standard.InternalSpelExpressionParser.eatExpression(InternalSpelExpressionParser.java:171) ~[spring-expression-7.0.7.jar:7.0.7]
	at org.springframework.expression.spel.standard.InternalSpelExpressionParser.consumeArguments(InternalSpelExpressionParser.java:485) ~[spring-expression-7.0.7.jar:7.0.7]
	at org.springframework.expression.spel.standard.InternalSpelExpressionParser.maybeEatMethodArgs(InternalSpelExpressionParser.java:455) ~[spring-expression-7.0.7.jar:7.0.7]
	at org.springframework.expression.spel.standard.InternalSpelExpressionParser.maybeEatMethodOrProperty(InternalSpelExpressionParser.java:771) ~[spring-expression-7.0.7.jar:7.0.7]
	at org.springframework.expression.spel.standard.InternalSpelExpressionParser.eatDottedNode(InternalSpelExpressionParser.java:412) ~[spring-expression-7.0.7.jar:7.0.7]
	at org.springframework.expression.spel.standard.InternalSpelExpressionParser.eatNode(InternalSpelExpressionParser.java:387) ~[spring-expression-7.0.7.jar:7.0.7]
	at org.springframework.expression.spel.standard.InternalSpelExpressionParser.eatPrimaryExpression(InternalSpelExpressionParser.java:369) ~[spring-expression-7.0.7.jar:7.0.7]
	at org.springframework.expression.spel.standard.InternalSpelExpressionParser.eatUnaryExpression(InternalSpelExpressionParser.java:362) ~[spring-expression-7.0.7.jar:7.0.7]
	at org.springframework.expression.spel.standard.InternalSpelExpressionParser.eatPowerIncDecExpression(InternalSpelExpressionParser.java:316) ~[spring-expression-7.0.7.jar:7.0.7]
	at org.springframework.expression.spel.standard.InternalSpelExpressionParser.eatProductExpression(InternalSpelExpressionParser.java:295) ~[spring-expression-7.0.7.jar:7.0.7]
	at org.springframework.expression.spel.standard.InternalSpelExpressionParser.eatSumExpression(InternalSpelExpressionParser.java:278) ~[spring-expression-7.0.7.jar:7.0.7]
	at org.springframework.expression.spel.standard.InternalSpelExpressionParser.eatRelationalExpression(InternalSpelExpressionParser.java:233) ~[spring-expression-7.0.7.jar:7.0.7]
	at org.springframework.expression.spel.standard.InternalSpelExpressionParser.eatLogicalAndExpression(InternalSpelExpressionParser.java:221) ~[spring-expression-7.0.7.jar:7.0.7]
	at org.springframework.expression.spel.standard.InternalSpelExpressionParser.eatLogicalOrExpression(InternalSpelExpressionParser.java:209) ~[spring-expression-7.0.7.jar:7.0.7]
	at org.springframework.expression.spel.standard.InternalSpelExpressionParser.eatExpression(InternalSpelExpressionParser.java:171) ~[spring-expression-7.0.7.jar:7.0.7]
	at org.springframework.expression.spel.standard.InternalSpelExpressionParser.doParseExpression(InternalSpelExpressionParser.java:141) ~[spring-expression-7.0.7.jar:7.0.7]
	at org.springframework.expression.spel.standard.SpelExpressionParser.doParseExpression(SpelExpressionParser.java:64) ~[spring-expression-7.0.7.jar:7.0.7]
	at org.springframework.expression.spel.standard.SpelExpressionParser.doParseExpression(SpelExpressionParser.java:35) ~[spring-expression-7.0.7.jar:7.0.7]
	at org.springframework.expression.common.TemplateAwareExpressionParser.parseExpression(TemplateAwareExpressionParser.java:63) ~[spring-expression-7.0.7.jar:7.0.7]
	at org.springframework.expression.common.TemplateAwareExpressionParser.parseExpression(TemplateAwareExpressionParser.java:52) ~[spring-expression-7.0.7.jar:7.0.7]
	at org.thymeleaf.spring6.expression.SPELVariableExpressionEvaluator.getExpression(SPELVariableExpressionEvaluator.java:383) ~[thymeleaf-spring6-3.1.5.RELEASE.jar:3.1.5.RELEASE]
	at org.thymeleaf.spring6.expression.SPELVariableExpressionEvaluator.obtainComputedSpelExpression(SPELVariableExpressionEvaluator.java:331) ~[thymeleaf-spring6-3.1.5.RELEASE.jar:3.1.5.RELEASE]
	at org.thymeleaf.spring6.expression.SPELVariableExpressionEvaluator.evaluate(SPELVariableExpressionEvaluator.java:159) ~[thymeleaf-spring6-3.1.5.RELEASE.jar:3.1.5.RELEASE]
	at org.thymeleaf.standard.expression.VariableExpression.executeVariableExpression(VariableExpression.java:166) ~[thymeleaf-3.1.5.RELEASE.jar:3.1.5.RELEASE]
	at org.thymeleaf.standard.expression.SimpleExpression.executeSimple(SimpleExpression.java:66) ~[thymeleaf-3.1.5.RELEASE.jar:3.1.5.RELEASE]
	at org.thymeleaf.standard.expression.Expression.execute(Expression.java:109) ~[thymeleaf-3.1.5.RELEASE.jar:3.1.5.RELEASE]
	at org.thymeleaf.standard.expression.Expression.execute(Expression.java:138) ~[thymeleaf-3.1.5.RELEASE.jar:3.1.5.RELEASE]
	at org.thymeleaf.standard.expression.Expression.execute(Expression.java:125) ~[thymeleaf-3.1.5.RELEASE.jar:3.1.5.RELEASE]
	at org.thymeleaf.standard.processor.StandardEachTagProcessor.doProcess(StandardEachTagProcessor.java:73) ~[thymeleaf-3.1.5.RELEASE.jar:3.1.5.RELEASE]
	at org.thymeleaf.processor.element.AbstractAttributeTagProcessor.doProcess(AbstractAttributeTagProcessor.java:74) ~[thymeleaf-3.1.5.RELEASE.jar:3.1.5.RELEASE]
	at org.thymeleaf.processor.element.AbstractElementTagProcessor.process(AbstractElementTagProcessor.java:95) ~[thymeleaf-3.1.5.RELEASE.jar:3.1.5.RELEASE]
	at org.thymeleaf.util.ProcessorConfigurationUtils$ElementTagProcessorWrapper.process(ProcessorConfigurationUtils.java:633) ~[thymeleaf-3.1.5.RELEASE.jar:3.1.5.RELEASE]
	at org.thymeleaf.engine.ProcessorTemplateHandler.handleOpenElement(ProcessorTemplateHandler.java:1314) ~[thymeleaf-3.1.5.RELEASE.jar:3.1.5.RELEASE]
	at org.thymeleaf.engine.TemplateHandlerAdapterMarkupHandler.handleOpenElementEnd(TemplateHandlerAdapterMarkupHandler.java:304) ~[thymeleaf-3.1.5.RELEASE.jar:3.1.5.RELEASE]
	at org.thymeleaf.templateparser.markup.InlinedOutputExpressionMarkupHandler$InlineMarkupAdapterPreProcessorHandler.handleOpenElementEnd(InlinedOutputExpressionMarkupHandler.java:278) ~[thymeleaf-3.1.5.RELEASE.jar:3.1.5.RELEASE]
	at org.thymeleaf.standard.inline.OutputExpressionInlinePreProcessorHandler.handleOpenElementEnd(OutputExpressionInlinePreProcessorHandler.java:186) ~[thymeleaf-3.1.5.RELEASE.jar:3.1.5.RELEASE]
	at org.thymeleaf.templateparser.markup.InlinedOutputExpressionMarkupHandler.handleOpenElementEnd(InlinedOutputExpressionMarkupHandler.java:124) ~[thymeleaf-3.1.5.RELEASE.jar:3.1.5.RELEASE]
	at org.attoparser.HtmlElement.handleOpenElementEnd(HtmlElement.java:109) ~[attoparser-2.0.7.RELEASE.jar:2.0.7.RELEASE]
	at org.attoparser.HtmlMarkupHandler.handleOpenElementEnd(HtmlMarkupHandler.java:297) ~[attoparser-2.0.7.RELEASE.jar:2.0.7.RELEASE]
	at org.attoparser.MarkupEventProcessorHandler.handleOpenElementEnd(MarkupEventProcessorHandler.java:402) ~[attoparser-2.0.7.RELEASE.jar:2.0.7.RELEASE]
	at org.attoparser.ParsingElementMarkupUtil.parseOpenElement(ParsingElementMarkupUtil.java:159) ~[attoparser-2.0.7.RELEASE.jar:2.0.7.RELEASE]
	at org.attoparser.MarkupParser.parseBuffer(MarkupParser.java:710) ~[attoparser-2.0.7.RELEASE.jar:2.0.7.RELEASE]
	at org.attoparser.MarkupParser.parseDocument(MarkupParser.java:301) ~[attoparser-2.0.7.RELEASE.jar:2.0.7.RELEASE]
	at org.attoparser.MarkupParser.parse(MarkupParser.java:257) ~[attoparser-2.0.7.RELEASE.jar:2.0.7.RELEASE]
	at org.thymeleaf.templateparser.markup.AbstractMarkupTemplateParser.parse(AbstractMarkupTemplateParser.java:230) ~[thymeleaf-3.1.5.RELEASE.jar:3.1.5.RELEASE]
	at org.thymeleaf.templateparser.markup.AbstractMarkupTemplateParser.parseStandalone(AbstractMarkupTemplateParser.java:100) ~[thymeleaf-3.1.5.RELEASE.jar:3.1.5.RELEASE]
	at org.thymeleaf.engine.TemplateManager.parseAndProcess(TemplateManager.java:666) ~[thymeleaf-3.1.5.RELEASE.jar:3.1.5.RELEASE]
	at org.thymeleaf.TemplateEngine.process(TemplateEngine.java:1103) ~[thymeleaf-3.1.5.RELEASE.jar:3.1.5.RELEASE]
	at org.thymeleaf.TemplateEngine.process(TemplateEngine.java:1077) ~[thymeleaf-3.1.5.RELEASE.jar:3.1.5.RELEASE]
	at org.thymeleaf.spring6.view.ThymeleafView.renderFragment(ThymeleafView.java:374) ~[thymeleaf-spring6-3.1.5.RELEASE.jar:3.1.5.RELEASE]
	at org.thymeleaf.spring6.view.ThymeleafView.render(ThymeleafView.java:193) ~[thymeleaf-spring6-3.1.5.RELEASE.jar:3.1.5.RELEASE]
	at org.springframework.web.servlet.DispatcherServlet.render(DispatcherServlet.java:1305) ~[spring-webmvc-7.0.7.jar:7.0.7]
	at org.springframework.web.servlet.DispatcherServlet.processDispatchResult(DispatcherServlet.java:1042) ~[spring-webmvc-7.0.7.jar:7.0.7]
	at org.springframework.web.servlet.DispatcherServlet.doDispatch(DispatcherServlet.java:980) ~[spring-webmvc-7.0.7.jar:7.0.7]
	at org.springframework.web.servlet.DispatcherServlet.doService(DispatcherServlet.java:866) ~[spring-webmvc-7.0.7.jar:7.0.7]
	at org.springframework.web.servlet.FrameworkServlet.processRequest(FrameworkServlet.java:1000) ~[spring-webmvc-7.0.7.jar:7.0.7]
	at org.springframework.web.servlet.FrameworkServlet.doGet(FrameworkServlet.java:892) ~[spring-webmvc-7.0.7.jar:7.0.7]
	at jakarta.servlet.http.HttpServlet.service(HttpServlet.java:622) ~[tomcat-embed-core-11.0.21.jar:6.1]
	at org.springframework.web.servlet.FrameworkServlet.service(FrameworkServlet.java:874) ~[spring-webmvc-7.0.7.jar:7.0.7]
	at jakarta.servlet.http.HttpServlet.service(HttpServlet.java:710) ~[tomcat-embed-core-11.0.21.jar:6.1]
	at org.apache.catalina.core.ApplicationFilterChain.doFilter(ApplicationFilterChain.java:128) ~[tomcat-embed-core-11.0.21.jar:11.0.21]
	at org.apache.tomcat.websocket.server.WsFilter.doFilter(WsFilter.java:53) ~[tomcat-embed-websocket-11.0.21.jar:11.0.21]
	at org.apache.catalina.core.ApplicationFilterChain.doFilter(ApplicationFilterChain.java:107) ~[tomcat-embed-core-11.0.21.jar:11.0.21]
	at org.springframework.web.filter.CompositeFilter$VirtualFilterChain.doFilter(CompositeFilter.java:108) ~[spring-web-7.0.7.jar:7.0.7]
	at org.springframework.security.web.FilterChainProxy.lambda$doFilterInternal$3(FilterChainProxy.java:235) ~[spring-security-web-7.0.5.jar:7.0.5]
	at org.springframework.security.web.FilterChainProxy$VirtualFilterChain.doFilter(FilterChainProxy.java:376) ~[spring-security-web-7.0.5.jar:7.0.5]
	at org.springframework.security.web.access.intercept.AuthorizationFilter.doFilter(AuthorizationFilter.java:101) ~[spring-security-web-7.0.5.jar:7.0.5]
	at org.springframework.security.web.FilterChainProxy$VirtualFilterChain.doFilter(FilterChainProxy.java:385) ~[spring-security-web-7.0.5.jar:7.0.5]
	at org.springframework.security.web.access.ExceptionTranslationFilter.doFilter(ExceptionTranslationFilter.java:126) ~[spring-security-web-7.0.5.jar:7.0.5]
	at org.springframework.security.web.access.ExceptionTranslationFilter.doFilter(ExceptionTranslationFilter.java:120) ~[spring-security-web-7.0.5.jar:7.0.5]
	at org.springframework.security.web.FilterChainProxy$VirtualFilterChain.doFilter(FilterChainProxy.java:385) ~[spring-security-web-7.0.5.jar:7.0.5]
	at org.springframework.security.web.session.SessionManagementFilter.doFilter(SessionManagementFilter.java:132) ~[spring-security-web-7.0.5.jar:7.0.5]
	at org.springframework.security.web.session.SessionManagementFilter.doFilter(SessionManagementFilter.java:86) ~[spring-security-web-7.0.5.jar:7.0.5]
	at org.springframework.security.web.FilterChainProxy$VirtualFilterChain.doFilter(FilterChainProxy.java:385) ~[spring-security-web-7.0.5.jar:7.0.5]
	at org.springframework.security.web.authentication.AnonymousAuthenticationFilter.doFilter(AnonymousAuthenticationFilter.java:100) ~[spring-security-web-7.0.5.jar:7.0.5]
	at org.springframework.security.web.FilterChainProxy$VirtualFilterChain.doFilter(FilterChainProxy.java:385) ~[spring-security-web-7.0.5.jar:7.0.5]
	at org.springframework.security.web.servletapi.SecurityContextHolderAwareRequestFilter.doFilter(SecurityContextHolderAwareRequestFilter.java:181) ~[spring-security-web-7.0.5.jar:7.0.5]
	at org.springframework.security.web.FilterChainProxy$VirtualFilterChain.doFilter(FilterChainProxy.java:385) ~[spring-security-web-7.0.5.jar:7.0.5]
	at org.springframework.security.web.savedrequest.RequestCacheAwareFilter.doFilter(RequestCacheAwareFilter.java:63) ~[spring-security-web-7.0.5.jar:7.0.5]
	at org.springframework.security.web.FilterChainProxy$VirtualFilterChain.doFilter(FilterChainProxy.java:385) ~[spring-security-web-7.0.5.jar:7.0.5]
	at org.springframework.security.web.session.ConcurrentSessionFilter.doFilter(ConcurrentSessionFilter.java:153) ~[spring-security-web-7.0.5.jar:7.0.5]
	at org.springframework.security.web.session.ConcurrentSessionFilter.doFilter(ConcurrentSessionFilter.java:131) ~[spring-security-web-7.0.5.jar:7.0.5]
	at org.springframework.security.web.FilterChainProxy$VirtualFilterChain.doFilter(FilterChainProxy.java:385) ~[spring-security-web-7.0.5.jar:7.0.5]
	at org.springframework.security.web.authentication.AbstractAuthenticationProcessingFilter.doFilter(AbstractAuthenticationProcessingFilter.java:245) ~[spring-security-web-7.0.5.jar:7.0.5]
	at org.springframework.security.web.authentication.AbstractAuthenticationProcessingFilter.doFilter(AbstractAuthenticationProcessingFilter.java:239) ~[spring-security-web-7.0.5.jar:7.0.5]
	at org.springframework.security.web.FilterChainProxy$VirtualFilterChain.doFilter(FilterChainProxy.java:385) ~[spring-security-web-7.0.5.jar:7.0.5]
	at org.springframework.security.web.authentication.logout.LogoutFilter.doFilter(LogoutFilter.java:110) ~[spring-security-web-7.0.5.jar:7.0.5]
	at org.springframework.security.web.authentication.logout.LogoutFilter.doFilter(LogoutFilter.java:96) ~[spring-security-web-7.0.5.jar:7.0.5]
	at org.springframework.security.web.FilterChainProxy$VirtualFilterChain.doFilter(FilterChainProxy.java:385) ~[spring-security-web-7.0.5.jar:7.0.5]
	at org.springframework.security.web.csrf.CsrfFilter.doFilterInternal(CsrfFilter.java:118) ~[spring-security-web-7.0.5.jar:7.0.5]
	at org.springframework.web.filter.OncePerRequestFilter.doFilter(OncePerRequestFilter.java:116) ~[spring-web-7.0.7.jar:7.0.7]
	at org.springframework.security.web.FilterChainProxy$VirtualFilterChain.doFilter(FilterChainProxy.java:385) ~[spring-security-web-7.0.5.jar:7.0.5]
	at org.springframework.security.web.header.HeaderWriterFilter.doHeadersAfter(HeaderWriterFilter.java:90) ~[spring-security-web-7.0.5.jar:7.0.5]
	at org.springframework.security.web.header.HeaderWriterFilter.doFilterInternal(HeaderWriterFilter.java:75) ~[spring-security-web-7.0.5.jar:7.0.5]
	at org.springframework.web.filter.OncePerRequestFilter.doFilter(OncePerRequestFilter.java:116) ~[spring-web-7.0.7.jar:7.0.7]
	at org.springframework.security.web.FilterChainProxy$VirtualFilterChain.doFilter(FilterChainProxy.java:385) ~[spring-security-web-7.0.5.jar:7.0.5]
	at org.springframework.security.web.context.SecurityContextHolderFilter.doFilter(SecurityContextHolderFilter.java:82) ~[spring-security-web-7.0.5.jar:7.0.5]
	at org.springframework.security.web.context.SecurityContextHolderFilter.doFilter(SecurityContextHolderFilter.java:69) ~[spring-security-web-7.0.5.jar:7.0.5]
	at org.springframework.security.web.FilterChainProxy$VirtualFilterChain.doFilter(FilterChainProxy.java:385) ~[spring-security-web-7.0.5.jar:7.0.5]
	at org.springframework.security.web.context.request.async.WebAsyncManagerIntegrationFilter.doFilterInternal(WebAsyncManagerIntegrationFilter.java:62) ~[spring-security-web-7.0.5.jar:7.0.5]
	at org.springframework.web.filter.OncePerRequestFilter.doFilter(OncePerRequestFilter.java:116) ~[spring-web-7.0.7.jar:7.0.7]
	at org.springframework.security.web.FilterChainProxy$VirtualFilterChain.doFilter(FilterChainProxy.java:385) ~[spring-security-web-7.0.5.jar:7.0.5]
	at org.springframework.security.web.session.DisableEncodeUrlFilter.doFilterInternal(DisableEncodeUrlFilter.java:42) ~[spring-security-web-7.0.5.jar:7.0.5]
	at org.springframework.web.filter.OncePerRequestFilter.doFilter(OncePerRequestFilter.java:116) ~[spring-web-7.0.7.jar:7.0.7]
	at org.springframework.security.web.FilterChainProxy$VirtualFilterChain.doFilter(FilterChainProxy.java:385) ~[spring-security-web-7.0.5.jar:7.0.5]
	at org.springframework.security.web.FilterChainProxy.doFilterInternal(FilterChainProxy.java:237) ~[spring-security-web-7.0.5.jar:7.0.5]
	at org.springframework.security.web.FilterChainProxy.doFilter(FilterChainProxy.java:195) ~[spring-security-web-7.0.5.jar:7.0.5]
	at org.springframework.web.filter.CompositeFilter$VirtualFilterChain.doFilter(CompositeFilter.java:113) ~[spring-web-7.0.7.jar:7.0.7]
	at org.springframework.web.filter.ServletRequestPathFilter.doFilter(ServletRequestPathFilter.java:52) ~[spring-web-7.0.7.jar:7.0.7]
	at org.springframework.web.filter.CompositeFilter$VirtualFilterChain.doFilter(CompositeFilter.java:113) ~[spring-web-7.0.7.jar:7.0.7]
	at org.springframework.web.filter.CompositeFilter.doFilter(CompositeFilter.java:74) ~[spring-web-7.0.7.jar:7.0.7]
	at org.springframework.security.config.annotation.web.configuration.WebSecurityConfiguration$CompositeFilterChainProxy.doFilter(WebSecurityConfiguration.java:317) ~[spring-security-config-7.0.5.jar:7.0.5]
	at org.springframework.web.filter.DelegatingFilterProxy.invokeDelegate(DelegatingFilterProxy.java:355) ~[spring-web-7.0.7.jar:7.0.7]
	at org.springframework.web.filter.DelegatingFilterProxy.doFilter(DelegatingFilterProxy.java:272) ~[spring-web-7.0.7.jar:7.0.7]
	at org.apache.catalina.core.ApplicationFilterChain.doFilter(ApplicationFilterChain.java:107) ~[tomcat-embed-core-11.0.21.jar:11.0.21]
	at org.springframework.web.filter.RequestContextFilter.doFilterInternal(RequestContextFilter.java:100) ~[spring-web-7.0.7.jar:7.0.7]
	at org.springframework.web.filter.OncePerRequestFilter.doFilter(OncePerRequestFilter.java:116) ~[spring-web-7.0.7.jar:7.0.7]
	at org.apache.catalina.core.ApplicationFilterChain.doFilter(ApplicationFilterChain.java:107) ~[tomcat-embed-core-11.0.21.jar:11.0.21]
	at org.springframework.web.filter.FormContentFilter.doFilterInternal(FormContentFilter.java:93) ~[spring-web-7.0.7.jar:7.0.7]
	at org.springframework.web.filter.OncePerRequestFilter.doFilter(OncePerRequestFilter.java:116) ~[spring-web-7.0.7.jar:7.0.7]
	at org.apache.catalina.core.ApplicationFilterChain.doFilter(ApplicationFilterChain.java:107) ~[tomcat-embed-core-11.0.21.jar:11.0.21]
	at org.springframework.web.filter.CharacterEncodingFilter.doFilterInternal(CharacterEncodingFilter.java:199) ~[spring-web-7.0.7.jar:7.0.7]
	at org.springframework.web.filter.OncePerRequestFilter.doFilter(OncePerRequestFilter.java:116) ~[spring-web-7.0.7.jar:7.0.7]
	at org.apache.catalina.core.ApplicationFilterChain.doFilter(ApplicationFilterChain.java:107) ~[tomcat-embed-core-11.0.21.jar:11.0.21]
	at org.apache.catalina.core.StandardWrapperValve.invoke(StandardWrapperValve.java:165) ~[tomcat-embed-core-11.0.21.jar:11.0.21]
	at org.apache.catalina.core.StandardContextValve.invoke(StandardContextValve.java:77) ~[tomcat-embed-core-11.0.21.jar:11.0.21]
	at org.apache.catalina.authenticator.AuthenticatorBase.invoke(AuthenticatorBase.java:492) ~[tomcat-embed-core-11.0.21.jar:11.0.21]
	at org.apache.catalina.core.StandardHostValve.invoke(StandardHostValve.java:113) ~[tomcat-embed-core-11.0.21.jar:11.0.21]
	at org.apache.catalina.valves.ErrorReportValve.invoke(ErrorReportValve.java:83) ~[tomcat-embed-core-11.0.21.jar:11.0.21]
	at org.apache.catalina.core.StandardEngineValve.invoke(StandardEngineValve.java:72) ~[tomcat-embed-core-11.0.21.jar:11.0.21]
	at org.apache.catalina.connector.CoyoteAdapter.service(CoyoteAdapter.java:341) ~[tomcat-embed-core-11.0.21.jar:11.0.21]
	at org.apache.coyote.http11.Http11Processor.service(Http11Processor.java:397) ~[tomcat-embed-core-11.0.21.jar:11.0.21]
	at org.apache.coyote.AbstractProcessorLight.process(AbstractProcessorLight.java:63) ~[tomcat-embed-core-11.0.21.jar:11.0.21]
	at org.apache.coyote.AbstractProtocol$ConnectionHandler.process(AbstractProtocol.java:903) ~[tomcat-embed-core-11.0.21.jar:11.0.21]
	at org.apache.tomcat.util.net.NioEndpoint$SocketProcessor.doRun(NioEndpoint.java:1801) ~[tomcat-embed-core-11.0.21.jar:11.0.21]
	at org.apache.tomcat.util.net.SocketProcessorBase.run(SocketProcessorBase.java:52) ~[tomcat-embed-core-11.0.21.jar:11.0.21]
	at org.apache.tomcat.util.threads.ThreadPoolExecutor.runWorker(ThreadPoolExecutor.java:946) ~[tomcat-embed-core-11.0.21.jar:11.0.21]
	at org.apache.tomcat.util.threads.ThreadPoolExecutor$Worker.run(ThreadPoolExecutor.java:480) ~[tomcat-embed-core-11.0.21.jar:11.0.21]
	at org.apache.tomcat.util.threads.TaskThread$WrappingRunnable.run(TaskThread.java:57) ~[tomcat-embed-core-11.0.21.jar:11.0.21]
	at java.base/java.lang.Thread.run(Thread.java:1516) ~[na:na]

2026-08-10T15:28:10.467+05:30 ERROR 9812 --- [Bug Tracking System] [http-nio-8081-exec-5] a.e.ErrorMvcAutoConfiguration$StaticView : Cannot render error page for request [/bugs] and exception [An error happened during template parsing (template: "class path resource [templates/bugs/list.html]")] as the response has already been committed. As a result, the response may have the wrong status code.
2026-08-10T15:29:16.059+05:30  INFO 9812 --- [Bug Tracking System] [http-nio-8081-exec-2] c.bugtracker.service.AttachmentService   : File 'cart_image9263719914177821109847_11zon.jpg' stored as 'b80b8251-d099-4e05-ab2a-b8e9cd89eaff.jpg' (419763 bytes)
2026-08-10T15:32:43.516+05:30  INFO 9812 --- [Bug Tracking System] [http-nio-8081-exec-9] c.bugtracker.service.AttachmentService   : File 'COMPLETE_BUNDLE_All_Companies_All_Topics.pdf' stored as 'd5f01320-a89c-4f68-afe7-229457fbf774.pdf' (4131584 bytes)
2026-08-10T15:32:50.892+05:30  INFO 9812 --- [Bug Tracking System] [http-nio-8081-exec-1] c.bugtracker.service.AttachmentService   : Deleted attachment 'COMPLETE_BUNDLE_All_Companies_All_Topics.pdf' (file: 'd5f01320-a89c-4f68-afe7-229457fbf774.pdf')
2026-08-10T15:34:44.112+05:30  INFO 9812 --- [Bug Tracking System] [http-nio-8081-exec-7] c.bugtracker.service.AttachmentService   : Deleted attachment 'cart_image9263719914177821109847_11zon.jpg' (file: 'b80b8251-d099-4e05-ab2a-b8e9cd89eaff.jpg')
2026-08-10T15:36:34.844+05:30  INFO 9812 --- [Bug Tracking System] [http-nio-8081-exec-1] com.bugtracker.service.BugService        : Bug #15 assigned to user ID 2 by 'admin'
2026-08-10T15:36:44.304+05:30  INFO 9812 --- [Bug Tracking System] [task-1] com.bugtracker.service.EmailService      : Assignment notification sent to sneha.bharti114@gmail.com for Bug #15
2026-08-10T15:43:03.285+05:30  INFO 13208 --- [Bug Tracking System] [restartedMain] com.bugtracker.BugtrackerApplication     : Starting BugtrackerApplication using Java 26.0.1 with PID 13208 (D:\Users\Downloads\bugtracker\bugtracker\target\classes started by lovely in D:\Users\Downloads\bugtracker)
2026-08-10T15:43:03.293+05:30  INFO 13208 --- [Bug Tracking System] [restartedMain] com.bugtracker.BugtrackerApplication     : No active profile set, falling back to 1 default profile: "default"
2026-08-10T15:43:06.518+05:30  WARN 13208 --- [Bug Tracking System] [restartedMain] o.a.c.c.C.[Tomcat].[localhost].[/]       : Cannot deserialize session attribute [SPRING_SECURITY_CONTEXT] for session [02FF1275E7104FD7170A785B0090A41E]
2026-08-10T15:43:11.539+05:30  WARN 13208 --- [Bug Tracking System] [restartedMain] JpaBaseConfiguration$JpaWebConfiguration : spring.jpa.open-in-view is enabled by default. Therefore, database queries may be performed during view rendering. Explicitly configure spring.jpa.open-in-view to disable this warning
2026-08-10T15:43:11.678+05:30  WARN 13208 --- [Bug Tracking System] [restartedMain] r$InitializeUserDetailsManagerConfigurer : Global AuthenticationManager configured with an AuthenticationProvider bean. UserDetailsService beans will not be used by Spring Security for automatically configuring username/password login. Consider removing the AuthenticationProvider bean. Alternatively, consider using the UserDetailsService in a manually instantiated DaoAuthenticationProvider. If the current configuration is intentional, to turn off this warning, increase the logging level of 'org.springframework.security.config.annotation.authentication.configuration.InitializeUserDetailsBeanManagerConfigurer' to ERROR
2026-08-10T15:43:12.444+05:30  INFO 13208 --- [Bug Tracking System] [restartedMain] com.bugtracker.BugtrackerApplication     : Started BugtrackerApplication in 10.096 seconds (process running for 11.228)
2026-08-10T15:43:51.500+05:30 ERROR 13208 --- [Bug Tracking System] [http-nio-8081-exec-5] org.thymeleaf.TemplateEngine             : [THYMELEAF][http-nio-8081-exec-5] Exception processing template "bugs/list": An error happened during template parsing (template: "class path resource [templates/bugs/list.html]")

org.thymeleaf.exceptions.TemplateInputException: An error happened during template parsing (template: "class path resource [templates/bugs/list.html]")
	at org.thymeleaf.templateparser.markup.AbstractMarkupTemplateParser.parse(AbstractMarkupTemplateParser.java:241) ~[thymeleaf-3.1.5.RELEASE.jar:3.1.5.RELEASE]
	at org.thymeleaf.templateparser.markup.AbstractMarkupTemplateParser.parseStandalone(AbstractMarkupTemplateParser.java:100) ~[thymeleaf-3.1.5.RELEASE.jar:3.1.5.RELEASE]
	at org.thymeleaf.engine.TemplateManager.parseAndProcess(TemplateManager.java:666) ~[thymeleaf-3.1.5.RELEASE.jar:3.1.5.RELEASE]
	at org.thymeleaf.TemplateEngine.process(TemplateEngine.java:1103) ~[thymeleaf-3.1.5.RELEASE.jar:3.1.5.RELEASE]
	at org.thymeleaf.TemplateEngine.process(TemplateEngine.java:1077) ~[thymeleaf-3.1.5.RELEASE.jar:3.1.5.RELEASE]
	at org.thymeleaf.spring6.view.ThymeleafView.renderFragment(ThymeleafView.java:374) ~[thymeleaf-spring6-3.1.5.RELEASE.jar:3.1.5.RELEASE]
	at org.thymeleaf.spring6.view.ThymeleafView.render(ThymeleafView.java:193) ~[thymeleaf-spring6-3.1.5.RELEASE.jar:3.1.5.RELEASE]
	at org.springframework.web.servlet.DispatcherServlet.render(DispatcherServlet.java:1305) ~[spring-webmvc-7.0.7.jar:7.0.7]
	at org.springframework.web.servlet.DispatcherServlet.processDispatchResult(DispatcherServlet.java:1042) ~[spring-webmvc-7.0.7.jar:7.0.7]
	at org.springframework.web.servlet.DispatcherServlet.doDispatch(DispatcherServlet.java:980) ~[spring-webmvc-7.0.7.jar:7.0.7]
	at org.springframework.web.servlet.DispatcherServlet.doService(DispatcherServlet.java:866) ~[spring-webmvc-7.0.7.jar:7.0.7]
	at org.springframework.web.servlet.FrameworkServlet.processRequest(FrameworkServlet.java:1000) ~[spring-webmvc-7.0.7.jar:7.0.7]
	at org.springframework.web.servlet.FrameworkServlet.doGet(FrameworkServlet.java:892) ~[spring-webmvc-7.0.7.jar:7.0.7]
	at jakarta.servlet.http.HttpServlet.service(HttpServlet.java:622) ~[tomcat-embed-core-11.0.21.jar:6.1]
	at org.springframework.web.servlet.FrameworkServlet.service(FrameworkServlet.java:874) ~[spring-webmvc-7.0.7.jar:7.0.7]
	at jakarta.servlet.http.HttpServlet.service(HttpServlet.java:710) ~[tomcat-embed-core-11.0.21.jar:6.1]
	at org.apache.catalina.core.ApplicationFilterChain.doFilter(ApplicationFilterChain.java:128) ~[tomcat-embed-core-11.0.21.jar:11.0.21]
	at org.apache.tomcat.websocket.server.WsFilter.doFilter(WsFilter.java:53) ~[tomcat-embed-websocket-11.0.21.jar:11.0.21]
	at org.apache.catalina.core.ApplicationFilterChain.doFilter(ApplicationFilterChain.java:107) ~[tomcat-embed-core-11.0.21.jar:11.0.21]
	at org.springframework.web.filter.CompositeFilter$VirtualFilterChain.doFilter(CompositeFilter.java:108) ~[spring-web-7.0.7.jar:7.0.7]
	at org.springframework.security.web.FilterChainProxy.lambda$doFilterInternal$3(FilterChainProxy.java:235) ~[spring-security-web-7.0.5.jar:7.0.5]
	at org.springframework.security.web.FilterChainProxy$VirtualFilterChain.doFilter(FilterChainProxy.java:376) ~[spring-security-web-7.0.5.jar:7.0.5]
	at org.springframework.security.web.access.intercept.AuthorizationFilter.doFilter(AuthorizationFilter.java:101) ~[spring-security-web-7.0.5.jar:7.0.5]
	at org.springframework.security.web.FilterChainProxy$VirtualFilterChain.doFilter(FilterChainProxy.java:385) ~[spring-security-web-7.0.5.jar:7.0.5]
	at org.springframework.security.web.access.ExceptionTranslationFilter.doFilter(ExceptionTranslationFilter.java:126) ~[spring-security-web-7.0.5.jar:7.0.5]
	at org.springframework.security.web.access.ExceptionTranslationFilter.doFilter(ExceptionTranslationFilter.java:120) ~[spring-security-web-7.0.5.jar:7.0.5]
	at org.springframework.security.web.FilterChainProxy$VirtualFilterChain.doFilter(FilterChainProxy.java:385) ~[spring-security-web-7.0.5.jar:7.0.5]
	at org.springframework.security.web.session.SessionManagementFilter.doFilter(SessionManagementFilter.java:132) ~[spring-security-web-7.0.5.jar:7.0.5]
	at org.springframework.security.web.session.SessionManagementFilter.doFilter(SessionManagementFilter.java:86) ~[spring-security-web-7.0.5.jar:7.0.5]
	at org.springframework.security.web.FilterChainProxy$VirtualFilterChain.doFilter(FilterChainProxy.java:385) ~[spring-security-web-7.0.5.jar:7.0.5]
	at org.springframework.security.web.authentication.AnonymousAuthenticationFilter.doFilter(AnonymousAuthenticationFilter.java:100) ~[spring-security-web-7.0.5.jar:7.0.5]
	at org.springframework.security.web.FilterChainProxy$VirtualFilterChain.doFilter(FilterChainProxy.java:385) ~[spring-security-web-7.0.5.jar:7.0.5]
	at org.springframework.security.web.servletapi.SecurityContextHolderAwareRequestFilter.doFilter(SecurityContextHolderAwareRequestFilter.java:181) ~[spring-security-web-7.0.5.jar:7.0.5]
	at org.springframework.security.web.FilterChainProxy$VirtualFilterChain.doFilter(FilterChainProxy.java:385) ~[spring-security-web-7.0.5.jar:7.0.5]
	at org.springframework.security.web.savedrequest.RequestCacheAwareFilter.doFilter(RequestCacheAwareFilter.java:63) ~[spring-security-web-7.0.5.jar:7.0.5]
	at org.springframework.security.web.FilterChainProxy$VirtualFilterChain.doFilter(FilterChainProxy.java:385) ~[spring-security-web-7.0.5.jar:7.0.5]
	at org.springframework.security.web.session.ConcurrentSessionFilter.doFilter(ConcurrentSessionFilter.java:153) ~[spring-security-web-7.0.5.jar:7.0.5]
	at org.springframework.security.web.session.ConcurrentSessionFilter.doFilter(ConcurrentSessionFilter.java:131) ~[spring-security-web-7.0.5.jar:7.0.5]
	at org.springframework.security.web.FilterChainProxy$VirtualFilterChain.doFilter(FilterChainProxy.java:385) ~[spring-security-web-7.0.5.jar:7.0.5]
	at org.springframework.security.web.authentication.AbstractAuthenticationProcessingFilter.doFilter(AbstractAuthenticationProcessingFilter.java:245) ~[spring-security-web-7.0.5.jar:7.0.5]
	at org.springframework.security.web.authentication.AbstractAuthenticationProcessingFilter.doFilter(AbstractAuthenticationProcessingFilter.java:239) ~[spring-security-web-7.0.5.jar:7.0.5]
	at org.springframework.security.web.FilterChainProxy$VirtualFilterChain.doFilter(FilterChainProxy.java:385) ~[spring-security-web-7.0.5.jar:7.0.5]
	at org.springframework.security.web.authentication.logout.LogoutFilter.doFilter(LogoutFilter.java:110) ~[spring-security-web-7.0.5.jar:7.0.5]
	at org.springframework.security.web.authentication.logout.LogoutFilter.doFilter(LogoutFilter.java:96) ~[spring-security-web-7.0.5.jar:7.0.5]
	at org.springframework.security.web.FilterChainProxy$VirtualFilterChain.doFilter(FilterChainProxy.java:385) ~[spring-security-web-7.0.5.jar:7.0.5]
	at org.springframework.security.web.csrf.CsrfFilter.doFilterInternal(CsrfFilter.java:118) ~[spring-security-web-7.0.5.jar:7.0.5]
	at org.springframework.web.filter.OncePerRequestFilter.doFilter(OncePerRequestFilter.java:116) ~[spring-web-7.0.7.jar:7.0.7]
	at org.springframework.security.web.FilterChainProxy$VirtualFilterChain.doFilter(FilterChainProxy.java:385) ~[spring-security-web-7.0.5.jar:7.0.5]
	at org.springframework.security.web.header.HeaderWriterFilter.doHeadersAfter(HeaderWriterFilter.java:90) ~[spring-security-web-7.0.5.jar:7.0.5]
	at org.springframework.security.web.header.HeaderWriterFilter.doFilterInternal(HeaderWriterFilter.java:75) ~[spring-security-web-7.0.5.jar:7.0.5]
	at org.springframework.web.filter.OncePerRequestFilter.doFilter(OncePerRequestFilter.java:116) ~[spring-web-7.0.7.jar:7.0.7]
	at org.springframework.security.web.FilterChainProxy$VirtualFilterChain.doFilter(FilterChainProxy.java:385) ~[spring-security-web-7.0.5.jar:7.0.5]
	at org.springframework.security.web.context.SecurityContextHolderFilter.doFilter(SecurityContextHolderFilter.java:82) ~[spring-security-web-7.0.5.jar:7.0.5]
	at org.springframework.security.web.context.SecurityContextHolderFilter.doFilter(SecurityContextHolderFilter.java:69) ~[spring-security-web-7.0.5.jar:7.0.5]
	at org.springframework.security.web.FilterChainProxy$VirtualFilterChain.doFilter(FilterChainProxy.java:385) ~[spring-security-web-7.0.5.jar:7.0.5]
	at org.springframework.security.web.context.request.async.WebAsyncManagerIntegrationFilter.doFilterInternal(WebAsyncManagerIntegrationFilter.java:62) ~[spring-security-web-7.0.5.jar:7.0.5]
	at org.springframework.web.filter.OncePerRequestFilter.doFilter(OncePerRequestFilter.java:116) ~[spring-web-7.0.7.jar:7.0.7]
	at org.springframework.security.web.FilterChainProxy$VirtualFilterChain.doFilter(FilterChainProxy.java:385) ~[spring-security-web-7.0.5.jar:7.0.5]
	at org.springframework.security.web.session.DisableEncodeUrlFilter.doFilterInternal(DisableEncodeUrlFilter.java:42) ~[spring-security-web-7.0.5.jar:7.0.5]
	at org.springframework.web.filter.OncePerRequestFilter.doFilter(OncePerRequestFilter.java:116) ~[spring-web-7.0.7.jar:7.0.7]
	at org.springframework.security.web.FilterChainProxy$VirtualFilterChain.doFilter(FilterChainProxy.java:385) ~[spring-security-web-7.0.5.jar:7.0.5]
	at org.springframework.security.web.FilterChainProxy.doFilterInternal(FilterChainProxy.java:237) ~[spring-security-web-7.0.5.jar:7.0.5]
	at org.springframework.security.web.FilterChainProxy.doFilter(FilterChainProxy.java:195) ~[spring-security-web-7.0.5.jar:7.0.5]
	at org.springframework.web.filter.CompositeFilter$VirtualFilterChain.doFilter(CompositeFilter.java:113) ~[spring-web-7.0.7.jar:7.0.7]
	at org.springframework.web.filter.ServletRequestPathFilter.doFilter(ServletRequestPathFilter.java:52) ~[spring-web-7.0.7.jar:7.0.7]
	at org.springframework.web.filter.CompositeFilter$VirtualFilterChain.doFilter(CompositeFilter.java:113) ~[spring-web-7.0.7.jar:7.0.7]
	at org.springframework.web.filter.CompositeFilter.doFilter(CompositeFilter.java:74) ~[spring-web-7.0.7.jar:7.0.7]
	at org.springframework.security.config.annotation.web.configuration.WebSecurityConfiguration$CompositeFilterChainProxy.doFilter(WebSecurityConfiguration.java:317) ~[spring-security-config-7.0.5.jar:7.0.5]
	at org.springframework.web.filter.DelegatingFilterProxy.invokeDelegate(DelegatingFilterProxy.java:355) ~[spring-web-7.0.7.jar:7.0.7]
	at org.springframework.web.filter.DelegatingFilterProxy.doFilter(DelegatingFilterProxy.java:272) ~[spring-web-7.0.7.jar:7.0.7]
	at org.apache.catalina.core.ApplicationFilterChain.doFilter(ApplicationFilterChain.java:107) ~[tomcat-embed-core-11.0.21.jar:11.0.21]
	at org.springframework.web.filter.RequestContextFilter.doFilterInternal(RequestContextFilter.java:100) ~[spring-web-7.0.7.jar:7.0.7]
	at org.springframework.web.filter.OncePerRequestFilter.doFilter(OncePerRequestFilter.java:116) ~[spring-web-7.0.7.jar:7.0.7]
	at org.apache.catalina.core.ApplicationFilterChain.doFilter(ApplicationFilterChain.java:107) ~[tomcat-embed-core-11.0.21.jar:11.0.21]
	at org.springframework.web.filter.FormContentFilter.doFilterInternal(FormContentFilter.java:93) ~[spring-web-7.0.7.jar:7.0.7]
	at org.springframework.web.filter.OncePerRequestFilter.doFilter(OncePerRequestFilter.java:116) ~[spring-web-7.0.7.jar:7.0.7]
	at org.apache.catalina.core.ApplicationFilterChain.doFilter(ApplicationFilterChain.java:107) ~[tomcat-embed-core-11.0.21.jar:11.0.21]
	at org.springframework.web.filter.CharacterEncodingFilter.doFilterInternal(CharacterEncodingFilter.java:199) ~[spring-web-7.0.7.jar:7.0.7]
	at org.springframework.web.filter.OncePerRequestFilter.doFilter(OncePerRequestFilter.java:116) ~[spring-web-7.0.7.jar:7.0.7]
	at org.apache.catalina.core.ApplicationFilterChain.doFilter(ApplicationFilterChain.java:107) ~[tomcat-embed-core-11.0.21.jar:11.0.21]
	at org.apache.catalina.core.StandardWrapperValve.invoke(StandardWrapperValve.java:165) ~[tomcat-embed-core-11.0.21.jar:11.0.21]
	at org.apache.catalina.core.StandardContextValve.invoke(StandardContextValve.java:77) ~[tomcat-embed-core-11.0.21.jar:11.0.21]
	at org.apache.catalina.authenticator.AuthenticatorBase.invoke(AuthenticatorBase.java:492) ~[tomcat-embed-core-11.0.21.jar:11.0.21]
	at org.apache.catalina.core.StandardHostValve.invoke(StandardHostValve.java:113) ~[tomcat-embed-core-11.0.21.jar:11.0.21]
	at org.apache.catalina.valves.ErrorReportValve.invoke(ErrorReportValve.java:83) ~[tomcat-embed-core-11.0.21.jar:11.0.21]
	at org.apache.catalina.core.StandardEngineValve.invoke(StandardEngineValve.java:72) ~[tomcat-embed-core-11.0.21.jar:11.0.21]
	at org.apache.catalina.connector.CoyoteAdapter.service(CoyoteAdapter.java:341) ~[tomcat-embed-core-11.0.21.jar:11.0.21]
	at org.apache.coyote.http11.Http11Processor.service(Http11Processor.java:397) ~[tomcat-embed-core-11.0.21.jar:11.0.21]
	at org.apache.coyote.AbstractProcessorLight.process(AbstractProcessorLight.java:63) ~[tomcat-embed-core-11.0.21.jar:11.0.21]
	at org.apache.coyote.AbstractProtocol$ConnectionHandler.process(AbstractProtocol.java:903) ~[tomcat-embed-core-11.0.21.jar:11.0.21]
	at org.apache.tomcat.util.net.NioEndpoint$SocketProcessor.doRun(NioEndpoint.java:1801) ~[tomcat-embed-core-11.0.21.jar:11.0.21]
	at org.apache.tomcat.util.net.SocketProcessorBase.run(SocketProcessorBase.java:52) ~[tomcat-embed-core-11.0.21.jar:11.0.21]
	at org.apache.tomcat.util.threads.ThreadPoolExecutor.runWorker(ThreadPoolExecutor.java:946) ~[tomcat-embed-core-11.0.21.jar:11.0.21]
	at org.apache.tomcat.util.threads.ThreadPoolExecutor$Worker.run(ThreadPoolExecutor.java:480) ~[tomcat-embed-core-11.0.21.jar:11.0.21]
	at org.apache.tomcat.util.threads.TaskThread$WrappingRunnable.run(TaskThread.java:57) ~[tomcat-embed-core-11.0.21.jar:11.0.21]
	at java.base/java.lang.Thread.run(Thread.java:1516) ~[na:na]
Caused by: org.attoparser.ParseException: Error during execution of processor 'org.thymeleaf.standard.processor.StandardEachTagProcessor' (template: "bugs/list" - line 501, col 33)
	at org.attoparser.MarkupParser.parseDocument(MarkupParser.java:393) ~[attoparser-2.0.7.RELEASE.jar:2.0.7.RELEASE]
	at org.attoparser.MarkupParser.parse(MarkupParser.java:257) ~[attoparser-2.0.7.RELEASE.jar:2.0.7.RELEASE]
	at org.thymeleaf.templateparser.markup.AbstractMarkupTemplateParser.parse(AbstractMarkupTemplateParser.java:230) ~[thymeleaf-3.1.5.RELEASE.jar:3.1.5.RELEASE]
	... 95 common frames omitted
Caused by: org.thymeleaf.exceptions.TemplateProcessingException: Error during execution of processor 'org.thymeleaf.standard.processor.StandardEachTagProcessor' (template: "bugs/list" - line 501, col 33)
	at org.thymeleaf.processor.element.AbstractAttributeTagProcessor.doProcess(AbstractAttributeTagProcessor.java:117) ~[thymeleaf-3.1.5.RELEASE.jar:3.1.5.RELEASE]
	at org.thymeleaf.processor.element.AbstractElementTagProcessor.process(AbstractElementTagProcessor.java:95) ~[thymeleaf-3.1.5.RELEASE.jar:3.1.5.RELEASE]
	at org.thymeleaf.util.ProcessorConfigurationUtils$ElementTagProcessorWrapper.process(ProcessorConfigurationUtils.java:633) ~[thymeleaf-3.1.5.RELEASE.jar:3.1.5.RELEASE]
	at org.thymeleaf.engine.ProcessorTemplateHandler.handleOpenElement(ProcessorTemplateHandler.java:1314) ~[thymeleaf-3.1.5.RELEASE.jar:3.1.5.RELEASE]
	at org.thymeleaf.engine.TemplateHandlerAdapterMarkupHandler.handleOpenElementEnd(TemplateHandlerAdapterMarkupHandler.java:304) ~[thymeleaf-3.1.5.RELEASE.jar:3.1.5.RELEASE]
	at org.thymeleaf.templateparser.markup.InlinedOutputExpressionMarkupHandler$InlineMarkupAdapterPreProcessorHandler.handleOpenElementEnd(InlinedOutputExpressionMarkupHandler.java:278) ~[thymeleaf-3.1.5.RELEASE.jar:3.1.5.RELEASE]
	at org.thymeleaf.standard.inline.OutputExpressionInlinePreProcessorHandler.handleOpenElementEnd(OutputExpressionInlinePreProcessorHandler.java:186) ~[thymeleaf-3.1.5.RELEASE.jar:3.1.5.RELEASE]
	at org.thymeleaf.templateparser.markup.InlinedOutputExpressionMarkupHandler.handleOpenElementEnd(InlinedOutputExpressionMarkupHandler.java:124) ~[thymeleaf-3.1.5.RELEASE.jar:3.1.5.RELEASE]
	at org.attoparser.HtmlElement.handleOpenElementEnd(HtmlElement.java:109) ~[attoparser-2.0.7.RELEASE.jar:2.0.7.RELEASE]
	at org.attoparser.HtmlMarkupHandler.handleOpenElementEnd(HtmlMarkupHandler.java:297) ~[attoparser-2.0.7.RELEASE.jar:2.0.7.RELEASE]
	at org.attoparser.MarkupEventProcessorHandler.handleOpenElementEnd(MarkupEventProcessorHandler.java:402) ~[attoparser-2.0.7.RELEASE.jar:2.0.7.RELEASE]
	at org.attoparser.ParsingElementMarkupUtil.parseOpenElement(ParsingElementMarkupUtil.java:159) ~[attoparser-2.0.7.RELEASE.jar:2.0.7.RELEASE]
	at org.attoparser.MarkupParser.parseBuffer(MarkupParser.java:710) ~[attoparser-2.0.7.RELEASE.jar:2.0.7.RELEASE]
	at org.attoparser.MarkupParser.parseDocument(MarkupParser.java:301) ~[attoparser-2.0.7.RELEASE.jar:2.0.7.RELEASE]
	... 97 common frames omitted
Caused by: org.springframework.expression.spel.SpelParseException: Expression [#numbers.sequence(
                                              [[${ [[${ Math.max(1,
                                              currentPage-2) }]] }]],
                                              [[${ Math.min(totalPages,
                                              currentPage+2) }]])] @69: EL1043E: Unexpected token. Expected 'rsquare(])' but was 'lcurly({)'
	at org.springframework.expression.spel.standard.InternalSpelExpressionParser.internalException(InternalSpelExpressionParser.java:1057) ~[spring-expression-7.0.7.jar:7.0.7]
	at org.springframework.expression.spel.standard.InternalSpelExpressionParser.eatToken(InternalSpelExpressionParser.java:938) ~[spring-expression-7.0.7.jar:7.0.7]
	at org.springframework.expression.spel.standard.InternalSpelExpressionParser.maybeEatIndexer(InternalSpelExpressionParser.java:701) ~[spring-expression-7.0.7.jar:7.0.7]
	at org.springframework.expression.spel.standard.InternalSpelExpressionParser.eatStartNode(InternalSpelExpressionParser.java:530) ~[spring-expression-7.0.7.jar:7.0.7]
	at org.springframework.expression.spel.standard.InternalSpelExpressionParser.eatPrimaryExpression(InternalSpelExpressionParser.java:367) ~[spring-expression-7.0.7.jar:7.0.7]
	at org.springframework.expression.spel.standard.InternalSpelExpressionParser.eatUnaryExpression(InternalSpelExpressionParser.java:362) ~[spring-expression-7.0.7.jar:7.0.7]
	at org.springframework.expression.spel.standard.InternalSpelExpressionParser.eatPowerIncDecExpression(InternalSpelExpressionParser.java:316) ~[spring-expression-7.0.7.jar:7.0.7]
	at org.springframework.expression.spel.standard.InternalSpelExpressionParser.eatProductExpression(InternalSpelExpressionParser.java:295) ~[spring-expression-7.0.7.jar:7.0.7]
	at org.springframework.expression.spel.standard.InternalSpelExpressionParser.eatSumExpression(InternalSpelExpressionParser.java:278) ~[spring-expression-7.0.7.jar:7.0.7]
	at org.springframework.expression.spel.standard.InternalSpelExpressionParser.eatRelationalExpression(InternalSpelExpressionParser.java:233) ~[spring-expression-7.0.7.jar:7.0.7]
	at org.springframework.expression.spel.standard.InternalSpelExpressionParser.eatLogicalAndExpression(InternalSpelExpressionParser.java:221) ~[spring-expression-7.0.7.jar:7.0.7]
	at org.springframework.expression.spel.standard.InternalSpelExpressionParser.eatLogicalOrExpression(InternalSpelExpressionParser.java:209) ~[spring-expression-7.0.7.jar:7.0.7]
	at org.springframework.expression.spel.standard.InternalSpelExpressionParser.eatExpression(InternalSpelExpressionParser.java:171) ~[spring-expression-7.0.7.jar:7.0.7]
	at org.springframework.expression.spel.standard.InternalSpelExpressionParser.maybeEatIndexer(InternalSpelExpressionParser.java:697) ~[spring-expression-7.0.7.jar:7.0.7]
	at org.springframework.expression.spel.standard.InternalSpelExpressionParser.eatStartNode(InternalSpelExpressionParser.java:530) ~[spring-expression-7.0.7.jar:7.0.7]
	at org.springframework.expression.spel.standard.InternalSpelExpressionParser.eatPrimaryExpression(InternalSpelExpressionParser.java:367) ~[spring-expression-7.0.7.jar:7.0.7]
	at org.springframework.expression.spel.standard.InternalSpelExpressionParser.eatUnaryExpression(InternalSpelExpressionParser.java:362) ~[spring-expression-7.0.7.jar:7.0.7]
	at org.springframework.expression.spel.standard.InternalSpelExpressionParser.eatPowerIncDecExpression(InternalSpelExpressionParser.java:316) ~[spring-expression-7.0.7.jar:7.0.7]
	at org.springframework.expression.spel.standard.InternalSpelExpressionParser.eatProductExpression(InternalSpelExpressionParser.java:295) ~[spring-expression-7.0.7.jar:7.0.7]
	at org.springframework.expression.spel.standard.InternalSpelExpressionParser.eatSumExpression(InternalSpelExpressionParser.java:278) ~[spring-expression-7.0.7.jar:7.0.7]
	at org.springframework.expression.spel.standard.InternalSpelExpressionParser.eatRelationalExpression(InternalSpelExpressionParser.java:233) ~[spring-expression-7.0.7.jar:7.0.7]
	at org.springframework.expression.spel.standard.InternalSpelExpressionParser.eatLogicalAndExpression(InternalSpelExpressionParser.java:221) ~[spring-expression-7.0.7.jar:7.0.7]
	at org.springframework.expression.spel.standard.InternalSpelExpressionParser.eatLogicalOrExpression(InternalSpelExpressionParser.java:209) ~[spring-expression-7.0.7.jar:7.0.7]
	at org.springframework.expression.spel.standard.InternalSpelExpressionParser.eatExpression(InternalSpelExpressionParser.java:171) ~[spring-expression-7.0.7.jar:7.0.7]
	at org.springframework.expression.spel.standard.InternalSpelExpressionParser.consumeArguments(InternalSpelExpressionParser.java:485) ~[spring-expression-7.0.7.jar:7.0.7]
	at org.springframework.expression.spel.standard.InternalSpelExpressionParser.maybeEatMethodArgs(InternalSpelExpressionParser.java:455) ~[spring-expression-7.0.7.jar:7.0.7]
	at org.springframework.expression.spel.standard.InternalSpelExpressionParser.maybeEatMethodOrProperty(InternalSpelExpressionParser.java:771) ~[spring-expression-7.0.7.jar:7.0.7]
	at org.springframework.expression.spel.standard.InternalSpelExpressionParser.eatDottedNode(InternalSpelExpressionParser.java:412) ~[spring-expression-7.0.7.jar:7.0.7]
	at org.springframework.expression.spel.standard.InternalSpelExpressionParser.eatNode(InternalSpelExpressionParser.java:387) ~[spring-expression-7.0.7.jar:7.0.7]
	at org.springframework.expression.spel.standard.InternalSpelExpressionParser.eatPrimaryExpression(InternalSpelExpressionParser.java:369) ~[spring-expression-7.0.7.jar:7.0.7]
	at org.springframework.expression.spel.standard.InternalSpelExpressionParser.eatUnaryExpression(InternalSpelExpressionParser.java:362) ~[spring-expression-7.0.7.jar:7.0.7]
	at org.springframework.expression.spel.standard.InternalSpelExpressionParser.eatPowerIncDecExpression(InternalSpelExpressionParser.java:316) ~[spring-expression-7.0.7.jar:7.0.7]
	at org.springframework.expression.spel.standard.InternalSpelExpressionParser.eatProductExpression(InternalSpelExpressionParser.java:295) ~[spring-expression-7.0.7.jar:7.0.7]
	at org.springframework.expression.spel.standard.InternalSpelExpressionParser.eatSumExpression(InternalSpelExpressionParser.java:278) ~[spring-expression-7.0.7.jar:7.0.7]
	at org.springframework.expression.spel.standard.InternalSpelExpressionParser.eatRelationalExpression(InternalSpelExpressionParser.java:233) ~[spring-expression-7.0.7.jar:7.0.7]
	at org.springframework.expression.spel.standard.InternalSpelExpressionParser.eatLogicalAndExpression(InternalSpelExpressionParser.java:221) ~[spring-expression-7.0.7.jar:7.0.7]
	at org.springframework.expression.spel.standard.InternalSpelExpressionParser.eatLogicalOrExpression(InternalSpelExpressionParser.java:209) ~[spring-expression-7.0.7.jar:7.0.7]
	at org.springframework.expression.spel.standard.InternalSpelExpressionParser.eatExpression(InternalSpelExpressionParser.java:171) ~[spring-expression-7.0.7.jar:7.0.7]
	at org.springframework.expression.spel.standard.InternalSpelExpressionParser.doParseExpression(InternalSpelExpressionParser.java:141) ~[spring-expression-7.0.7.jar:7.0.7]
	at org.springframework.expression.spel.standard.SpelExpressionParser.doParseExpression(SpelExpressionParser.java:64) ~[spring-expression-7.0.7.jar:7.0.7]
	at org.springframework.expression.spel.standard.SpelExpressionParser.doParseExpression(SpelExpressionParser.java:35) ~[spring-expression-7.0.7.jar:7.0.7]
	at org.springframework.expression.common.TemplateAwareExpressionParser.parseExpression(TemplateAwareExpressionParser.java:63) ~[spring-expression-7.0.7.jar:7.0.7]
	at org.springframework.expression.common.TemplateAwareExpressionParser.parseExpression(TemplateAwareExpressionParser.java:52) ~[spring-expression-7.0.7.jar:7.0.7]
	at org.thymeleaf.spring6.expression.SPELVariableExpressionEvaluator.getExpression(SPELVariableExpressionEvaluator.java:383) ~[thymeleaf-spring6-3.1.5.RELEASE.jar:3.1.5.RELEASE]
	at org.thymeleaf.spring6.expression.SPELVariableExpressionEvaluator.obtainComputedSpelExpression(SPELVariableExpressionEvaluator.java:331) ~[thymeleaf-spring6-3.1.5.RELEASE.jar:3.1.5.RELEASE]
	at org.thymeleaf.spring6.expression.SPELVariableExpressionEvaluator.evaluate(SPELVariableExpressionEvaluator.java:159) ~[thymeleaf-spring6-3.1.5.RELEASE.jar:3.1.5.RELEASE]
	at org.thymeleaf.standard.expression.VariableExpression.executeVariableExpression(VariableExpression.java:166) ~[thymeleaf-3.1.5.RELEASE.jar:3.1.5.RELEASE]
	at org.thymeleaf.standard.expression.SimpleExpression.executeSimple(SimpleExpression.java:66) ~[thymeleaf-3.1.5.RELEASE.jar:3.1.5.RELEASE]
	at org.thymeleaf.standard.expression.Expression.execute(Expression.java:109) ~[thymeleaf-3.1.5.RELEASE.jar:3.1.5.RELEASE]
	at org.thymeleaf.standard.expression.Expression.execute(Expression.java:138) ~[thymeleaf-3.1.5.RELEASE.jar:3.1.5.RELEASE]
	at org.thymeleaf.standard.expression.Expression.execute(Expression.java:125) ~[thymeleaf-3.1.5.RELEASE.jar:3.1.5.RELEASE]
	at org.thymeleaf.standard.processor.StandardEachTagProcessor.doProcess(StandardEachTagProcessor.java:73) ~[thymeleaf-3.1.5.RELEASE.jar:3.1.5.RELEASE]
	at org.thymeleaf.processor.element.AbstractAttributeTagProcessor.doProcess(AbstractAttributeTagProcessor.java:74) ~[thymeleaf-3.1.5.RELEASE.jar:3.1.5.RELEASE]
	... 110 common frames omitted

2026-08-10T15:43:51.523+05:30 ERROR 13208 --- [Bug Tracking System] [http-nio-8081-exec-5] o.a.c.c.C.[.[.[/].[dispatcherServlet]    : Servlet.service() for servlet [dispatcherServlet] in context with path [] threw exception [Request processing failed: org.thymeleaf.exceptions.TemplateInputException: An error happened during template parsing (template: "class path resource [templates/bugs/list.html]")] with root cause

org.springframework.expression.spel.SpelParseException: Expression [#numbers.sequence(
                                              [[${ [[${ Math.max(1,
                                              currentPage-2) }]] }]],
                                              [[${ Math.min(totalPages,
                                              currentPage+2) }]])] @69: EL1043E: Unexpected token. Expected 'rsquare(])' but was 'lcurly({)'
	at org.springframework.expression.spel.standard.InternalSpelExpressionParser.internalException(InternalSpelExpressionParser.java:1057) ~[spring-expression-7.0.7.jar:7.0.7]
	at org.springframework.expression.spel.standard.InternalSpelExpressionParser.eatToken(InternalSpelExpressionParser.java:938) ~[spring-expression-7.0.7.jar:7.0.7]
	at org.springframework.expression.spel.standard.InternalSpelExpressionParser.maybeEatIndexer(InternalSpelExpressionParser.java:701) ~[spring-expression-7.0.7.jar:7.0.7]
	at org.springframework.expression.spel.standard.InternalSpelExpressionParser.eatStartNode(InternalSpelExpressionParser.java:530) ~[spring-expression-7.0.7.jar:7.0.7]
	at org.springframework.expression.spel.standard.InternalSpelExpressionParser.eatPrimaryExpression(InternalSpelExpressionParser.java:367) ~[spring-expression-7.0.7.jar:7.0.7]
	at org.springframework.expression.spel.standard.InternalSpelExpressionParser.eatUnaryExpression(InternalSpelExpressionParser.java:362) ~[spring-expression-7.0.7.jar:7.0.7]
	at org.springframework.expression.spel.standard.InternalSpelExpressionParser.eatPowerIncDecExpression(InternalSpelExpressionParser.java:316) ~[spring-expression-7.0.7.jar:7.0.7]
	at org.springframework.expression.spel.standard.InternalSpelExpressionParser.eatProductExpression(InternalSpelExpressionParser.java:295) ~[spring-expression-7.0.7.jar:7.0.7]
	at org.springframework.expression.spel.standard.InternalSpelExpressionParser.eatSumExpression(InternalSpelExpressionParser.java:278) ~[spring-expression-7.0.7.jar:7.0.7]
	at org.springframework.expression.spel.standard.InternalSpelExpressionParser.eatRelationalExpression(InternalSpelExpressionParser.java:233) ~[spring-expression-7.0.7.jar:7.0.7]
	at org.springframework.expression.spel.standard.InternalSpelExpressionParser.eatLogicalAndExpression(InternalSpelExpressionParser.java:221) ~[spring-expression-7.0.7.jar:7.0.7]
	at org.springframework.expression.spel.standard.InternalSpelExpressionParser.eatLogicalOrExpression(InternalSpelExpressionParser.java:209) ~[spring-expression-7.0.7.jar:7.0.7]
	at org.springframework.expression.spel.standard.InternalSpelExpressionParser.eatExpression(InternalSpelExpressionParser.java:171) ~[spring-expression-7.0.7.jar:7.0.7]
	at org.springframework.expression.spel.standard.InternalSpelExpressionParser.maybeEatIndexer(InternalSpelExpressionParser.java:697) ~[spring-expression-7.0.7.jar:7.0.7]
	at org.springframework.expression.spel.standard.InternalSpelExpressionParser.eatStartNode(InternalSpelExpressionParser.java:530) ~[spring-expression-7.0.7.jar:7.0.7]
	at org.springframework.expression.spel.standard.InternalSpelExpressionParser.eatPrimaryExpression(InternalSpelExpressionParser.java:367) ~[spring-expression-7.0.7.jar:7.0.7]
	at org.springframework.expression.spel.standard.InternalSpelExpressionParser.eatUnaryExpression(InternalSpelExpressionParser.java:362) ~[spring-expression-7.0.7.jar:7.0.7]
	at org.springframework.expression.spel.standard.InternalSpelExpressionParser.eatPowerIncDecExpression(InternalSpelExpressionParser.java:316) ~[spring-expression-7.0.7.jar:7.0.7]
	at org.springframework.expression.spel.standard.InternalSpelExpressionParser.eatProductExpression(InternalSpelExpressionParser.java:295) ~[spring-expression-7.0.7.jar:7.0.7]
	at org.springframework.expression.spel.standard.InternalSpelExpressionParser.eatSumExpression(InternalSpelExpressionParser.java:278) ~[spring-expression-7.0.7.jar:7.0.7]
	at org.springframework.expression.spel.standard.InternalSpelExpressionParser.eatRelationalExpression(InternalSpelExpressionParser.java:233) ~[spring-expression-7.0.7.jar:7.0.7]
	at org.springframework.expression.spel.standard.InternalSpelExpressionParser.eatLogicalAndExpression(InternalSpelExpressionParser.java:221) ~[spring-expression-7.0.7.jar:7.0.7]
	at org.springframework.expression.spel.standard.InternalSpelExpressionParser.eatLogicalOrExpression(InternalSpelExpressionParser.java:209) ~[spring-expression-7.0.7.jar:7.0.7]
	at org.springframework.expression.spel.standard.InternalSpelExpressionParser.eatExpression(InternalSpelExpressionParser.java:171) ~[spring-expression-7.0.7.jar:7.0.7]
	at org.springframework.expression.spel.standard.InternalSpelExpressionParser.consumeArguments(InternalSpelExpressionParser.java:485) ~[spring-expression-7.0.7.jar:7.0.7]
	at org.springframework.expression.spel.standard.InternalSpelExpressionParser.maybeEatMethodArgs(InternalSpelExpressionParser.java:455) ~[spring-expression-7.0.7.jar:7.0.7]
	at org.springframework.expression.spel.standard.InternalSpelExpressionParser.maybeEatMethodOrProperty(InternalSpelExpressionParser.java:771) ~[spring-expression-7.0.7.jar:7.0.7]
	at org.springframework.expression.spel.standard.InternalSpelExpressionParser.eatDottedNode(InternalSpelExpressionParser.java:412) ~[spring-expression-7.0.7.jar:7.0.7]
	at org.springframework.expression.spel.standard.InternalSpelExpressionParser.eatNode(InternalSpelExpressionParser.java:387) ~[spring-expression-7.0.7.jar:7.0.7]
	at org.springframework.expression.spel.standard.InternalSpelExpressionParser.eatPrimaryExpression(InternalSpelExpressionParser.java:369) ~[spring-expression-7.0.7.jar:7.0.7]
	at org.springframework.expression.spel.standard.InternalSpelExpressionParser.eatUnaryExpression(InternalSpelExpressionParser.java:362) ~[spring-expression-7.0.7.jar:7.0.7]
	at org.springframework.expression.spel.standard.InternalSpelExpressionParser.eatPowerIncDecExpression(InternalSpelExpressionParser.java:316) ~[spring-expression-7.0.7.jar:7.0.7]
	at org.springframework.expression.spel.standard.InternalSpelExpressionParser.eatProductExpression(InternalSpelExpressionParser.java:295) ~[spring-expression-7.0.7.jar:7.0.7]
	at org.springframework.expression.spel.standard.InternalSpelExpressionParser.eatSumExpression(InternalSpelExpressionParser.java:278) ~[spring-expression-7.0.7.jar:7.0.7]
	at org.springframework.expression.spel.standard.InternalSpelExpressionParser.eatRelationalExpression(InternalSpelExpressionParser.java:233) ~[spring-expression-7.0.7.jar:7.0.7]
	at org.springframework.expression.spel.standard.InternalSpelExpressionParser.eatLogicalAndExpression(InternalSpelExpressionParser.java:221) ~[spring-expression-7.0.7.jar:7.0.7]
	at org.springframework.expression.spel.standard.InternalSpelExpressionParser.eatLogicalOrExpression(InternalSpelExpressionParser.java:209) ~[spring-expression-7.0.7.jar:7.0.7]
	at org.springframework.expression.spel.standard.InternalSpelExpressionParser.eatExpression(InternalSpelExpressionParser.java:171) ~[spring-expression-7.0.7.jar:7.0.7]
	at org.springframework.expression.spel.standard.InternalSpelExpressionParser.doParseExpression(InternalSpelExpressionParser.java:141) ~[spring-expression-7.0.7.jar:7.0.7]
	at org.springframework.expression.spel.standard.SpelExpressionParser.doParseExpression(SpelExpressionParser.java:64) ~[spring-expression-7.0.7.jar:7.0.7]
	at org.springframework.expression.spel.standard.SpelExpressionParser.doParseExpression(SpelExpressionParser.java:35) ~[spring-expression-7.0.7.jar:7.0.7]
	at org.springframework.expression.common.TemplateAwareExpressionParser.parseExpression(TemplateAwareExpressionParser.java:63) ~[spring-expression-7.0.7.jar:7.0.7]
	at org.springframework.expression.common.TemplateAwareExpressionParser.parseExpression(TemplateAwareExpressionParser.java:52) ~[spring-expression-7.0.7.jar:7.0.7]
	at org.thymeleaf.spring6.expression.SPELVariableExpressionEvaluator.getExpression(SPELVariableExpressionEvaluator.java:383) ~[thymeleaf-spring6-3.1.5.RELEASE.jar:3.1.5.RELEASE]
	at org.thymeleaf.spring6.expression.SPELVariableExpressionEvaluator.obtainComputedSpelExpression(SPELVariableExpressionEvaluator.java:331) ~[thymeleaf-spring6-3.1.5.RELEASE.jar:3.1.5.RELEASE]
	at org.thymeleaf.spring6.expression.SPELVariableExpressionEvaluator.evaluate(SPELVariableExpressionEvaluator.java:159) ~[thymeleaf-spring6-3.1.5.RELEASE.jar:3.1.5.RELEASE]
	at org.thymeleaf.standard.expression.VariableExpression.executeVariableExpression(VariableExpression.java:166) ~[thymeleaf-3.1.5.RELEASE.jar:3.1.5.RELEASE]
	at org.thymeleaf.standard.expression.SimpleExpression.executeSimple(SimpleExpression.java:66) ~[thymeleaf-3.1.5.RELEASE.jar:3.1.5.RELEASE]
	at org.thymeleaf.standard.expression.Expression.execute(Expression.java:109) ~[thymeleaf-3.1.5.RELEASE.jar:3.1.5.RELEASE]
	at org.thymeleaf.standard.expression.Expression.execute(Expression.java:138) ~[thymeleaf-3.1.5.RELEASE.jar:3.1.5.RELEASE]
	at org.thymeleaf.standard.expression.Expression.execute(Expression.java:125) ~[thymeleaf-3.1.5.RELEASE.jar:3.1.5.RELEASE]
	at org.thymeleaf.standard.processor.StandardEachTagProcessor.doProcess(StandardEachTagProcessor.java:73) ~[thymeleaf-3.1.5.RELEASE.jar:3.1.5.RELEASE]
	at org.thymeleaf.processor.element.AbstractAttributeTagProcessor.doProcess(AbstractAttributeTagProcessor.java:74) ~[thymeleaf-3.1.5.RELEASE.jar:3.1.5.RELEASE]
	at org.thymeleaf.processor.element.AbstractElementTagProcessor.process(AbstractElementTagProcessor.java:95) ~[thymeleaf-3.1.5.RELEASE.jar:3.1.5.RELEASE]
	at org.thymeleaf.util.ProcessorConfigurationUtils$ElementTagProcessorWrapper.process(ProcessorConfigurationUtils.java:633) ~[thymeleaf-3.1.5.RELEASE.jar:3.1.5.RELEASE]
	at org.thymeleaf.engine.ProcessorTemplateHandler.handleOpenElement(ProcessorTemplateHandler.java:1314) ~[thymeleaf-3.1.5.RELEASE.jar:3.1.5.RELEASE]
	at org.thymeleaf.engine.TemplateHandlerAdapterMarkupHandler.handleOpenElementEnd(TemplateHandlerAdapterMarkupHandler.java:304) ~[thymeleaf-3.1.5.RELEASE.jar:3.1.5.RELEASE]
	at org.thymeleaf.templateparser.markup.InlinedOutputExpressionMarkupHandler$InlineMarkupAdapterPreProcessorHandler.handleOpenElementEnd(InlinedOutputExpressionMarkupHandler.java:278) ~[thymeleaf-3.1.5.RELEASE.jar:3.1.5.RELEASE]
	at org.thymeleaf.standard.inline.OutputExpressionInlinePreProcessorHandler.handleOpenElementEnd(OutputExpressionInlinePreProcessorHandler.java:186) ~[thymeleaf-3.1.5.RELEASE.jar:3.1.5.RELEASE]
	at org.thymeleaf.templateparser.markup.InlinedOutputExpressionMarkupHandler.handleOpenElementEnd(InlinedOutputExpressionMarkupHandler.java:124) ~[thymeleaf-3.1.5.RELEASE.jar:3.1.5.RELEASE]
	at org.attoparser.HtmlElement.handleOpenElementEnd(HtmlElement.java:109) ~[attoparser-2.0.7.RELEASE.jar:2.0.7.RELEASE]
	at org.attoparser.HtmlMarkupHandler.handleOpenElementEnd(HtmlMarkupHandler.java:297) ~[attoparser-2.0.7.RELEASE.jar:2.0.7.RELEASE]
	at org.attoparser.MarkupEventProcessorHandler.handleOpenElementEnd(MarkupEventProcessorHandler.java:402) ~[attoparser-2.0.7.RELEASE.jar:2.0.7.RELEASE]
	at org.attoparser.ParsingElementMarkupUtil.parseOpenElement(ParsingElementMarkupUtil.java:159) ~[attoparser-2.0.7.RELEASE.jar:2.0.7.RELEASE]
	at org.attoparser.MarkupParser.parseBuffer(MarkupParser.java:710) ~[attoparser-2.0.7.RELEASE.jar:2.0.7.RELEASE]
	at org.attoparser.MarkupParser.parseDocument(MarkupParser.java:301) ~[attoparser-2.0.7.RELEASE.jar:2.0.7.RELEASE]
	at org.attoparser.MarkupParser.parse(MarkupParser.java:257) ~[attoparser-2.0.7.RELEASE.jar:2.0.7.RELEASE]
	at org.thymeleaf.templateparser.markup.AbstractMarkupTemplateParser.parse(AbstractMarkupTemplateParser.java:230) ~[thymeleaf-3.1.5.RELEASE.jar:3.1.5.RELEASE]
	at org.thymeleaf.templateparser.markup.AbstractMarkupTemplateParser.parseStandalone(AbstractMarkupTemplateParser.java:100) ~[thymeleaf-3.1.5.RELEASE.jar:3.1.5.RELEASE]
	at org.thymeleaf.engine.TemplateManager.parseAndProcess(TemplateManager.java:666) ~[thymeleaf-3.1.5.RELEASE.jar:3.1.5.RELEASE]
	at org.thymeleaf.TemplateEngine.process(TemplateEngine.java:1103) ~[thymeleaf-3.1.5.RELEASE.jar:3.1.5.RELEASE]
	at org.thymeleaf.TemplateEngine.process(TemplateEngine.java:1077) ~[thymeleaf-3.1.5.RELEASE.jar:3.1.5.RELEASE]
	at org.thymeleaf.spring6.view.ThymeleafView.renderFragment(ThymeleafView.java:374) ~[thymeleaf-spring6-3.1.5.RELEASE.jar:3.1.5.RELEASE]
	at org.thymeleaf.spring6.view.ThymeleafView.render(ThymeleafView.java:193) ~[thymeleaf-spring6-3.1.5.RELEASE.jar:3.1.5.RELEASE]
	at org.springframework.web.servlet.DispatcherServlet.render(DispatcherServlet.java:1305) ~[spring-webmvc-7.0.7.jar:7.0.7]
	at org.springframework.web.servlet.DispatcherServlet.processDispatchResult(DispatcherServlet.java:1042) ~[spring-webmvc-7.0.7.jar:7.0.7]
	at org.springframework.web.servlet.DispatcherServlet.doDispatch(DispatcherServlet.java:980) ~[spring-webmvc-7.0.7.jar:7.0.7]
	at org.springframework.web.servlet.DispatcherServlet.doService(DispatcherServlet.java:866) ~[spring-webmvc-7.0.7.jar:7.0.7]
	at org.springframework.web.servlet.FrameworkServlet.processRequest(FrameworkServlet.java:1000) ~[spring-webmvc-7.0.7.jar:7.0.7]
	at org.springframework.web.servlet.FrameworkServlet.doGet(FrameworkServlet.java:892) ~[spring-webmvc-7.0.7.jar:7.0.7]
	at jakarta.servlet.http.HttpServlet.service(HttpServlet.java:622) ~[tomcat-embed-core-11.0.21.jar:6.1]
	at org.springframework.web.servlet.FrameworkServlet.service(FrameworkServlet.java:874) ~[spring-webmvc-7.0.7.jar:7.0.7]
	at jakarta.servlet.http.HttpServlet.service(HttpServlet.java:710) ~[tomcat-embed-core-11.0.21.jar:6.1]
	at org.apache.catalina.core.ApplicationFilterChain.doFilter(ApplicationFilterChain.java:128) ~[tomcat-embed-core-11.0.21.jar:11.0.21]
	at org.apache.tomcat.websocket.server.WsFilter.doFilter(WsFilter.java:53) ~[tomcat-embed-websocket-11.0.21.jar:11.0.21]
	at org.apache.catalina.core.ApplicationFilterChain.doFilter(ApplicationFilterChain.java:107) ~[tomcat-embed-core-11.0.21.jar:11.0.21]
	at org.springframework.web.filter.CompositeFilter$VirtualFilterChain.doFilter(CompositeFilter.java:108) ~[spring-web-7.0.7.jar:7.0.7]
	at org.springframework.security.web.FilterChainProxy.lambda$doFilterInternal$3(FilterChainProxy.java:235) ~[spring-security-web-7.0.5.jar:7.0.5]
	at org.springframework.security.web.FilterChainProxy$VirtualFilterChain.doFilter(FilterChainProxy.java:376) ~[spring-security-web-7.0.5.jar:7.0.5]
	at org.springframework.security.web.access.intercept.AuthorizationFilter.doFilter(AuthorizationFilter.java:101) ~[spring-security-web-7.0.5.jar:7.0.5]
	at org.springframework.security.web.FilterChainProxy$VirtualFilterChain.doFilter(FilterChainProxy.java:385) ~[spring-security-web-7.0.5.jar:7.0.5]
	at org.springframework.security.web.access.ExceptionTranslationFilter.doFilter(ExceptionTranslationFilter.java:126) ~[spring-security-web-7.0.5.jar:7.0.5]
	at org.springframework.security.web.access.ExceptionTranslationFilter.doFilter(ExceptionTranslationFilter.java:120) ~[spring-security-web-7.0.5.jar:7.0.5]
	at org.springframework.security.web.FilterChainProxy$VirtualFilterChain.doFilter(FilterChainProxy.java:385) ~[spring-security-web-7.0.5.jar:7.0.5]
	at org.springframework.security.web.session.SessionManagementFilter.doFilter(SessionManagementFilter.java:132) ~[spring-security-web-7.0.5.jar:7.0.5]
	at org.springframework.security.web.session.SessionManagementFilter.doFilter(SessionManagementFilter.java:86) ~[spring-security-web-7.0.5.jar:7.0.5]
	at org.springframework.security.web.FilterChainProxy$VirtualFilterChain.doFilter(FilterChainProxy.java:385) ~[spring-security-web-7.0.5.jar:7.0.5]
	at org.springframework.security.web.authentication.AnonymousAuthenticationFilter.doFilter(AnonymousAuthenticationFilter.java:100) ~[spring-security-web-7.0.5.jar:7.0.5]
	at org.springframework.security.web.FilterChainProxy$VirtualFilterChain.doFilter(FilterChainProxy.java:385) ~[spring-security-web-7.0.5.jar:7.0.5]
	at org.springframework.security.web.servletapi.SecurityContextHolderAwareRequestFilter.doFilter(SecurityContextHolderAwareRequestFilter.java:181) ~[spring-security-web-7.0.5.jar:7.0.5]
	at org.springframework.security.web.FilterChainProxy$VirtualFilterChain.doFilter(FilterChainProxy.java:385) ~[spring-security-web-7.0.5.jar:7.0.5]
	at org.springframework.security.web.savedrequest.RequestCacheAwareFilter.doFilter(RequestCacheAwareFilter.java:63) ~[spring-security-web-7.0.5.jar:7.0.5]
	at org.springframework.security.web.FilterChainProxy$VirtualFilterChain.doFilter(FilterChainProxy.java:385) ~[spring-security-web-7.0.5.jar:7.0.5]
	at org.springframework.security.web.session.ConcurrentSessionFilter.doFilter(ConcurrentSessionFilter.java:153) ~[spring-security-web-7.0.5.jar:7.0.5]
	at org.springframework.security.web.session.ConcurrentSessionFilter.doFilter(ConcurrentSessionFilter.java:131) ~[spring-security-web-7.0.5.jar:7.0.5]
	at org.springframework.security.web.FilterChainProxy$VirtualFilterChain.doFilter(FilterChainProxy.java:385) ~[spring-security-web-7.0.5.jar:7.0.5]
	at org.springframework.security.web.authentication.AbstractAuthenticationProcessingFilter.doFilter(AbstractAuthenticationProcessingFilter.java:245) ~[spring-security-web-7.0.5.jar:7.0.5]
	at org.springframework.security.web.authentication.AbstractAuthenticationProcessingFilter.doFilter(AbstractAuthenticationProcessingFilter.java:239) ~[spring-security-web-7.0.5.jar:7.0.5]
	at org.springframework.security.web.FilterChainProxy$VirtualFilterChain.doFilter(FilterChainProxy.java:385) ~[spring-security-web-7.0.5.jar:7.0.5]
	at org.springframework.security.web.authentication.logout.LogoutFilter.doFilter(LogoutFilter.java:110) ~[spring-security-web-7.0.5.jar:7.0.5]
	at org.springframework.security.web.authentication.logout.LogoutFilter.doFilter(LogoutFilter.java:96) ~[spring-security-web-7.0.5.jar:7.0.5]
	at org.springframework.security.web.FilterChainProxy$VirtualFilterChain.doFilter(FilterChainProxy.java:385) ~[spring-security-web-7.0.5.jar:7.0.5]
	at org.springframework.security.web.csrf.CsrfFilter.doFilterInternal(CsrfFilter.java:118) ~[spring-security-web-7.0.5.jar:7.0.5]
	at org.springframework.web.filter.OncePerRequestFilter.doFilter(OncePerRequestFilter.java:116) ~[spring-web-7.0.7.jar:7.0.7]
	at org.springframework.security.web.FilterChainProxy$VirtualFilterChain.doFilter(FilterChainProxy.java:385) ~[spring-security-web-7.0.5.jar:7.0.5]
	at org.springframework.security.web.header.HeaderWriterFilter.doHeadersAfter(HeaderWriterFilter.java:90) ~[spring-security-web-7.0.5.jar:7.0.5]
	at org.springframework.security.web.header.HeaderWriterFilter.doFilterInternal(HeaderWriterFilter.java:75) ~[spring-security-web-7.0.5.jar:7.0.5]
	at org.springframework.web.filter.OncePerRequestFilter.doFilter(OncePerRequestFilter.java:116) ~[spring-web-7.0.7.jar:7.0.7]
	at org.springframework.security.web.FilterChainProxy$VirtualFilterChain.doFilter(FilterChainProxy.java:385) ~[spring-security-web-7.0.5.jar:7.0.5]
	at org.springframework.security.web.context.SecurityContextHolderFilter.doFilter(SecurityContextHolderFilter.java:82) ~[spring-security-web-7.0.5.jar:7.0.5]
	at org.springframework.security.web.context.SecurityContextHolderFilter.doFilter(SecurityContextHolderFilter.java:69) ~[spring-security-web-7.0.5.jar:7.0.5]
	at org.springframework.security.web.FilterChainProxy$VirtualFilterChain.doFilter(FilterChainProxy.java:385) ~[spring-security-web-7.0.5.jar:7.0.5]
	at org.springframework.security.web.context.request.async.WebAsyncManagerIntegrationFilter.doFilterInternal(WebAsyncManagerIntegrationFilter.java:62) ~[spring-security-web-7.0.5.jar:7.0.5]
	at org.springframework.web.filter.OncePerRequestFilter.doFilter(OncePerRequestFilter.java:116) ~[spring-web-7.0.7.jar:7.0.7]
	at org.springframework.security.web.FilterChainProxy$VirtualFilterChain.doFilter(FilterChainProxy.java:385) ~[spring-security-web-7.0.5.jar:7.0.5]
	at org.springframework.security.web.session.DisableEncodeUrlFilter.doFilterInternal(DisableEncodeUrlFilter.java:42) ~[spring-security-web-7.0.5.jar:7.0.5]
	at org.springframework.web.filter.OncePerRequestFilter.doFilter(OncePerRequestFilter.java:116) ~[spring-web-7.0.7.jar:7.0.7]
	at org.springframework.security.web.FilterChainProxy$VirtualFilterChain.doFilter(FilterChainProxy.java:385) ~[spring-security-web-7.0.5.jar:7.0.5]
	at org.springframework.security.web.FilterChainProxy.doFilterInternal(FilterChainProxy.java:237) ~[spring-security-web-7.0.5.jar:7.0.5]
	at org.springframework.security.web.FilterChainProxy.doFilter(FilterChainProxy.java:195) ~[spring-security-web-7.0.5.jar:7.0.5]
	at org.springframework.web.filter.CompositeFilter$VirtualFilterChain.doFilter(CompositeFilter.java:113) ~[spring-web-7.0.7.jar:7.0.7]
	at org.springframework.web.filter.ServletRequestPathFilter.doFilter(ServletRequestPathFilter.java:52) ~[spring-web-7.0.7.jar:7.0.7]
	at org.springframework.web.filter.CompositeFilter$VirtualFilterChain.doFilter(CompositeFilter.java:113) ~[spring-web-7.0.7.jar:7.0.7]
	at org.springframework.web.filter.CompositeFilter.doFilter(CompositeFilter.java:74) ~[spring-web-7.0.7.jar:7.0.7]
	at org.springframework.security.config.annotation.web.configuration.WebSecurityConfiguration$CompositeFilterChainProxy.doFilter(WebSecurityConfiguration.java:317) ~[spring-security-config-7.0.5.jar:7.0.5]
	at org.springframework.web.filter.DelegatingFilterProxy.invokeDelegate(DelegatingFilterProxy.java:355) ~[spring-web-7.0.7.jar:7.0.7]
	at org.springframework.web.filter.DelegatingFilterProxy.doFilter(DelegatingFilterProxy.java:272) ~[spring-web-7.0.7.jar:7.0.7]
	at org.apache.catalina.core.ApplicationFilterChain.doFilter(ApplicationFilterChain.java:107) ~[tomcat-embed-core-11.0.21.jar:11.0.21]
	at org.springframework.web.filter.RequestContextFilter.doFilterInternal(RequestContextFilter.java:100) ~[spring-web-7.0.7.jar:7.0.7]
	at org.springframework.web.filter.OncePerRequestFilter.doFilter(OncePerRequestFilter.java:116) ~[spring-web-7.0.7.jar:7.0.7]
	at org.apache.catalina.core.ApplicationFilterChain.doFilter(ApplicationFilterChain.java:107) ~[tomcat-embed-core-11.0.21.jar:11.0.21]
	at org.springframework.web.filter.FormContentFilter.doFilterInternal(FormContentFilter.java:93) ~[spring-web-7.0.7.jar:7.0.7]
	at org.springframework.web.filter.OncePerRequestFilter.doFilter(OncePerRequestFilter.java:116) ~[spring-web-7.0.7.jar:7.0.7]
	at org.apache.catalina.core.ApplicationFilterChain.doFilter(ApplicationFilterChain.java:107) ~[tomcat-embed-core-11.0.21.jar:11.0.21]
	at org.springframework.web.filter.CharacterEncodingFilter.doFilterInternal(CharacterEncodingFilter.java:199) ~[spring-web-7.0.7.jar:7.0.7]
	at org.springframework.web.filter.OncePerRequestFilter.doFilter(OncePerRequestFilter.java:116) ~[spring-web-7.0.7.jar:7.0.7]
	at org.apache.catalina.core.ApplicationFilterChain.doFilter(ApplicationFilterChain.java:107) ~[tomcat-embed-core-11.0.21.jar:11.0.21]
	at org.apache.catalina.core.StandardWrapperValve.invoke(StandardWrapperValve.java:165) ~[tomcat-embed-core-11.0.21.jar:11.0.21]
	at org.apache.catalina.core.StandardContextValve.invoke(StandardContextValve.java:77) ~[tomcat-embed-core-11.0.21.jar:11.0.21]
	at org.apache.catalina.authenticator.AuthenticatorBase.invoke(AuthenticatorBase.java:492) ~[tomcat-embed-core-11.0.21.jar:11.0.21]
	at org.apache.catalina.core.StandardHostValve.invoke(StandardHostValve.java:113) ~[tomcat-embed-core-11.0.21.jar:11.0.21]
	at org.apache.catalina.valves.ErrorReportValve.invoke(ErrorReportValve.java:83) ~[tomcat-embed-core-11.0.21.jar:11.0.21]
	at org.apache.catalina.core.StandardEngineValve.invoke(StandardEngineValve.java:72) ~[tomcat-embed-core-11.0.21.jar:11.0.21]
	at org.apache.catalina.connector.CoyoteAdapter.service(CoyoteAdapter.java:341) ~[tomcat-embed-core-11.0.21.jar:11.0.21]
	at org.apache.coyote.http11.Http11Processor.service(Http11Processor.java:397) ~[tomcat-embed-core-11.0.21.jar:11.0.21]
	at org.apache.coyote.AbstractProcessorLight.process(AbstractProcessorLight.java:63) ~[tomcat-embed-core-11.0.21.jar:11.0.21]
	at org.apache.coyote.AbstractProtocol$ConnectionHandler.process(AbstractProtocol.java:903) ~[tomcat-embed-core-11.0.21.jar:11.0.21]
	at org.apache.tomcat.util.net.NioEndpoint$SocketProcessor.doRun(NioEndpoint.java:1801) ~[tomcat-embed-core-11.0.21.jar:11.0.21]
	at org.apache.tomcat.util.net.SocketProcessorBase.run(SocketProcessorBase.java:52) ~[tomcat-embed-core-11.0.21.jar:11.0.21]
	at org.apache.tomcat.util.threads.ThreadPoolExecutor.runWorker(ThreadPoolExecutor.java:946) ~[tomcat-embed-core-11.0.21.jar:11.0.21]
	at org.apache.tomcat.util.threads.ThreadPoolExecutor$Worker.run(ThreadPoolExecutor.java:480) ~[tomcat-embed-core-11.0.21.jar:11.0.21]
	at org.apache.tomcat.util.threads.TaskThread$WrappingRunnable.run(TaskThread.java:57) ~[tomcat-embed-core-11.0.21.jar:11.0.21]
	at java.base/java.lang.Thread.run(Thread.java:1516) ~[na:na]

2026-08-10T15:43:51.571+05:30 ERROR 13208 --- [Bug Tracking System] [http-nio-8081-exec-5] a.e.ErrorMvcAutoConfiguration$StaticView : Cannot render error page for request [/bugs] and exception [An error happened during template parsing (template: "class path resource [templates/bugs/list.html]")] as the response has already been committed. As a result, the response may have the wrong status code.
2026-08-10T15:43:55.041+05:30 ERROR 13208 --- [Bug Tracking System] [http-nio-8081-exec-6] org.thymeleaf.TemplateEngine             : [THYMELEAF][http-nio-8081-exec-6] Exception processing template "bugs/list": An error happened during template parsing (template: "class path resource [templates/bugs/list.html]")

org.thymeleaf.exceptions.TemplateInputException: An error happened during template parsing (template: "class path resource [templates/bugs/list.html]")
	at org.thymeleaf.templateparser.markup.AbstractMarkupTemplateParser.parse(AbstractMarkupTemplateParser.java:241) ~[thymeleaf-3.1.5.RELEASE.jar:3.1.5.RELEASE]
	at org.thymeleaf.templateparser.markup.AbstractMarkupTemplateParser.parseStandalone(AbstractMarkupTemplateParser.java:100) ~[thymeleaf-3.1.5.RELEASE.jar:3.1.5.RELEASE]
	at org.thymeleaf.engine.TemplateManager.parseAndProcess(TemplateManager.java:666) ~[thymeleaf-3.1.5.RELEASE.jar:3.1.5.RELEASE]
	at org.thymeleaf.TemplateEngine.process(TemplateEngine.java:1103) ~[thymeleaf-3.1.5.RELEASE.jar:3.1.5.RELEASE]
	at org.thymeleaf.TemplateEngine.process(TemplateEngine.java:1077) ~[thymeleaf-3.1.5.RELEASE.jar:3.1.5.RELEASE]
	at org.thymeleaf.spring6.view.ThymeleafView.renderFragment(ThymeleafView.java:374) ~[thymeleaf-spring6-3.1.5.RELEASE.jar:3.1.5.RELEASE]
	at org.thymeleaf.spring6.view.ThymeleafView.render(ThymeleafView.java:193) ~[thymeleaf-spring6-3.1.5.RELEASE.jar:3.1.5.RELEASE]
	at org.springframework.web.servlet.DispatcherServlet.render(DispatcherServlet.java:1305) ~[spring-webmvc-7.0.7.jar:7.0.7]
	at org.springframework.web.servlet.DispatcherServlet.processDispatchResult(DispatcherServlet.java:1042) ~[spring-webmvc-7.0.7.jar:7.0.7]
	at org.springframework.web.servlet.DispatcherServlet.doDispatch(DispatcherServlet.java:980) ~[spring-webmvc-7.0.7.jar:7.0.7]
	at org.springframework.web.servlet.DispatcherServlet.doService(DispatcherServlet.java:866) ~[spring-webmvc-7.0.7.jar:7.0.7]
	at org.springframework.web.servlet.FrameworkServlet.processRequest(FrameworkServlet.java:1000) ~[spring-webmvc-7.0.7.jar:7.0.7]
	at org.springframework.web.servlet.FrameworkServlet.doGet(FrameworkServlet.java:892) ~[spring-webmvc-7.0.7.jar:7.0.7]
	at jakarta.servlet.http.HttpServlet.service(HttpServlet.java:622) ~[tomcat-embed-core-11.0.21.jar:6.1]
	at org.springframework.web.servlet.FrameworkServlet.service(FrameworkServlet.java:874) ~[spring-webmvc-7.0.7.jar:7.0.7]
	at jakarta.servlet.http.HttpServlet.service(HttpServlet.java:710) ~[tomcat-embed-core-11.0.21.jar:6.1]
	at org.apache.catalina.core.ApplicationFilterChain.doFilter(ApplicationFilterChain.java:128) ~[tomcat-embed-core-11.0.21.jar:11.0.21]
	at org.apache.tomcat.websocket.server.WsFilter.doFilter(WsFilter.java:53) ~[tomcat-embed-websocket-11.0.21.jar:11.0.21]
	at org.apache.catalina.core.ApplicationFilterChain.doFilter(ApplicationFilterChain.java:107) ~[tomcat-embed-core-11.0.21.jar:11.0.21]
	at org.springframework.web.filter.CompositeFilter$VirtualFilterChain.doFilter(CompositeFilter.java:108) ~[spring-web-7.0.7.jar:7.0.7]
	at org.springframework.security.web.FilterChainProxy.lambda$doFilterInternal$3(FilterChainProxy.java:235) ~[spring-security-web-7.0.5.jar:7.0.5]
	at org.springframework.security.web.FilterChainProxy$VirtualFilterChain.doFilter(FilterChainProxy.java:376) ~[spring-security-web-7.0.5.jar:7.0.5]
	at org.springframework.security.web.access.intercept.AuthorizationFilter.doFilter(AuthorizationFilter.java:101) ~[spring-security-web-7.0.5.jar:7.0.5]
	at org.springframework.security.web.FilterChainProxy$VirtualFilterChain.doFilter(FilterChainProxy.java:385) ~[spring-security-web-7.0.5.jar:7.0.5]
	at org.springframework.security.web.access.ExceptionTranslationFilter.doFilter(ExceptionTranslationFilter.java:126) ~[spring-security-web-7.0.5.jar:7.0.5]
	at org.springframework.security.web.access.ExceptionTranslationFilter.doFilter(ExceptionTranslationFilter.java:120) ~[spring-security-web-7.0.5.jar:7.0.5]
	at org.springframework.security.web.FilterChainProxy$VirtualFilterChain.doFilter(FilterChainProxy.java:385) ~[spring-security-web-7.0.5.jar:7.0.5]
	at org.springframework.security.web.session.SessionManagementFilter.doFilter(SessionManagementFilter.java:132) ~[spring-security-web-7.0.5.jar:7.0.5]
	at org.springframework.security.web.session.SessionManagementFilter.doFilter(SessionManagementFilter.java:86) ~[spring-security-web-7.0.5.jar:7.0.5]
	at org.springframework.security.web.FilterChainProxy$VirtualFilterChain.doFilter(FilterChainProxy.java:385) ~[spring-security-web-7.0.5.jar:7.0.5]
	at org.springframework.security.web.authentication.AnonymousAuthenticationFilter.doFilter(AnonymousAuthenticationFilter.java:100) ~[spring-security-web-7.0.5.jar:7.0.5]
	at org.springframework.security.web.FilterChainProxy$VirtualFilterChain.doFilter(FilterChainProxy.java:385) ~[spring-security-web-7.0.5.jar:7.0.5]
	at org.springframework.security.web.servletapi.SecurityContextHolderAwareRequestFilter.doFilter(SecurityContextHolderAwareRequestFilter.java:181) ~[spring-security-web-7.0.5.jar:7.0.5]
	at org.springframework.security.web.FilterChainProxy$VirtualFilterChain.doFilter(FilterChainProxy.java:385) ~[spring-security-web-7.0.5.jar:7.0.5]
	at org.springframework.security.web.savedrequest.RequestCacheAwareFilter.doFilter(RequestCacheAwareFilter.java:63) ~[spring-security-web-7.0.5.jar:7.0.5]
	at org.springframework.security.web.FilterChainProxy$VirtualFilterChain.doFilter(FilterChainProxy.java:385) ~[spring-security-web-7.0.5.jar:7.0.5]
	at org.springframework.security.web.session.ConcurrentSessionFilter.doFilter(ConcurrentSessionFilter.java:153) ~[spring-security-web-7.0.5.jar:7.0.5]
	at org.springframework.security.web.session.ConcurrentSessionFilter.doFilter(ConcurrentSessionFilter.java:131) ~[spring-security-web-7.0.5.jar:7.0.5]
	at org.springframework.security.web.FilterChainProxy$VirtualFilterChain.doFilter(FilterChainProxy.java:385) ~[spring-security-web-7.0.5.jar:7.0.5]
	at org.springframework.security.web.authentication.AbstractAuthenticationProcessingFilter.doFilter(AbstractAuthenticationProcessingFilter.java:245) ~[spring-security-web-7.0.5.jar:7.0.5]
	at org.springframework.security.web.authentication.AbstractAuthenticationProcessingFilter.doFilter(AbstractAuthenticationProcessingFilter.java:239) ~[spring-security-web-7.0.5.jar:7.0.5]
	at org.springframework.security.web.FilterChainProxy$VirtualFilterChain.doFilter(FilterChainProxy.java:385) ~[spring-security-web-7.0.5.jar:7.0.5]
	at org.springframework.security.web.authentication.logout.LogoutFilter.doFilter(LogoutFilter.java:110) ~[spring-security-web-7.0.5.jar:7.0.5]
	at org.springframework.security.web.authentication.logout.LogoutFilter.doFilter(LogoutFilter.java:96) ~[spring-security-web-7.0.5.jar:7.0.5]
	at org.springframework.security.web.FilterChainProxy$VirtualFilterChain.doFilter(FilterChainProxy.java:385) ~[spring-security-web-7.0.5.jar:7.0.5]
	at org.springframework.security.web.csrf.CsrfFilter.doFilterInternal(CsrfFilter.java:118) ~[spring-security-web-7.0.5.jar:7.0.5]
	at org.springframework.web.filter.OncePerRequestFilter.doFilter(OncePerRequestFilter.java:116) ~[spring-web-7.0.7.jar:7.0.7]
	at org.springframework.security.web.FilterChainProxy$VirtualFilterChain.doFilter(FilterChainProxy.java:385) ~[spring-security-web-7.0.5.jar:7.0.5]
	at org.springframework.security.web.header.HeaderWriterFilter.doHeadersAfter(HeaderWriterFilter.java:90) ~[spring-security-web-7.0.5.jar:7.0.5]
	at org.springframework.security.web.header.HeaderWriterFilter.doFilterInternal(HeaderWriterFilter.java:75) ~[spring-security-web-7.0.5.jar:7.0.5]
	at org.springframework.web.filter.OncePerRequestFilter.doFilter(OncePerRequestFilter.java:116) ~[spring-web-7.0.7.jar:7.0.7]
	at org.springframework.security.web.FilterChainProxy$VirtualFilterChain.doFilter(FilterChainProxy.java:385) ~[spring-security-web-7.0.5.jar:7.0.5]
	at org.springframework.security.web.context.SecurityContextHolderFilter.doFilter(SecurityContextHolderFilter.java:82) ~[spring-security-web-7.0.5.jar:7.0.5]
	at org.springframework.security.web.context.SecurityContextHolderFilter.doFilter(SecurityContextHolderFilter.java:69) ~[spring-security-web-7.0.5.jar:7.0.5]
	at org.springframework.security.web.FilterChainProxy$VirtualFilterChain.doFilter(FilterChainProxy.java:385) ~[spring-security-web-7.0.5.jar:7.0.5]
	at org.springframework.security.web.context.request.async.WebAsyncManagerIntegrationFilter.doFilterInternal(WebAsyncManagerIntegrationFilter.java:62) ~[spring-security-web-7.0.5.jar:7.0.5]
	at org.springframework.web.filter.OncePerRequestFilter.doFilter(OncePerRequestFilter.java:116) ~[spring-web-7.0.7.jar:7.0.7]
	at org.springframework.security.web.FilterChainProxy$VirtualFilterChain.doFilter(FilterChainProxy.java:385) ~[spring-security-web-7.0.5.jar:7.0.5]
	at org.springframework.security.web.session.DisableEncodeUrlFilter.doFilterInternal(DisableEncodeUrlFilter.java:42) ~[spring-security-web-7.0.5.jar:7.0.5]
	at org.springframework.web.filter.OncePerRequestFilter.doFilter(OncePerRequestFilter.java:116) ~[spring-web-7.0.7.jar:7.0.7]
	at org.springframework.security.web.FilterChainProxy$VirtualFilterChain.doFilter(FilterChainProxy.java:385) ~[spring-security-web-7.0.5.jar:7.0.5]
	at org.springframework.security.web.FilterChainProxy.doFilterInternal(FilterChainProxy.java:237) ~[spring-security-web-7.0.5.jar:7.0.5]
	at org.springframework.security.web.FilterChainProxy.doFilter(FilterChainProxy.java:195) ~[spring-security-web-7.0.5.jar:7.0.5]
	at org.springframework.web.filter.CompositeFilter$VirtualFilterChain.doFilter(CompositeFilter.java:113) ~[spring-web-7.0.7.jar:7.0.7]
	at org.springframework.web.filter.ServletRequestPathFilter.doFilter(ServletRequestPathFilter.java:52) ~[spring-web-7.0.7.jar:7.0.7]
	at org.springframework.web.filter.CompositeFilter$VirtualFilterChain.doFilter(CompositeFilter.java:113) ~[spring-web-7.0.7.jar:7.0.7]
	at org.springframework.web.filter.CompositeFilter.doFilter(CompositeFilter.java:74) ~[spring-web-7.0.7.jar:7.0.7]
	at org.springframework.security.config.annotation.web.configuration.WebSecurityConfiguration$CompositeFilterChainProxy.doFilter(WebSecurityConfiguration.java:317) ~[spring-security-config-7.0.5.jar:7.0.5]
	at org.springframework.web.filter.DelegatingFilterProxy.invokeDelegate(DelegatingFilterProxy.java:355) ~[spring-web-7.0.7.jar:7.0.7]
	at org.springframework.web.filter.DelegatingFilterProxy.doFilter(DelegatingFilterProxy.java:272) ~[spring-web-7.0.7.jar:7.0.7]
	at org.apache.catalina.core.ApplicationFilterChain.doFilter(ApplicationFilterChain.java:107) ~[tomcat-embed-core-11.0.21.jar:11.0.21]
	at org.springframework.web.filter.RequestContextFilter.doFilterInternal(RequestContextFilter.java:100) ~[spring-web-7.0.7.jar:7.0.7]
	at org.springframework.web.filter.OncePerRequestFilter.doFilter(OncePerRequestFilter.java:116) ~[spring-web-7.0.7.jar:7.0.7]
	at org.apache.catalina.core.ApplicationFilterChain.doFilter(ApplicationFilterChain.java:107) ~[tomcat-embed-core-11.0.21.jar:11.0.21]
	at org.springframework.web.filter.FormContentFilter.doFilterInternal(FormContentFilter.java:93) ~[spring-web-7.0.7.jar:7.0.7]
	at org.springframework.web.filter.OncePerRequestFilter.doFilter(OncePerRequestFilter.java:116) ~[spring-web-7.0.7.jar:7.0.7]
	at org.apache.catalina.core.ApplicationFilterChain.doFilter(ApplicationFilterChain.java:107) ~[tomcat-embed-core-11.0.21.jar:11.0.21]
	at org.springframework.web.filter.CharacterEncodingFilter.doFilterInternal(CharacterEncodingFilter.java:199) ~[spring-web-7.0.7.jar:7.0.7]
	at org.springframework.web.filter.OncePerRequestFilter.doFilter(OncePerRequestFilter.java:116) ~[spring-web-7.0.7.jar:7.0.7]
	at org.apache.catalina.core.ApplicationFilterChain.doFilter(ApplicationFilterChain.java:107) ~[tomcat-embed-core-11.0.21.jar:11.0.21]
	at org.apache.catalina.core.StandardWrapperValve.invoke(StandardWrapperValve.java:165) ~[tomcat-embed-core-11.0.21.jar:11.0.21]
	at org.apache.catalina.core.StandardContextValve.invoke(StandardContextValve.java:77) ~[tomcat-embed-core-11.0.21.jar:11.0.21]
	at org.apache.catalina.authenticator.AuthenticatorBase.invoke(AuthenticatorBase.java:492) ~[tomcat-embed-core-11.0.21.jar:11.0.21]
	at org.apache.catalina.core.StandardHostValve.invoke(StandardHostValve.java:113) ~[tomcat-embed-core-11.0.21.jar:11.0.21]
	at org.apache.catalina.valves.ErrorReportValve.invoke(ErrorReportValve.java:83) ~[tomcat-embed-core-11.0.21.jar:11.0.21]
	at org.apache.catalina.core.StandardEngineValve.invoke(StandardEngineValve.java:72) ~[tomcat-embed-core-11.0.21.jar:11.0.21]
	at org.apache.catalina.connector.CoyoteAdapter.service(CoyoteAdapter.java:341) ~[tomcat-embed-core-11.0.21.jar:11.0.21]
	at org.apache.coyote.http11.Http11Processor.service(Http11Processor.java:397) ~[tomcat-embed-core-11.0.21.jar:11.0.21]
	at org.apache.coyote.AbstractProcessorLight.process(AbstractProcessorLight.java:63) ~[tomcat-embed-core-11.0.21.jar:11.0.21]
	at org.apache.coyote.AbstractProtocol$ConnectionHandler.process(AbstractProtocol.java:903) ~[tomcat-embed-core-11.0.21.jar:11.0.21]
	at org.apache.tomcat.util.net.NioEndpoint$SocketProcessor.doRun(NioEndpoint.java:1801) ~[tomcat-embed-core-11.0.21.jar:11.0.21]
	at org.apache.tomcat.util.net.SocketProcessorBase.run(SocketProcessorBase.java:52) ~[tomcat-embed-core-11.0.21.jar:11.0.21]
	at org.apache.tomcat.util.threads.ThreadPoolExecutor.runWorker(ThreadPoolExecutor.java:946) ~[tomcat-embed-core-11.0.21.jar:11.0.21]
	at org.apache.tomcat.util.threads.ThreadPoolExecutor$Worker.run(ThreadPoolExecutor.java:480) ~[tomcat-embed-core-11.0.21.jar:11.0.21]
	at org.apache.tomcat.util.threads.TaskThread$WrappingRunnable.run(TaskThread.java:57) ~[tomcat-embed-core-11.0.21.jar:11.0.21]
	at java.base/java.lang.Thread.run(Thread.java:1516) ~[na:na]
Caused by: org.attoparser.ParseException: Error during execution of processor 'org.thymeleaf.standard.processor.StandardEachTagProcessor' (template: "bugs/list" - line 501, col 33)
	at org.attoparser.MarkupParser.parseDocument(MarkupParser.java:393) ~[attoparser-2.0.7.RELEASE.jar:2.0.7.RELEASE]
	at org.attoparser.MarkupParser.parse(MarkupParser.java:257) ~[attoparser-2.0.7.RELEASE.jar:2.0.7.RELEASE]
	at org.thymeleaf.templateparser.markup.AbstractMarkupTemplateParser.parse(AbstractMarkupTemplateParser.java:230) ~[thymeleaf-3.1.5.RELEASE.jar:3.1.5.RELEASE]
	... 95 common frames omitted
Caused by: org.thymeleaf.exceptions.TemplateProcessingException: Error during execution of processor 'org.thymeleaf.standard.processor.StandardEachTagProcessor' (template: "bugs/list" - line 501, col 33)
	at org.thymeleaf.processor.element.AbstractAttributeTagProcessor.doProcess(AbstractAttributeTagProcessor.java:117) ~[thymeleaf-3.1.5.RELEASE.jar:3.1.5.RELEASE]
	at org.thymeleaf.processor.element.AbstractElementTagProcessor.process(AbstractElementTagProcessor.java:95) ~[thymeleaf-3.1.5.RELEASE.jar:3.1.5.RELEASE]
	at org.thymeleaf.util.ProcessorConfigurationUtils$ElementTagProcessorWrapper.process(ProcessorConfigurationUtils.java:633) ~[thymeleaf-3.1.5.RELEASE.jar:3.1.5.RELEASE]
	at org.thymeleaf.engine.ProcessorTemplateHandler.handleOpenElement(ProcessorTemplateHandler.java:1314) ~[thymeleaf-3.1.5.RELEASE.jar:3.1.5.RELEASE]
	at org.thymeleaf.engine.TemplateHandlerAdapterMarkupHandler.handleOpenElementEnd(TemplateHandlerAdapterMarkupHandler.java:304) ~[thymeleaf-3.1.5.RELEASE.jar:3.1.5.RELEASE]
	at org.thymeleaf.templateparser.markup.InlinedOutputExpressionMarkupHandler$InlineMarkupAdapterPreProcessorHandler.handleOpenElementEnd(InlinedOutputExpressionMarkupHandler.java:278) ~[thymeleaf-3.1.5.RELEASE.jar:3.1.5.RELEASE]
	at org.thymeleaf.standard.inline.OutputExpressionInlinePreProcessorHandler.handleOpenElementEnd(OutputExpressionInlinePreProcessorHandler.java:186) ~[thymeleaf-3.1.5.RELEASE.jar:3.1.5.RELEASE]
	at org.thymeleaf.templateparser.markup.InlinedOutputExpressionMarkupHandler.handleOpenElementEnd(InlinedOutputExpressionMarkupHandler.java:124) ~[thymeleaf-3.1.5.RELEASE.jar:3.1.5.RELEASE]
	at org.attoparser.HtmlElement.handleOpenElementEnd(HtmlElement.java:109) ~[attoparser-2.0.7.RELEASE.jar:2.0.7.RELEASE]
	at org.attoparser.HtmlMarkupHandler.handleOpenElementEnd(HtmlMarkupHandler.java:297) ~[attoparser-2.0.7.RELEASE.jar:2.0.7.RELEASE]
	at org.attoparser.MarkupEventProcessorHandler.handleOpenElementEnd(MarkupEventProcessorHandler.java:402) ~[attoparser-2.0.7.RELEASE.jar:2.0.7.RELEASE]
	at org.attoparser.ParsingElementMarkupUtil.parseOpenElement(ParsingElementMarkupUtil.java:159) ~[attoparser-2.0.7.RELEASE.jar:2.0.7.RELEASE]
	at org.attoparser.MarkupParser.parseBuffer(MarkupParser.java:710) ~[attoparser-2.0.7.RELEASE.jar:2.0.7.RELEASE]
	at org.attoparser.MarkupParser.parseDocument(MarkupParser.java:301) ~[attoparser-2.0.7.RELEASE.jar:2.0.7.RELEASE]
	... 97 common frames omitted
Caused by: org.springframework.expression.spel.SpelParseException: Expression [#numbers.sequence(
                                              [[${ [[${ Math.max(1,
                                              currentPage-2) }]] }]],
                                              [[${ Math.min(totalPages,
                                              currentPage+2) }]])] @69: EL1043E: Unexpected token. Expected 'rsquare(])' but was 'lcurly({)'
	at org.springframework.expression.spel.standard.InternalSpelExpressionParser.internalException(InternalSpelExpressionParser.java:1057) ~[spring-expression-7.0.7.jar:7.0.7]
	at org.springframework.expression.spel.standard.InternalSpelExpressionParser.eatToken(InternalSpelExpressionParser.java:938) ~[spring-expression-7.0.7.jar:7.0.7]
	at org.springframework.expression.spel.standard.InternalSpelExpressionParser.maybeEatIndexer(InternalSpelExpressionParser.java:701) ~[spring-expression-7.0.7.jar:7.0.7]
	at org.springframework.expression.spel.standard.InternalSpelExpressionParser.eatStartNode(InternalSpelExpressionParser.java:530) ~[spring-expression-7.0.7.jar:7.0.7]
	at org.springframework.expression.spel.standard.InternalSpelExpressionParser.eatPrimaryExpression(InternalSpelExpressionParser.java:367) ~[spring-expression-7.0.7.jar:7.0.7]
	at org.springframework.expression.spel.standard.InternalSpelExpressionParser.eatUnaryExpression(InternalSpelExpressionParser.java:362) ~[spring-expression-7.0.7.jar:7.0.7]
	at org.springframework.expression.spel.standard.InternalSpelExpressionParser.eatPowerIncDecExpression(InternalSpelExpressionParser.java:316) ~[spring-expression-7.0.7.jar:7.0.7]
	at org.springframework.expression.spel.standard.InternalSpelExpressionParser.eatProductExpression(InternalSpelExpressionParser.java:295) ~[spring-expression-7.0.7.jar:7.0.7]
	at org.springframework.expression.spel.standard.InternalSpelExpressionParser.eatSumExpression(InternalSpelExpressionParser.java:278) ~[spring-expression-7.0.7.jar:7.0.7]
	at org.springframework.expression.spel.standard.InternalSpelExpressionParser.eatRelationalExpression(InternalSpelExpressionParser.java:233) ~[spring-expression-7.0.7.jar:7.0.7]
	at org.springframework.expression.spel.standard.InternalSpelExpressionParser.eatLogicalAndExpression(InternalSpelExpressionParser.java:221) ~[spring-expression-7.0.7.jar:7.0.7]
	at org.springframework.expression.spel.standard.InternalSpelExpressionParser.eatLogicalOrExpression(InternalSpelExpressionParser.java:209) ~[spring-expression-7.0.7.jar:7.0.7]
	at org.springframework.expression.spel.standard.InternalSpelExpressionParser.eatExpression(InternalSpelExpressionParser.java:171) ~[spring-expression-7.0.7.jar:7.0.7]
	at org.springframework.expression.spel.standard.InternalSpelExpressionParser.maybeEatIndexer(InternalSpelExpressionParser.java:697) ~[spring-expression-7.0.7.jar:7.0.7]
	at org.springframework.expression.spel.standard.InternalSpelExpressionParser.eatStartNode(InternalSpelExpressionParser.java:530) ~[spring-expression-7.0.7.jar:7.0.7]
	at org.springframework.expression.spel.standard.InternalSpelExpressionParser.eatPrimaryExpression(InternalSpelExpressionParser.java:367) ~[spring-expression-7.0.7.jar:7.0.7]
	at org.springframework.expression.spel.standard.InternalSpelExpressionParser.eatUnaryExpression(InternalSpelExpressionParser.java:362) ~[spring-expression-7.0.7.jar:7.0.7]
	at org.springframework.expression.spel.standard.InternalSpelExpressionParser.eatPowerIncDecExpression(InternalSpelExpressionParser.java:316) ~[spring-expression-7.0.7.jar:7.0.7]
	at org.springframework.expression.spel.standard.InternalSpelExpressionParser.eatProductExpression(InternalSpelExpressionParser.java:295) ~[spring-expression-7.0.7.jar:7.0.7]
	at org.springframework.expression.spel.standard.InternalSpelExpressionParser.eatSumExpression(InternalSpelExpressionParser.java:278) ~[spring-expression-7.0.7.jar:7.0.7]
	at org.springframework.expression.spel.standard.InternalSpelExpressionParser.eatRelationalExpression(InternalSpelExpressionParser.java:233) ~[spring-expression-7.0.7.jar:7.0.7]
	at org.springframework.expression.spel.standard.InternalSpelExpressionParser.eatLogicalAndExpression(InternalSpelExpressionParser.java:221) ~[spring-expression-7.0.7.jar:7.0.7]
	at org.springframework.expression.spel.standard.InternalSpelExpressionParser.eatLogicalOrExpression(InternalSpelExpressionParser.java:209) ~[spring-expression-7.0.7.jar:7.0.7]
	at org.springframework.expression.spel.standard.InternalSpelExpressionParser.eatExpression(InternalSpelExpressionParser.java:171) ~[spring-expression-7.0.7.jar:7.0.7]
	at org.springframework.expression.spel.standard.InternalSpelExpressionParser.consumeArguments(InternalSpelExpressionParser.java:485) ~[spring-expression-7.0.7.jar:7.0.7]
	at org.springframework.expression.spel.standard.InternalSpelExpressionParser.maybeEatMethodArgs(InternalSpelExpressionParser.java:455) ~[spring-expression-7.0.7.jar:7.0.7]
	at org.springframework.expression.spel.standard.InternalSpelExpressionParser.maybeEatMethodOrProperty(InternalSpelExpressionParser.java:771) ~[spring-expression-7.0.7.jar:7.0.7]
	at org.springframework.expression.spel.standard.InternalSpelExpressionParser.eatDottedNode(InternalSpelExpressionParser.java:412) ~[spring-expression-7.0.7.jar:7.0.7]
	at org.springframework.expression.spel.standard.InternalSpelExpressionParser.eatNode(InternalSpelExpressionParser.java:387) ~[spring-expression-7.0.7.jar:7.0.7]
	at org.springframework.expression.spel.standard.InternalSpelExpressionParser.eatPrimaryExpression(InternalSpelExpressionParser.java:369) ~[spring-expression-7.0.7.jar:7.0.7]
	at org.springframework.expression.spel.standard.InternalSpelExpressionParser.eatUnaryExpression(InternalSpelExpressionParser.java:362) ~[spring-expression-7.0.7.jar:7.0.7]
	at org.springframework.expression.spel.standard.InternalSpelExpressionParser.eatPowerIncDecExpression(InternalSpelExpressionParser.java:316) ~[spring-expression-7.0.7.jar:7.0.7]
	at org.springframework.expression.spel.standard.InternalSpelExpressionParser.eatProductExpression(InternalSpelExpressionParser.java:295) ~[spring-expression-7.0.7.jar:7.0.7]
	at org.springframework.expression.spel.standard.InternalSpelExpressionParser.eatSumExpression(InternalSpelExpressionParser.java:278) ~[spring-expression-7.0.7.jar:7.0.7]
	at org.springframework.expression.spel.standard.InternalSpelExpressionParser.eatRelationalExpression(InternalSpelExpressionParser.java:233) ~[spring-expression-7.0.7.jar:7.0.7]
	at org.springframework.expression.spel.standard.InternalSpelExpressionParser.eatLogicalAndExpression(InternalSpelExpressionParser.java:221) ~[spring-expression-7.0.7.jar:7.0.7]
	at org.springframework.expression.spel.standard.InternalSpelExpressionParser.eatLogicalOrExpression(InternalSpelExpressionParser.java:209) ~[spring-expression-7.0.7.jar:7.0.7]
	at org.springframework.expression.spel.standard.InternalSpelExpressionParser.eatExpression(InternalSpelExpressionParser.java:171) ~[spring-expression-7.0.7.jar:7.0.7]
	at org.springframework.expression.spel.standard.InternalSpelExpressionParser.doParseExpression(InternalSpelExpressionParser.java:141) ~[spring-expression-7.0.7.jar:7.0.7]
	at org.springframework.expression.spel.standard.SpelExpressionParser.doParseExpression(SpelExpressionParser.java:64) ~[spring-expression-7.0.7.jar:7.0.7]
	at org.springframework.expression.spel.standard.SpelExpressionParser.doParseExpression(SpelExpressionParser.java:35) ~[spring-expression-7.0.7.jar:7.0.7]
	at org.springframework.expression.common.TemplateAwareExpressionParser.parseExpression(TemplateAwareExpressionParser.java:63) ~[spring-expression-7.0.7.jar:7.0.7]
	at org.springframework.expression.common.TemplateAwareExpressionParser.parseExpression(TemplateAwareExpressionParser.java:52) ~[spring-expression-7.0.7.jar:7.0.7]
	at org.thymeleaf.spring6.expression.SPELVariableExpressionEvaluator.getExpression(SPELVariableExpressionEvaluator.java:383) ~[thymeleaf-spring6-3.1.5.RELEASE.jar:3.1.5.RELEASE]
	at org.thymeleaf.spring6.expression.SPELVariableExpressionEvaluator.obtainComputedSpelExpression(SPELVariableExpressionEvaluator.java:331) ~[thymeleaf-spring6-3.1.5.RELEASE.jar:3.1.5.RELEASE]
	at org.thymeleaf.spring6.expression.SPELVariableExpressionEvaluator.evaluate(SPELVariableExpressionEvaluator.java:159) ~[thymeleaf-spring6-3.1.5.RELEASE.jar:3.1.5.RELEASE]
	at org.thymeleaf.standard.expression.VariableExpression.executeVariableExpression(VariableExpression.java:166) ~[thymeleaf-3.1.5.RELEASE.jar:3.1.5.RELEASE]
	at org.thymeleaf.standard.expression.SimpleExpression.executeSimple(SimpleExpression.java:66) ~[thymeleaf-3.1.5.RELEASE.jar:3.1.5.RELEASE]
	at org.thymeleaf.standard.expression.Expression.execute(Expression.java:109) ~[thymeleaf-3.1.5.RELEASE.jar:3.1.5.RELEASE]
	at org.thymeleaf.standard.expression.Expression.execute(Expression.java:138) ~[thymeleaf-3.1.5.RELEASE.jar:3.1.5.RELEASE]
	at org.thymeleaf.standard.expression.Expression.execute(Expression.java:125) ~[thymeleaf-3.1.5.RELEASE.jar:3.1.5.RELEASE]
	at org.thymeleaf.standard.processor.StandardEachTagProcessor.doProcess(StandardEachTagProcessor.java:73) ~[thymeleaf-3.1.5.RELEASE.jar:3.1.5.RELEASE]
	at org.thymeleaf.processor.element.AbstractAttributeTagProcessor.doProcess(AbstractAttributeTagProcessor.java:74) ~[thymeleaf-3.1.5.RELEASE.jar:3.1.5.RELEASE]
	... 110 common frames omitted

2026-08-10T15:43:55.048+05:30 ERROR 13208 --- [Bug Tracking System] [http-nio-8081-exec-6] o.a.c.c.C.[.[.[/].[dispatcherServlet]    : Servlet.service() for servlet [dispatcherServlet] in context with path [] threw exception [Request processing failed: org.thymeleaf.exceptions.TemplateInputException: An error happened during template parsing (template: "class path resource [templates/bugs/list.html]")] with root cause

org.springframework.expression.spel.SpelParseException: Expression [#numbers.sequence(
                                              [[${ [[${ Math.max(1,
                                              currentPage-2) }]] }]],
                                              [[${ Math.min(totalPages,
                                              currentPage+2) }]])] @69: EL1043E: Unexpected token. Expected 'rsquare(])' but was 'lcurly({)'
	at org.springframework.expression.spel.standard.InternalSpelExpressionParser.internalException(InternalSpelExpressionParser.java:1057) ~[spring-expression-7.0.7.jar:7.0.7]
	at org.springframework.expression.spel.standard.InternalSpelExpressionParser.eatToken(InternalSpelExpressionParser.java:938) ~[spring-expression-7.0.7.jar:7.0.7]
	at org.springframework.expression.spel.standard.InternalSpelExpressionParser.maybeEatIndexer(InternalSpelExpressionParser.java:701) ~[spring-expression-7.0.7.jar:7.0.7]
	at org.springframework.expression.spel.standard.InternalSpelExpressionParser.eatStartNode(InternalSpelExpressionParser.java:530) ~[spring-expression-7.0.7.jar:7.0.7]
	at org.springframework.expression.spel.standard.InternalSpelExpressionParser.eatPrimaryExpression(InternalSpelExpressionParser.java:367) ~[spring-expression-7.0.7.jar:7.0.7]
	at org.springframework.expression.spel.standard.InternalSpelExpressionParser.eatUnaryExpression(InternalSpelExpressionParser.java:362) ~[spring-expression-7.0.7.jar:7.0.7]
	at org.springframework.expression.spel.standard.InternalSpelExpressionParser.eatPowerIncDecExpression(InternalSpelExpressionParser.java:316) ~[spring-expression-7.0.7.jar:7.0.7]
	at org.springframework.expression.spel.standard.InternalSpelExpressionParser.eatProductExpression(InternalSpelExpressionParser.java:295) ~[spring-expression-7.0.7.jar:7.0.7]
	at org.springframework.expression.spel.standard.InternalSpelExpressionParser.eatSumExpression(InternalSpelExpressionParser.java:278) ~[spring-expression-7.0.7.jar:7.0.7]
	at org.springframework.expression.spel.standard.InternalSpelExpressionParser.eatRelationalExpression(InternalSpelExpressionParser.java:233) ~[spring-expression-7.0.7.jar:7.0.7]
	at org.springframework.expression.spel.standard.InternalSpelExpressionParser.eatLogicalAndExpression(InternalSpelExpressionParser.java:221) ~[spring-expression-7.0.7.jar:7.0.7]
	at org.springframework.expression.spel.standard.InternalSpelExpressionParser.eatLogicalOrExpression(InternalSpelExpressionParser.java:209) ~[spring-expression-7.0.7.jar:7.0.7]
	at org.springframework.expression.spel.standard.InternalSpelExpressionParser.eatExpression(InternalSpelExpressionParser.java:171) ~[spring-expression-7.0.7.jar:7.0.7]
	at org.springframework.expression.spel.standard.InternalSpelExpressionParser.maybeEatIndexer(InternalSpelExpressionParser.java:697) ~[spring-expression-7.0.7.jar:7.0.7]
	at org.springframework.expression.spel.standard.InternalSpelExpressionParser.eatStartNode(InternalSpelExpressionParser.java:530) ~[spring-expression-7.0.7.jar:7.0.7]
	at org.springframework.expression.spel.standard.InternalSpelExpressionParser.eatPrimaryExpression(InternalSpelExpressionParser.java:367) ~[spring-expression-7.0.7.jar:7.0.7]
	at org.springframework.expression.spel.standard.InternalSpelExpressionParser.eatUnaryExpression(InternalSpelExpressionParser.java:362) ~[spring-expression-7.0.7.jar:7.0.7]
	at org.springframework.expression.spel.standard.InternalSpelExpressionParser.eatPowerIncDecExpression(InternalSpelExpressionParser.java:316) ~[spring-expression-7.0.7.jar:7.0.7]
	at org.springframework.expression.spel.standard.InternalSpelExpressionParser.eatProductExpression(InternalSpelExpressionParser.java:295) ~[spring-expression-7.0.7.jar:7.0.7]
	at org.springframework.expression.spel.standard.InternalSpelExpressionParser.eatSumExpression(InternalSpelExpressionParser.java:278) ~[spring-expression-7.0.7.jar:7.0.7]
	at org.springframework.expression.spel.standard.InternalSpelExpressionParser.eatRelationalExpression(InternalSpelExpressionParser.java:233) ~[spring-expression-7.0.7.jar:7.0.7]
	at org.springframework.expression.spel.standard.InternalSpelExpressionParser.eatLogicalAndExpression(InternalSpelExpressionParser.java:221) ~[spring-expression-7.0.7.jar:7.0.7]
	at org.springframework.expression.spel.standard.InternalSpelExpressionParser.eatLogicalOrExpression(InternalSpelExpressionParser.java:209) ~[spring-expression-7.0.7.jar:7.0.7]
	at org.springframework.expression.spel.standard.InternalSpelExpressionParser.eatExpression(InternalSpelExpressionParser.java:171) ~[spring-expression-7.0.7.jar:7.0.7]
	at org.springframework.expression.spel.standard.InternalSpelExpressionParser.consumeArguments(InternalSpelExpressionParser.java:485) ~[spring-expression-7.0.7.jar:7.0.7]
	at org.springframework.expression.spel.standard.InternalSpelExpressionParser.maybeEatMethodArgs(InternalSpelExpressionParser.java:455) ~[spring-expression-7.0.7.jar:7.0.7]
	at org.springframework.expression.spel.standard.InternalSpelExpressionParser.maybeEatMethodOrProperty(InternalSpelExpressionParser.java:771) ~[spring-expression-7.0.7.jar:7.0.7]
	at org.springframework.expression.spel.standard.InternalSpelExpressionParser.eatDottedNode(InternalSpelExpressionParser.java:412) ~[spring-expression-7.0.7.jar:7.0.7]
	at org.springframework.expression.spel.standard.InternalSpelExpressionParser.eatNode(InternalSpelExpressionParser.java:387) ~[spring-expression-7.0.7.jar:7.0.7]
	at org.springframework.expression.spel.standard.InternalSpelExpressionParser.eatPrimaryExpression(InternalSpelExpressionParser.java:369) ~[spring-expression-7.0.7.jar:7.0.7]
	at org.springframework.expression.spel.standard.InternalSpelExpressionParser.eatUnaryExpression(InternalSpelExpressionParser.java:362) ~[spring-expression-7.0.7.jar:7.0.7]
	at org.springframework.expression.spel.standard.InternalSpelExpressionParser.eatPowerIncDecExpression(InternalSpelExpressionParser.java:316) ~[spring-expression-7.0.7.jar:7.0.7]
	at org.springframework.expression.spel.standard.InternalSpelExpressionParser.eatProductExpression(InternalSpelExpressionParser.java:295) ~[spring-expression-7.0.7.jar:7.0.7]
	at org.springframework.expression.spel.standard.InternalSpelExpressionParser.eatSumExpression(InternalSpelExpressionParser.java:278) ~[spring-expression-7.0.7.jar:7.0.7]
	at org.springframework.expression.spel.standard.InternalSpelExpressionParser.eatRelationalExpression(InternalSpelExpressionParser.java:233) ~[spring-expression-7.0.7.jar:7.0.7]
	at org.springframework.expression.spel.standard.InternalSpelExpressionParser.eatLogicalAndExpression(InternalSpelExpressionParser.java:221) ~[spring-expression-7.0.7.jar:7.0.7]
	at org.springframework.expression.spel.standard.InternalSpelExpressionParser.eatLogicalOrExpression(InternalSpelExpressionParser.java:209) ~[spring-expression-7.0.7.jar:7.0.7]
	at org.springframework.expression.spel.standard.InternalSpelExpressionParser.eatExpression(InternalSpelExpressionParser.java:171) ~[spring-expression-7.0.7.jar:7.0.7]
	at org.springframework.expression.spel.standard.InternalSpelExpressionParser.doParseExpression(InternalSpelExpressionParser.java:141) ~[spring-expression-7.0.7.jar:7.0.7]
	at org.springframework.expression.spel.standard.SpelExpressionParser.doParseExpression(SpelExpressionParser.java:64) ~[spring-expression-7.0.7.jar:7.0.7]
	at org.springframework.expression.spel.standard.SpelExpressionParser.doParseExpression(SpelExpressionParser.java:35) ~[spring-expression-7.0.7.jar:7.0.7]
	at org.springframework.expression.common.TemplateAwareExpressionParser.parseExpression(TemplateAwareExpressionParser.java:63) ~[spring-expression-7.0.7.jar:7.0.7]
	at org.springframework.expression.common.TemplateAwareExpressionParser.parseExpression(TemplateAwareExpressionParser.java:52) ~[spring-expression-7.0.7.jar:7.0.7]
	at org.thymeleaf.spring6.expression.SPELVariableExpressionEvaluator.getExpression(SPELVariableExpressionEvaluator.java:383) ~[thymeleaf-spring6-3.1.5.RELEASE.jar:3.1.5.RELEASE]
	at org.thymeleaf.spring6.expression.SPELVariableExpressionEvaluator.obtainComputedSpelExpression(SPELVariableExpressionEvaluator.java:331) ~[thymeleaf-spring6-3.1.5.RELEASE.jar:3.1.5.RELEASE]
	at org.thymeleaf.spring6.expression.SPELVariableExpressionEvaluator.evaluate(SPELVariableExpressionEvaluator.java:159) ~[thymeleaf-spring6-3.1.5.RELEASE.jar:3.1.5.RELEASE]
	at org.thymeleaf.standard.expression.VariableExpression.executeVariableExpression(VariableExpression.java:166) ~[thymeleaf-3.1.5.RELEASE.jar:3.1.5.RELEASE]
	at org.thymeleaf.standard.expression.SimpleExpression.executeSimple(SimpleExpression.java:66) ~[thymeleaf-3.1.5.RELEASE.jar:3.1.5.RELEASE]
	at org.thymeleaf.standard.expression.Expression.execute(Expression.java:109) ~[thymeleaf-3.1.5.RELEASE.jar:3.1.5.RELEASE]
	at org.thymeleaf.standard.expression.Expression.execute(Expression.java:138) ~[thymeleaf-3.1.5.RELEASE.jar:3.1.5.RELEASE]
	at org.thymeleaf.standard.expression.Expression.execute(Expression.java:125) ~[thymeleaf-3.1.5.RELEASE.jar:3.1.5.RELEASE]
	at org.thymeleaf.standard.processor.StandardEachTagProcessor.doProcess(StandardEachTagProcessor.java:73) ~[thymeleaf-3.1.5.RELEASE.jar:3.1.5.RELEASE]
	at org.thymeleaf.processor.element.AbstractAttributeTagProcessor.doProcess(AbstractAttributeTagProcessor.java:74) ~[thymeleaf-3.1.5.RELEASE.jar:3.1.5.RELEASE]
	at org.thymeleaf.processor.element.AbstractElementTagProcessor.process(AbstractElementTagProcessor.java:95) ~[thymeleaf-3.1.5.RELEASE.jar:3.1.5.RELEASE]
	at org.thymeleaf.util.ProcessorConfigurationUtils$ElementTagProcessorWrapper.process(ProcessorConfigurationUtils.java:633) ~[thymeleaf-3.1.5.RELEASE.jar:3.1.5.RELEASE]
	at org.thymeleaf.engine.ProcessorTemplateHandler.handleOpenElement(ProcessorTemplateHandler.java:1314) ~[thymeleaf-3.1.5.RELEASE.jar:3.1.5.RELEASE]
	at org.thymeleaf.engine.TemplateHandlerAdapterMarkupHandler.handleOpenElementEnd(TemplateHandlerAdapterMarkupHandler.java:304) ~[thymeleaf-3.1.5.RELEASE.jar:3.1.5.RELEASE]
	at org.thymeleaf.templateparser.markup.InlinedOutputExpressionMarkupHandler$InlineMarkupAdapterPreProcessorHandler.handleOpenElementEnd(InlinedOutputExpressionMarkupHandler.java:278) ~[thymeleaf-3.1.5.RELEASE.jar:3.1.5.RELEASE]
	at org.thymeleaf.standard.inline.OutputExpressionInlinePreProcessorHandler.handleOpenElementEnd(OutputExpressionInlinePreProcessorHandler.java:186) ~[thymeleaf-3.1.5.RELEASE.jar:3.1.5.RELEASE]
	at org.thymeleaf.templateparser.markup.InlinedOutputExpressionMarkupHandler.handleOpenElementEnd(InlinedOutputExpressionMarkupHandler.java:124) ~[thymeleaf-3.1.5.RELEASE.jar:3.1.5.RELEASE]
	at org.attoparser.HtmlElement.handleOpenElementEnd(HtmlElement.java:109) ~[attoparser-2.0.7.RELEASE.jar:2.0.7.RELEASE]
	at org.attoparser.HtmlMarkupHandler.handleOpenElementEnd(HtmlMarkupHandler.java:297) ~[attoparser-2.0.7.RELEASE.jar:2.0.7.RELEASE]
	at org.attoparser.MarkupEventProcessorHandler.handleOpenElementEnd(MarkupEventProcessorHandler.java:402) ~[attoparser-2.0.7.RELEASE.jar:2.0.7.RELEASE]
	at org.attoparser.ParsingElementMarkupUtil.parseOpenElement(ParsingElementMarkupUtil.java:159) ~[attoparser-2.0.7.RELEASE.jar:2.0.7.RELEASE]
	at org.attoparser.MarkupParser.parseBuffer(MarkupParser.java:710) ~[attoparser-2.0.7.RELEASE.jar:2.0.7.RELEASE]
	at org.attoparser.MarkupParser.parseDocument(MarkupParser.java:301) ~[attoparser-2.0.7.RELEASE.jar:2.0.7.RELEASE]
	at org.attoparser.MarkupParser.parse(MarkupParser.java:257) ~[attoparser-2.0.7.RELEASE.jar:2.0.7.RELEASE]
	at org.thymeleaf.templateparser.markup.AbstractMarkupTemplateParser.parse(AbstractMarkupTemplateParser.java:230) ~[thymeleaf-3.1.5.RELEASE.jar:3.1.5.RELEASE]
	at org.thymeleaf.templateparser.markup.AbstractMarkupTemplateParser.parseStandalone(AbstractMarkupTemplateParser.java:100) ~[thymeleaf-3.1.5.RELEASE.jar:3.1.5.RELEASE]
	at org.thymeleaf.engine.TemplateManager.parseAndProcess(TemplateManager.java:666) ~[thymeleaf-3.1.5.RELEASE.jar:3.1.5.RELEASE]
	at org.thymeleaf.TemplateEngine.process(TemplateEngine.java:1103) ~[thymeleaf-3.1.5.RELEASE.jar:3.1.5.RELEASE]
	at org.thymeleaf.TemplateEngine.process(TemplateEngine.java:1077) ~[thymeleaf-3.1.5.RELEASE.jar:3.1.5.RELEASE]
	at org.thymeleaf.spring6.view.ThymeleafView.renderFragment(ThymeleafView.java:374) ~[thymeleaf-spring6-3.1.5.RELEASE.jar:3.1.5.RELEASE]
	at org.thymeleaf.spring6.view.ThymeleafView.render(ThymeleafView.java:193) ~[thymeleaf-spring6-3.1.5.RELEASE.jar:3.1.5.RELEASE]
	at org.springframework.web.servlet.DispatcherServlet.render(DispatcherServlet.java:1305) ~[spring-webmvc-7.0.7.jar:7.0.7]
	at org.springframework.web.servlet.DispatcherServlet.processDispatchResult(DispatcherServlet.java:1042) ~[spring-webmvc-7.0.7.jar:7.0.7]
	at org.springframework.web.servlet.DispatcherServlet.doDispatch(DispatcherServlet.java:980) ~[spring-webmvc-7.0.7.jar:7.0.7]
	at org.springframework.web.servlet.DispatcherServlet.doService(DispatcherServlet.java:866) ~[spring-webmvc-7.0.7.jar:7.0.7]
	at org.springframework.web.servlet.FrameworkServlet.processRequest(FrameworkServlet.java:1000) ~[spring-webmvc-7.0.7.jar:7.0.7]
	at org.springframework.web.servlet.FrameworkServlet.doGet(FrameworkServlet.java:892) ~[spring-webmvc-7.0.7.jar:7.0.7]
	at jakarta.servlet.http.HttpServlet.service(HttpServlet.java:622) ~[tomcat-embed-core-11.0.21.jar:6.1]
	at org.springframework.web.servlet.FrameworkServlet.service(FrameworkServlet.java:874) ~[spring-webmvc-7.0.7.jar:7.0.7]
	at jakarta.servlet.http.HttpServlet.service(HttpServlet.java:710) ~[tomcat-embed-core-11.0.21.jar:6.1]
	at org.apache.catalina.core.ApplicationFilterChain.doFilter(ApplicationFilterChain.java:128) ~[tomcat-embed-core-11.0.21.jar:11.0.21]
	at org.apache.tomcat.websocket.server.WsFilter.doFilter(WsFilter.java:53) ~[tomcat-embed-websocket-11.0.21.jar:11.0.21]
	at org.apache.catalina.core.ApplicationFilterChain.doFilter(ApplicationFilterChain.java:107) ~[tomcat-embed-core-11.0.21.jar:11.0.21]
	at org.springframework.web.filter.CompositeFilter$VirtualFilterChain.doFilter(CompositeFilter.java:108) ~[spring-web-7.0.7.jar:7.0.7]
	at org.springframework.security.web.FilterChainProxy.lambda$doFilterInternal$3(FilterChainProxy.java:235) ~[spring-security-web-7.0.5.jar:7.0.5]
	at org.springframework.security.web.FilterChainProxy$VirtualFilterChain.doFilter(FilterChainProxy.java:376) ~[spring-security-web-7.0.5.jar:7.0.5]
	at org.springframework.security.web.access.intercept.AuthorizationFilter.doFilter(AuthorizationFilter.java:101) ~[spring-security-web-7.0.5.jar:7.0.5]
	at org.springframework.security.web.FilterChainProxy$VirtualFilterChain.doFilter(FilterChainProxy.java:385) ~[spring-security-web-7.0.5.jar:7.0.5]
	at org.springframework.security.web.access.ExceptionTranslationFilter.doFilter(ExceptionTranslationFilter.java:126) ~[spring-security-web-7.0.5.jar:7.0.5]
	at org.springframework.security.web.access.ExceptionTranslationFilter.doFilter(ExceptionTranslationFilter.java:120) ~[spring-security-web-7.0.5.jar:7.0.5]
	at org.springframework.security.web.FilterChainProxy$VirtualFilterChain.doFilter(FilterChainProxy.java:385) ~[spring-security-web-7.0.5.jar:7.0.5]
	at org.springframework.security.web.session.SessionManagementFilter.doFilter(SessionManagementFilter.java:132) ~[spring-security-web-7.0.5.jar:7.0.5]
	at org.springframework.security.web.session.SessionManagementFilter.doFilter(SessionManagementFilter.java:86) ~[spring-security-web-7.0.5.jar:7.0.5]
	at org.springframework.security.web.FilterChainProxy$VirtualFilterChain.doFilter(FilterChainProxy.java:385) ~[spring-security-web-7.0.5.jar:7.0.5]
	at org.springframework.security.web.authentication.AnonymousAuthenticationFilter.doFilter(AnonymousAuthenticationFilter.java:100) ~[spring-security-web-7.0.5.jar:7.0.5]
	at org.springframework.security.web.FilterChainProxy$VirtualFilterChain.doFilter(FilterChainProxy.java:385) ~[spring-security-web-7.0.5.jar:7.0.5]
	at org.springframework.security.web.servletapi.SecurityContextHolderAwareRequestFilter.doFilter(SecurityContextHolderAwareRequestFilter.java:181) ~[spring-security-web-7.0.5.jar:7.0.5]
	at org.springframework.security.web.FilterChainProxy$VirtualFilterChain.doFilter(FilterChainProxy.java:385) ~[spring-security-web-7.0.5.jar:7.0.5]
	at org.springframework.security.web.savedrequest.RequestCacheAwareFilter.doFilter(RequestCacheAwareFilter.java:63) ~[spring-security-web-7.0.5.jar:7.0.5]
	at org.springframework.security.web.FilterChainProxy$VirtualFilterChain.doFilter(FilterChainProxy.java:385) ~[spring-security-web-7.0.5.jar:7.0.5]
	at org.springframework.security.web.session.ConcurrentSessionFilter.doFilter(ConcurrentSessionFilter.java:153) ~[spring-security-web-7.0.5.jar:7.0.5]
	at org.springframework.security.web.session.ConcurrentSessionFilter.doFilter(ConcurrentSessionFilter.java:131) ~[spring-security-web-7.0.5.jar:7.0.5]
	at org.springframework.security.web.FilterChainProxy$VirtualFilterChain.doFilter(FilterChainProxy.java:385) ~[spring-security-web-7.0.5.jar:7.0.5]
	at org.springframework.security.web.authentication.AbstractAuthenticationProcessingFilter.doFilter(AbstractAuthenticationProcessingFilter.java:245) ~[spring-security-web-7.0.5.jar:7.0.5]
	at org.springframework.security.web.authentication.AbstractAuthenticationProcessingFilter.doFilter(AbstractAuthenticationProcessingFilter.java:239) ~[spring-security-web-7.0.5.jar:7.0.5]
	at org.springframework.security.web.FilterChainProxy$VirtualFilterChain.doFilter(FilterChainProxy.java:385) ~[spring-security-web-7.0.5.jar:7.0.5]
	at org.springframework.security.web.authentication.logout.LogoutFilter.doFilter(LogoutFilter.java:110) ~[spring-security-web-7.0.5.jar:7.0.5]
	at org.springframework.security.web.authentication.logout.LogoutFilter.doFilter(LogoutFilter.java:96) ~[spring-security-web-7.0.5.jar:7.0.5]
	at org.springframework.security.web.FilterChainProxy$VirtualFilterChain.doFilter(FilterChainProxy.java:385) ~[spring-security-web-7.0.5.jar:7.0.5]
	at org.springframework.security.web.csrf.CsrfFilter.doFilterInternal(CsrfFilter.java:118) ~[spring-security-web-7.0.5.jar:7.0.5]
	at org.springframework.web.filter.OncePerRequestFilter.doFilter(OncePerRequestFilter.java:116) ~[spring-web-7.0.7.jar:7.0.7]
	at org.springframework.security.web.FilterChainProxy$VirtualFilterChain.doFilter(FilterChainProxy.java:385) ~[spring-security-web-7.0.5.jar:7.0.5]
	at org.springframework.security.web.header.HeaderWriterFilter.doHeadersAfter(HeaderWriterFilter.java:90) ~[spring-security-web-7.0.5.jar:7.0.5]
	at org.springframework.security.web.header.HeaderWriterFilter.doFilterInternal(HeaderWriterFilter.java:75) ~[spring-security-web-7.0.5.jar:7.0.5]
	at org.springframework.web.filter.OncePerRequestFilter.doFilter(OncePerRequestFilter.java:116) ~[spring-web-7.0.7.jar:7.0.7]
	at org.springframework.security.web.FilterChainProxy$VirtualFilterChain.doFilter(FilterChainProxy.java:385) ~[spring-security-web-7.0.5.jar:7.0.5]
	at org.springframework.security.web.context.SecurityContextHolderFilter.doFilter(SecurityContextHolderFilter.java:82) ~[spring-security-web-7.0.5.jar:7.0.5]
	at org.springframework.security.web.context.SecurityContextHolderFilter.doFilter(SecurityContextHolderFilter.java:69) ~[spring-security-web-7.0.5.jar:7.0.5]
	at org.springframework.security.web.FilterChainProxy$VirtualFilterChain.doFilter(FilterChainProxy.java:385) ~[spring-security-web-7.0.5.jar:7.0.5]
	at org.springframework.security.web.context.request.async.WebAsyncManagerIntegrationFilter.doFilterInternal(WebAsyncManagerIntegrationFilter.java:62) ~[spring-security-web-7.0.5.jar:7.0.5]
	at org.springframework.web.filter.OncePerRequestFilter.doFilter(OncePerRequestFilter.java:116) ~[spring-web-7.0.7.jar:7.0.7]
	at org.springframework.security.web.FilterChainProxy$VirtualFilterChain.doFilter(FilterChainProxy.java:385) ~[spring-security-web-7.0.5.jar:7.0.5]
	at org.springframework.security.web.session.DisableEncodeUrlFilter.doFilterInternal(DisableEncodeUrlFilter.java:42) ~[spring-security-web-7.0.5.jar:7.0.5]
	at org.springframework.web.filter.OncePerRequestFilter.doFilter(OncePerRequestFilter.java:116) ~[spring-web-7.0.7.jar:7.0.7]
	at org.springframework.security.web.FilterChainProxy$VirtualFilterChain.doFilter(FilterChainProxy.java:385) ~[spring-security-web-7.0.5.jar:7.0.5]
	at org.springframework.security.web.FilterChainProxy.doFilterInternal(FilterChainProxy.java:237) ~[spring-security-web-7.0.5.jar:7.0.5]
	at org.springframework.security.web.FilterChainProxy.doFilter(FilterChainProxy.java:195) ~[spring-security-web-7.0.5.jar:7.0.5]
	at org.springframework.web.filter.CompositeFilter$VirtualFilterChain.doFilter(CompositeFilter.java:113) ~[spring-web-7.0.7.jar:7.0.7]
	at org.springframework.web.filter.ServletRequestPathFilter.doFilter(ServletRequestPathFilter.java:52) ~[spring-web-7.0.7.jar:7.0.7]
	at org.springframework.web.filter.CompositeFilter$VirtualFilterChain.doFilter(CompositeFilter.java:113) ~[spring-web-7.0.7.jar:7.0.7]
	at org.springframework.web.filter.CompositeFilter.doFilter(CompositeFilter.java:74) ~[spring-web-7.0.7.jar:7.0.7]
	at org.springframework.security.config.annotation.web.configuration.WebSecurityConfiguration$CompositeFilterChainProxy.doFilter(WebSecurityConfiguration.java:317) ~[spring-security-config-7.0.5.jar:7.0.5]
	at org.springframework.web.filter.DelegatingFilterProxy.invokeDelegate(DelegatingFilterProxy.java:355) ~[spring-web-7.0.7.jar:7.0.7]
	at org.springframework.web.filter.DelegatingFilterProxy.doFilter(DelegatingFilterProxy.java:272) ~[spring-web-7.0.7.jar:7.0.7]
	at org.apache.catalina.core.ApplicationFilterChain.doFilter(ApplicationFilterChain.java:107) ~[tomcat-embed-core-11.0.21.jar:11.0.21]
	at org.springframework.web.filter.RequestContextFilter.doFilterInternal(RequestContextFilter.java:100) ~[spring-web-7.0.7.jar:7.0.7]
	at org.springframework.web.filter.OncePerRequestFilter.doFilter(OncePerRequestFilter.java:116) ~[spring-web-7.0.7.jar:7.0.7]
	at org.apache.catalina.core.ApplicationFilterChain.doFilter(ApplicationFilterChain.java:107) ~[tomcat-embed-core-11.0.21.jar:11.0.21]
	at org.springframework.web.filter.FormContentFilter.doFilterInternal(FormContentFilter.java:93) ~[spring-web-7.0.7.jar:7.0.7]
	at org.springframework.web.filter.OncePerRequestFilter.doFilter(OncePerRequestFilter.java:116) ~[spring-web-7.0.7.jar:7.0.7]
	at org.apache.catalina.core.ApplicationFilterChain.doFilter(ApplicationFilterChain.java:107) ~[tomcat-embed-core-11.0.21.jar:11.0.21]
	at org.springframework.web.filter.CharacterEncodingFilter.doFilterInternal(CharacterEncodingFilter.java:199) ~[spring-web-7.0.7.jar:7.0.7]
	at org.springframework.web.filter.OncePerRequestFilter.doFilter(OncePerRequestFilter.java:116) ~[spring-web-7.0.7.jar:7.0.7]
	at org.apache.catalina.core.ApplicationFilterChain.doFilter(ApplicationFilterChain.java:107) ~[tomcat-embed-core-11.0.21.jar:11.0.21]
	at org.apache.catalina.core.StandardWrapperValve.invoke(StandardWrapperValve.java:165) ~[tomcat-embed-core-11.0.21.jar:11.0.21]
	at org.apache.catalina.core.StandardContextValve.invoke(StandardContextValve.java:77) ~[tomcat-embed-core-11.0.21.jar:11.0.21]
	at org.apache.catalina.authenticator.AuthenticatorBase.invoke(AuthenticatorBase.java:492) ~[tomcat-embed-core-11.0.21.jar:11.0.21]
	at org.apache.catalina.core.StandardHostValve.invoke(StandardHostValve.java:113) ~[tomcat-embed-core-11.0.21.jar:11.0.21]
	at org.apache.catalina.valves.ErrorReportValve.invoke(ErrorReportValve.java:83) ~[tomcat-embed-core-11.0.21.jar:11.0.21]
	at org.apache.catalina.core.StandardEngineValve.invoke(StandardEngineValve.java:72) ~[tomcat-embed-core-11.0.21.jar:11.0.21]
	at org.apache.catalina.connector.CoyoteAdapter.service(CoyoteAdapter.java:341) ~[tomcat-embed-core-11.0.21.jar:11.0.21]
	at org.apache.coyote.http11.Http11Processor.service(Http11Processor.java:397) ~[tomcat-embed-core-11.0.21.jar:11.0.21]
	at org.apache.coyote.AbstractProcessorLight.process(AbstractProcessorLight.java:63) ~[tomcat-embed-core-11.0.21.jar:11.0.21]
	at org.apache.coyote.AbstractProtocol$ConnectionHandler.process(AbstractProtocol.java:903) ~[tomcat-embed-core-11.0.21.jar:11.0.21]
	at org.apache.tomcat.util.net.NioEndpoint$SocketProcessor.doRun(NioEndpoint.java:1801) ~[tomcat-embed-core-11.0.21.jar:11.0.21]
	at org.apache.tomcat.util.net.SocketProcessorBase.run(SocketProcessorBase.java:52) ~[tomcat-embed-core-11.0.21.jar:11.0.21]
	at org.apache.tomcat.util.threads.ThreadPoolExecutor.runWorker(ThreadPoolExecutor.java:946) ~[tomcat-embed-core-11.0.21.jar:11.0.21]
	at org.apache.tomcat.util.threads.ThreadPoolExecutor$Worker.run(ThreadPoolExecutor.java:480) ~[tomcat-embed-core-11.0.21.jar:11.0.21]
	at org.apache.tomcat.util.threads.TaskThread$WrappingRunnable.run(TaskThread.java:57) ~[tomcat-embed-core-11.0.21.jar:11.0.21]
	at java.base/java.lang.Thread.run(Thread.java:1516) ~[na:na]

2026-08-10T15:43:55.079+05:30 ERROR 13208 --- [Bug Tracking System] [http-nio-8081-exec-6] a.e.ErrorMvcAutoConfiguration$StaticView : Cannot render error page for request [/bugs] and exception [An error happened during template parsing (template: "class path resource [templates/bugs/list.html]")] as the response has already been committed. As a result, the response may have the wrong status code.
2026-08-10T15:51:00.076+05:30 ERROR 13208 --- [Bug Tracking System] [http-nio-8081-exec-8] org.thymeleaf.TemplateEngine             : [THYMELEAF][http-nio-8081-exec-8] Exception processing template "bugs/list": An error happened during template parsing (template: "class path resource [templates/bugs/list.html]")

org.thymeleaf.exceptions.TemplateInputException: An error happened during template parsing (template: "class path resource [templates/bugs/list.html]")
	at org.thymeleaf.templateparser.markup.AbstractMarkupTemplateParser.parse(AbstractMarkupTemplateParser.java:241) ~[thymeleaf-3.1.5.RELEASE.jar:3.1.5.RELEASE]
	at org.thymeleaf.templateparser.markup.AbstractMarkupTemplateParser.parseStandalone(AbstractMarkupTemplateParser.java:100) ~[thymeleaf-3.1.5.RELEASE.jar:3.1.5.RELEASE]
	at org.thymeleaf.engine.TemplateManager.parseAndProcess(TemplateManager.java:666) ~[thymeleaf-3.1.5.RELEASE.jar:3.1.5.RELEASE]
	at org.thymeleaf.TemplateEngine.process(TemplateEngine.java:1103) ~[thymeleaf-3.1.5.RELEASE.jar:3.1.5.RELEASE]
	at org.thymeleaf.TemplateEngine.process(TemplateEngine.java:1077) ~[thymeleaf-3.1.5.RELEASE.jar:3.1.5.RELEASE]
	at org.thymeleaf.spring6.view.ThymeleafView.renderFragment(ThymeleafView.java:374) ~[thymeleaf-spring6-3.1.5.RELEASE.jar:3.1.5.RELEASE]
	at org.thymeleaf.spring6.view.ThymeleafView.render(ThymeleafView.java:193) ~[thymeleaf-spring6-3.1.5.RELEASE.jar:3.1.5.RELEASE]
	at org.springframework.web.servlet.DispatcherServlet.render(DispatcherServlet.java:1305) ~[spring-webmvc-7.0.7.jar:7.0.7]
	at org.springframework.web.servlet.DispatcherServlet.processDispatchResult(DispatcherServlet.java:1042) ~[spring-webmvc-7.0.7.jar:7.0.7]
	at org.springframework.web.servlet.DispatcherServlet.doDispatch(DispatcherServlet.java:980) ~[spring-webmvc-7.0.7.jar:7.0.7]
	at org.springframework.web.servlet.DispatcherServlet.doService(DispatcherServlet.java:866) ~[spring-webmvc-7.0.7.jar:7.0.7]
	at org.springframework.web.servlet.FrameworkServlet.processRequest(FrameworkServlet.java:1000) ~[spring-webmvc-7.0.7.jar:7.0.7]
	at org.springframework.web.servlet.FrameworkServlet.doGet(FrameworkServlet.java:892) ~[spring-webmvc-7.0.7.jar:7.0.7]
	at jakarta.servlet.http.HttpServlet.service(HttpServlet.java:622) ~[tomcat-embed-core-11.0.21.jar:6.1]
	at org.springframework.web.servlet.FrameworkServlet.service(FrameworkServlet.java:874) ~[spring-webmvc-7.0.7.jar:7.0.7]
	at jakarta.servlet.http.HttpServlet.service(HttpServlet.java:710) ~[tomcat-embed-core-11.0.21.jar:6.1]
	at org.apache.catalina.core.ApplicationFilterChain.doFilter(ApplicationFilterChain.java:128) ~[tomcat-embed-core-11.0.21.jar:11.0.21]
	at org.apache.tomcat.websocket.server.WsFilter.doFilter(WsFilter.java:53) ~[tomcat-embed-websocket-11.0.21.jar:11.0.21]
	at org.apache.catalina.core.ApplicationFilterChain.doFilter(ApplicationFilterChain.java:107) ~[tomcat-embed-core-11.0.21.jar:11.0.21]
	at org.springframework.web.filter.CompositeFilter$VirtualFilterChain.doFilter(CompositeFilter.java:108) ~[spring-web-7.0.7.jar:7.0.7]
	at org.springframework.security.web.FilterChainProxy.lambda$doFilterInternal$3(FilterChainProxy.java:235) ~[spring-security-web-7.0.5.jar:7.0.5]
	at org.springframework.security.web.FilterChainProxy$VirtualFilterChain.doFilter(FilterChainProxy.java:376) ~[spring-security-web-7.0.5.jar:7.0.5]
	at org.springframework.security.web.access.intercept.AuthorizationFilter.doFilter(AuthorizationFilter.java:101) ~[spring-security-web-7.0.5.jar:7.0.5]
	at org.springframework.security.web.FilterChainProxy$VirtualFilterChain.doFilter(FilterChainProxy.java:385) ~[spring-security-web-7.0.5.jar:7.0.5]
	at org.springframework.security.web.access.ExceptionTranslationFilter.doFilter(ExceptionTranslationFilter.java:126) ~[spring-security-web-7.0.5.jar:7.0.5]
	at org.springframework.security.web.access.ExceptionTranslationFilter.doFilter(ExceptionTranslationFilter.java:120) ~[spring-security-web-7.0.5.jar:7.0.5]
	at org.springframework.security.web.FilterChainProxy$VirtualFilterChain.doFilter(FilterChainProxy.java:385) ~[spring-security-web-7.0.5.jar:7.0.5]
	at org.springframework.security.web.session.SessionManagementFilter.doFilter(SessionManagementFilter.java:132) ~[spring-security-web-7.0.5.jar:7.0.5]
	at org.springframework.security.web.session.SessionManagementFilter.doFilter(SessionManagementFilter.java:86) ~[spring-security-web-7.0.5.jar:7.0.5]
	at org.springframework.security.web.FilterChainProxy$VirtualFilterChain.doFilter(FilterChainProxy.java:385) ~[spring-security-web-7.0.5.jar:7.0.5]
	at org.springframework.security.web.authentication.AnonymousAuthenticationFilter.doFilter(AnonymousAuthenticationFilter.java:100) ~[spring-security-web-7.0.5.jar:7.0.5]
	at org.springframework.security.web.FilterChainProxy$VirtualFilterChain.doFilter(FilterChainProxy.java:385) ~[spring-security-web-7.0.5.jar:7.0.5]
	at org.springframework.security.web.servletapi.SecurityContextHolderAwareRequestFilter.doFilter(SecurityContextHolderAwareRequestFilter.java:181) ~[spring-security-web-7.0.5.jar:7.0.5]
	at org.springframework.security.web.FilterChainProxy$VirtualFilterChain.doFilter(FilterChainProxy.java:385) ~[spring-security-web-7.0.5.jar:7.0.5]
	at org.springframework.security.web.savedrequest.RequestCacheAwareFilter.doFilter(RequestCacheAwareFilter.java:63) ~[spring-security-web-7.0.5.jar:7.0.5]
	at org.springframework.security.web.FilterChainProxy$VirtualFilterChain.doFilter(FilterChainProxy.java:385) ~[spring-security-web-7.0.5.jar:7.0.5]
	at org.springframework.security.web.session.ConcurrentSessionFilter.doFilter(ConcurrentSessionFilter.java:153) ~[spring-security-web-7.0.5.jar:7.0.5]
	at org.springframework.security.web.session.ConcurrentSessionFilter.doFilter(ConcurrentSessionFilter.java:131) ~[spring-security-web-7.0.5.jar:7.0.5]
	at org.springframework.security.web.FilterChainProxy$VirtualFilterChain.doFilter(FilterChainProxy.java:385) ~[spring-security-web-7.0.5.jar:7.0.5]
	at org.springframework.security.web.authentication.AbstractAuthenticationProcessingFilter.doFilter(AbstractAuthenticationProcessingFilter.java:245) ~[spring-security-web-7.0.5.jar:7.0.5]
	at org.springframework.security.web.authentication.AbstractAuthenticationProcessingFilter.doFilter(AbstractAuthenticationProcessingFilter.java:239) ~[spring-security-web-7.0.5.jar:7.0.5]
	at org.springframework.security.web.FilterChainProxy$VirtualFilterChain.doFilter(FilterChainProxy.java:385) ~[spring-security-web-7.0.5.jar:7.0.5]
	at org.springframework.security.web.authentication.logout.LogoutFilter.doFilter(LogoutFilter.java:110) ~[spring-security-web-7.0.5.jar:7.0.5]
	at org.springframework.security.web.authentication.logout.LogoutFilter.doFilter(LogoutFilter.java:96) ~[spring-security-web-7.0.5.jar:7.0.5]
	at org.springframework.security.web.FilterChainProxy$VirtualFilterChain.doFilter(FilterChainProxy.java:385) ~[spring-security-web-7.0.5.jar:7.0.5]
	at org.springframework.security.web.csrf.CsrfFilter.doFilterInternal(CsrfFilter.java:118) ~[spring-security-web-7.0.5.jar:7.0.5]
	at org.springframework.web.filter.OncePerRequestFilter.doFilter(OncePerRequestFilter.java:116) ~[spring-web-7.0.7.jar:7.0.7]
	at org.springframework.security.web.FilterChainProxy$VirtualFilterChain.doFilter(FilterChainProxy.java:385) ~[spring-security-web-7.0.5.jar:7.0.5]
	at org.springframework.security.web.header.HeaderWriterFilter.doHeadersAfter(HeaderWriterFilter.java:90) ~[spring-security-web-7.0.5.jar:7.0.5]
	at org.springframework.security.web.header.HeaderWriterFilter.doFilterInternal(HeaderWriterFilter.java:75) ~[spring-security-web-7.0.5.jar:7.0.5]
	at org.springframework.web.filter.OncePerRequestFilter.doFilter(OncePerRequestFilter.java:116) ~[spring-web-7.0.7.jar:7.0.7]
	at org.springframework.security.web.FilterChainProxy$VirtualFilterChain.doFilter(FilterChainProxy.java:385) ~[spring-security-web-7.0.5.jar:7.0.5]
	at org.springframework.security.web.context.SecurityContextHolderFilter.doFilter(SecurityContextHolderFilter.java:82) ~[spring-security-web-7.0.5.jar:7.0.5]
	at org.springframework.security.web.context.SecurityContextHolderFilter.doFilter(SecurityContextHolderFilter.java:69) ~[spring-security-web-7.0.5.jar:7.0.5]
	at org.springframework.security.web.FilterChainProxy$VirtualFilterChain.doFilter(FilterChainProxy.java:385) ~[spring-security-web-7.0.5.jar:7.0.5]
	at org.springframework.security.web.context.request.async.WebAsyncManagerIntegrationFilter.doFilterInternal(WebAsyncManagerIntegrationFilter.java:62) ~[spring-security-web-7.0.5.jar:7.0.5]
	at org.springframework.web.filter.OncePerRequestFilter.doFilter(OncePerRequestFilter.java:116) ~[spring-web-7.0.7.jar:7.0.7]
	at org.springframework.security.web.FilterChainProxy$VirtualFilterChain.doFilter(FilterChainProxy.java:385) ~[spring-security-web-7.0.5.jar:7.0.5]
	at org.springframework.security.web.session.DisableEncodeUrlFilter.doFilterInternal(DisableEncodeUrlFilter.java:42) ~[spring-security-web-7.0.5.jar:7.0.5]
	at org.springframework.web.filter.OncePerRequestFilter.doFilter(OncePerRequestFilter.java:116) ~[spring-web-7.0.7.jar:7.0.7]
	at org.springframework.security.web.FilterChainProxy$VirtualFilterChain.doFilter(FilterChainProxy.java:385) ~[spring-security-web-7.0.5.jar:7.0.5]
	at org.springframework.security.web.FilterChainProxy.doFilterInternal(FilterChainProxy.java:237) ~[spring-security-web-7.0.5.jar:7.0.5]
	at org.springframework.security.web.FilterChainProxy.doFilter(FilterChainProxy.java:195) ~[spring-security-web-7.0.5.jar:7.0.5]
	at org.springframework.web.filter.CompositeFilter$VirtualFilterChain.doFilter(CompositeFilter.java:113) ~[spring-web-7.0.7.jar:7.0.7]
	at org.springframework.web.filter.ServletRequestPathFilter.doFilter(ServletRequestPathFilter.java:52) ~[spring-web-7.0.7.jar:7.0.7]
	at org.springframework.web.filter.CompositeFilter$VirtualFilterChain.doFilter(CompositeFilter.java:113) ~[spring-web-7.0.7.jar:7.0.7]
	at org.springframework.web.filter.CompositeFilter.doFilter(CompositeFilter.java:74) ~[spring-web-7.0.7.jar:7.0.7]
	at org.springframework.security.config.annotation.web.configuration.WebSecurityConfiguration$CompositeFilterChainProxy.doFilter(WebSecurityConfiguration.java:317) ~[spring-security-config-7.0.5.jar:7.0.5]
	at org.springframework.web.filter.DelegatingFilterProxy.invokeDelegate(DelegatingFilterProxy.java:355) ~[spring-web-7.0.7.jar:7.0.7]
	at org.springframework.web.filter.DelegatingFilterProxy.doFilter(DelegatingFilterProxy.java:272) ~[spring-web-7.0.7.jar:7.0.7]
	at org.apache.catalina.core.ApplicationFilterChain.doFilter(ApplicationFilterChain.java:107) ~[tomcat-embed-core-11.0.21.jar:11.0.21]
	at org.springframework.web.filter.RequestContextFilter.doFilterInternal(RequestContextFilter.java:100) ~[spring-web-7.0.7.jar:7.0.7]
	at org.springframework.web.filter.OncePerRequestFilter.doFilter(OncePerRequestFilter.java:116) ~[spring-web-7.0.7.jar:7.0.7]
	at org.apache.catalina.core.ApplicationFilterChain.doFilter(ApplicationFilterChain.java:107) ~[tomcat-embed-core-11.0.21.jar:11.0.21]
	at org.springframework.web.filter.FormContentFilter.doFilterInternal(FormContentFilter.java:93) ~[spring-web-7.0.7.jar:7.0.7]
	at org.springframework.web.filter.OncePerRequestFilter.doFilter(OncePerRequestFilter.java:116) ~[spring-web-7.0.7.jar:7.0.7]
	at org.apache.catalina.core.ApplicationFilterChain.doFilter(ApplicationFilterChain.java:107) ~[tomcat-embed-core-11.0.21.jar:11.0.21]
	at org.springframework.web.filter.CharacterEncodingFilter.doFilterInternal(CharacterEncodingFilter.java:199) ~[spring-web-7.0.7.jar:7.0.7]
	at org.springframework.web.filter.OncePerRequestFilter.doFilter(OncePerRequestFilter.java:116) ~[spring-web-7.0.7.jar:7.0.7]
	at org.apache.catalina.core.ApplicationFilterChain.doFilter(ApplicationFilterChain.java:107) ~[tomcat-embed-core-11.0.21.jar:11.0.21]
	at org.apache.catalina.core.StandardWrapperValve.invoke(StandardWrapperValve.java:165) ~[tomcat-embed-core-11.0.21.jar:11.0.21]
	at org.apache.catalina.core.StandardContextValve.invoke(StandardContextValve.java:77) ~[tomcat-embed-core-11.0.21.jar:11.0.21]
	at org.apache.catalina.authenticator.AuthenticatorBase.invoke(AuthenticatorBase.java:492) ~[tomcat-embed-core-11.0.21.jar:11.0.21]
	at org.apache.catalina.core.StandardHostValve.invoke(StandardHostValve.java:113) ~[tomcat-embed-core-11.0.21.jar:11.0.21]
	at org.apache.catalina.valves.ErrorReportValve.invoke(ErrorReportValve.java:83) ~[tomcat-embed-core-11.0.21.jar:11.0.21]
	at org.apache.catalina.core.StandardEngineValve.invoke(StandardEngineValve.java:72) ~[tomcat-embed-core-11.0.21.jar:11.0.21]
	at org.apache.catalina.connector.CoyoteAdapter.service(CoyoteAdapter.java:341) ~[tomcat-embed-core-11.0.21.jar:11.0.21]
	at org.apache.coyote.http11.Http11Processor.service(Http11Processor.java:397) ~[tomcat-embed-core-11.0.21.jar:11.0.21]
	at org.apache.coyote.AbstractProcessorLight.process(AbstractProcessorLight.java:63) ~[tomcat-embed-core-11.0.21.jar:11.0.21]
	at org.apache.coyote.AbstractProtocol$ConnectionHandler.process(AbstractProtocol.java:903) ~[tomcat-embed-core-11.0.21.jar:11.0.21]
	at org.apache.tomcat.util.net.NioEndpoint$SocketProcessor.doRun(NioEndpoint.java:1801) ~[tomcat-embed-core-11.0.21.jar:11.0.21]
	at org.apache.tomcat.util.net.SocketProcessorBase.run(SocketProcessorBase.java:52) ~[tomcat-embed-core-11.0.21.jar:11.0.21]
	at org.apache.tomcat.util.threads.ThreadPoolExecutor.runWorker(ThreadPoolExecutor.java:946) ~[tomcat-embed-core-11.0.21.jar:11.0.21]
	at org.apache.tomcat.util.threads.ThreadPoolExecutor$Worker.run(ThreadPoolExecutor.java:480) ~[tomcat-embed-core-11.0.21.jar:11.0.21]
	at org.apache.tomcat.util.threads.TaskThread$WrappingRunnable.run(TaskThread.java:57) ~[tomcat-embed-core-11.0.21.jar:11.0.21]
	at java.base/java.lang.Thread.run(Thread.java:1516) ~[na:na]
Caused by: org.attoparser.ParseException: Error during execution of processor 'org.thymeleaf.standard.processor.StandardEachTagProcessor' (template: "bugs/list" - line 501, col 33)
	at org.attoparser.MarkupParser.parseDocument(MarkupParser.java:393) ~[attoparser-2.0.7.RELEASE.jar:2.0.7.RELEASE]
	at org.attoparser.MarkupParser.parse(MarkupParser.java:257) ~[attoparser-2.0.7.RELEASE.jar:2.0.7.RELEASE]
	at org.thymeleaf.templateparser.markup.AbstractMarkupTemplateParser.parse(AbstractMarkupTemplateParser.java:230) ~[thymeleaf-3.1.5.RELEASE.jar:3.1.5.RELEASE]
	... 95 common frames omitted
Caused by: org.thymeleaf.exceptions.TemplateProcessingException: Error during execution of processor 'org.thymeleaf.standard.processor.StandardEachTagProcessor' (template: "bugs/list" - line 501, col 33)
	at org.thymeleaf.processor.element.AbstractAttributeTagProcessor.doProcess(AbstractAttributeTagProcessor.java:117) ~[thymeleaf-3.1.5.RELEASE.jar:3.1.5.RELEASE]
	at org.thymeleaf.processor.element.AbstractElementTagProcessor.process(AbstractElementTagProcessor.java:95) ~[thymeleaf-3.1.5.RELEASE.jar:3.1.5.RELEASE]
	at org.thymeleaf.util.ProcessorConfigurationUtils$ElementTagProcessorWrapper.process(ProcessorConfigurationUtils.java:633) ~[thymeleaf-3.1.5.RELEASE.jar:3.1.5.RELEASE]
	at org.thymeleaf.engine.ProcessorTemplateHandler.handleOpenElement(ProcessorTemplateHandler.java:1314) ~[thymeleaf-3.1.5.RELEASE.jar:3.1.5.RELEASE]
	at org.thymeleaf.engine.TemplateHandlerAdapterMarkupHandler.handleOpenElementEnd(TemplateHandlerAdapterMarkupHandler.java:304) ~[thymeleaf-3.1.5.RELEASE.jar:3.1.5.RELEASE]
	at org.thymeleaf.templateparser.markup.InlinedOutputExpressionMarkupHandler$InlineMarkupAdapterPreProcessorHandler.handleOpenElementEnd(InlinedOutputExpressionMarkupHandler.java:278) ~[thymeleaf-3.1.5.RELEASE.jar:3.1.5.RELEASE]
	at org.thymeleaf.standard.inline.OutputExpressionInlinePreProcessorHandler.handleOpenElementEnd(OutputExpressionInlinePreProcessorHandler.java:186) ~[thymeleaf-3.1.5.RELEASE.jar:3.1.5.RELEASE]
	at org.thymeleaf.templateparser.markup.InlinedOutputExpressionMarkupHandler.handleOpenElementEnd(InlinedOutputExpressionMarkupHandler.java:124) ~[thymeleaf-3.1.5.RELEASE.jar:3.1.5.RELEASE]
	at org.attoparser.HtmlElement.handleOpenElementEnd(HtmlElement.java:109) ~[attoparser-2.0.7.RELEASE.jar:2.0.7.RELEASE]
	at org.attoparser.HtmlMarkupHandler.handleOpenElementEnd(HtmlMarkupHandler.java:297) ~[attoparser-2.0.7.RELEASE.jar:2.0.7.RELEASE]
	at org.attoparser.MarkupEventProcessorHandler.handleOpenElementEnd(MarkupEventProcessorHandler.java:402) ~[attoparser-2.0.7.RELEASE.jar:2.0.7.RELEASE]
	at org.attoparser.ParsingElementMarkupUtil.parseOpenElement(ParsingElementMarkupUtil.java:159) ~[attoparser-2.0.7.RELEASE.jar:2.0.7.RELEASE]
	at org.attoparser.MarkupParser.parseBuffer(MarkupParser.java:710) ~[attoparser-2.0.7.RELEASE.jar:2.0.7.RELEASE]
	at org.attoparser.MarkupParser.parseDocument(MarkupParser.java:301) ~[attoparser-2.0.7.RELEASE.jar:2.0.7.RELEASE]
	... 97 common frames omitted
Caused by: org.springframework.expression.spel.SpelParseException: Expression [#numbers.sequence(
                                              [[${ [[${ Math.max(1,
                                              currentPage-2) }]] }]],
                                              [[${ Math.min(totalPages,
                                              currentPage+2) }]])] @69: EL1043E: Unexpected token. Expected 'rsquare(])' but was 'lcurly({)'
	at org.springframework.expression.spel.standard.InternalSpelExpressionParser.internalException(InternalSpelExpressionParser.java:1057) ~[spring-expression-7.0.7.jar:7.0.7]
	at org.springframework.expression.spel.standard.InternalSpelExpressionParser.eatToken(InternalSpelExpressionParser.java:938) ~[spring-expression-7.0.7.jar:7.0.7]
	at org.springframework.expression.spel.standard.InternalSpelExpressionParser.maybeEatIndexer(InternalSpelExpressionParser.java:701) ~[spring-expression-7.0.7.jar:7.0.7]
	at org.springframework.expression.spel.standard.InternalSpelExpressionParser.eatStartNode(InternalSpelExpressionParser.java:530) ~[spring-expression-7.0.7.jar:7.0.7]
	at org.springframework.expression.spel.standard.InternalSpelExpressionParser.eatPrimaryExpression(InternalSpelExpressionParser.java:367) ~[spring-expression-7.0.7.jar:7.0.7]
	at org.springframework.expression.spel.standard.InternalSpelExpressionParser.eatUnaryExpression(InternalSpelExpressionParser.java:362) ~[spring-expression-7.0.7.jar:7.0.7]
	at org.springframework.expression.spel.standard.InternalSpelExpressionParser.eatPowerIncDecExpression(InternalSpelExpressionParser.java:316) ~[spring-expression-7.0.7.jar:7.0.7]
	at org.springframework.expression.spel.standard.InternalSpelExpressionParser.eatProductExpression(InternalSpelExpressionParser.java:295) ~[spring-expression-7.0.7.jar:7.0.7]
	at org.springframework.expression.spel.standard.InternalSpelExpressionParser.eatSumExpression(InternalSpelExpressionParser.java:278) ~[spring-expression-7.0.7.jar:7.0.7]
	at org.springframework.expression.spel.standard.InternalSpelExpressionParser.eatRelationalExpression(InternalSpelExpressionParser.java:233) ~[spring-expression-7.0.7.jar:7.0.7]
	at org.springframework.expression.spel.standard.InternalSpelExpressionParser.eatLogicalAndExpression(InternalSpelExpressionParser.java:221) ~[spring-expression-7.0.7.jar:7.0.7]
	at org.springframework.expression.spel.standard.InternalSpelExpressionParser.eatLogicalOrExpression(InternalSpelExpressionParser.java:209) ~[spring-expression-7.0.7.jar:7.0.7]
	at org.springframework.expression.spel.standard.InternalSpelExpressionParser.eatExpression(InternalSpelExpressionParser.java:171) ~[spring-expression-7.0.7.jar:7.0.7]
	at org.springframework.expression.spel.standard.InternalSpelExpressionParser.maybeEatIndexer(InternalSpelExpressionParser.java:697) ~[spring-expression-7.0.7.jar:7.0.7]
	at org.springframework.expression.spel.standard.InternalSpelExpressionParser.eatStartNode(InternalSpelExpressionParser.java:530) ~[spring-expression-7.0.7.jar:7.0.7]
	at org.springframework.expression.spel.standard.InternalSpelExpressionParser.eatPrimaryExpression(InternalSpelExpressionParser.java:367) ~[spring-expression-7.0.7.jar:7.0.7]
	at org.springframework.expression.spel.standard.InternalSpelExpressionParser.eatUnaryExpression(InternalSpelExpressionParser.java:362) ~[spring-expression-7.0.7.jar:7.0.7]
	at org.springframework.expression.spel.standard.InternalSpelExpressionParser.eatPowerIncDecExpression(InternalSpelExpressionParser.java:316) ~[spring-expression-7.0.7.jar:7.0.7]
	at org.springframework.expression.spel.standard.InternalSpelExpressionParser.eatProductExpression(InternalSpelExpressionParser.java:295) ~[spring-expression-7.0.7.jar:7.0.7]
	at org.springframework.expression.spel.standard.InternalSpelExpressionParser.eatSumExpression(InternalSpelExpressionParser.java:278) ~[spring-expression-7.0.7.jar:7.0.7]
	at org.springframework.expression.spel.standard.InternalSpelExpressionParser.eatRelationalExpression(InternalSpelExpressionParser.java:233) ~[spring-expression-7.0.7.jar:7.0.7]
	at org.springframework.expression.spel.standard.InternalSpelExpressionParser.eatLogicalAndExpression(InternalSpelExpressionParser.java:221) ~[spring-expression-7.0.7.jar:7.0.7]
	at org.springframework.expression.spel.standard.InternalSpelExpressionParser.eatLogicalOrExpression(InternalSpelExpressionParser.java:209) ~[spring-expression-7.0.7.jar:7.0.7]
	at org.springframework.expression.spel.standard.InternalSpelExpressionParser.eatExpression(InternalSpelExpressionParser.java:171) ~[spring-expression-7.0.7.jar:7.0.7]
	at org.springframework.expression.spel.standard.InternalSpelExpressionParser.consumeArguments(InternalSpelExpressionParser.java:485) ~[spring-expression-7.0.7.jar:7.0.7]
	at org.springframework.expression.spel.standard.InternalSpelExpressionParser.maybeEatMethodArgs(InternalSpelExpressionParser.java:455) ~[spring-expression-7.0.7.jar:7.0.7]
	at org.springframework.expression.spel.standard.InternalSpelExpressionParser.maybeEatMethodOrProperty(InternalSpelExpressionParser.java:771) ~[spring-expression-7.0.7.jar:7.0.7]
	at org.springframework.expression.spel.standard.InternalSpelExpressionParser.eatDottedNode(InternalSpelExpressionParser.java:412) ~[spring-expression-7.0.7.jar:7.0.7]
	at org.springframework.expression.spel.standard.InternalSpelExpressionParser.eatNode(InternalSpelExpressionParser.java:387) ~[spring-expression-7.0.7.jar:7.0.7]
	at org.springframework.expression.spel.standard.InternalSpelExpressionParser.eatPrimaryExpression(InternalSpelExpressionParser.java:369) ~[spring-expression-7.0.7.jar:7.0.7]
	at org.springframework.expression.spel.standard.InternalSpelExpressionParser.eatUnaryExpression(InternalSpelExpressionParser.java:362) ~[spring-expression-7.0.7.jar:7.0.7]
	at org.springframework.expression.spel.standard.InternalSpelExpressionParser.eatPowerIncDecExpression(InternalSpelExpressionParser.java:316) ~[spring-expression-7.0.7.jar:7.0.7]
	at org.springframework.expression.spel.standard.InternalSpelExpressionParser.eatProductExpression(InternalSpelExpressionParser.java:295) ~[spring-expression-7.0.7.jar:7.0.7]
	at org.springframework.expression.spel.standard.InternalSpelExpressionParser.eatSumExpression(InternalSpelExpressionParser.java:278) ~[spring-expression-7.0.7.jar:7.0.7]
	at org.springframework.expression.spel.standard.InternalSpelExpressionParser.eatRelationalExpression(InternalSpelExpressionParser.java:233) ~[spring-expression-7.0.7.jar:7.0.7]
	at org.springframework.expression.spel.standard.InternalSpelExpressionParser.eatLogicalAndExpression(InternalSpelExpressionParser.java:221) ~[spring-expression-7.0.7.jar:7.0.7]
	at org.springframework.expression.spel.standard.InternalSpelExpressionParser.eatLogicalOrExpression(InternalSpelExpressionParser.java:209) ~[spring-expression-7.0.7.jar:7.0.7]
	at org.springframework.expression.spel.standard.InternalSpelExpressionParser.eatExpression(InternalSpelExpressionParser.java:171) ~[spring-expression-7.0.7.jar:7.0.7]
	at org.springframework.expression.spel.standard.InternalSpelExpressionParser.doParseExpression(InternalSpelExpressionParser.java:141) ~[spring-expression-7.0.7.jar:7.0.7]
	at org.springframework.expression.spel.standard.SpelExpressionParser.doParseExpression(SpelExpressionParser.java:64) ~[spring-expression-7.0.7.jar:7.0.7]
	at org.springframework.expression.spel.standard.SpelExpressionParser.doParseExpression(SpelExpressionParser.java:35) ~[spring-expression-7.0.7.jar:7.0.7]
	at org.springframework.expression.common.TemplateAwareExpressionParser.parseExpression(TemplateAwareExpressionParser.java:63) ~[spring-expression-7.0.7.jar:7.0.7]
	at org.springframework.expression.common.TemplateAwareExpressionParser.parseExpression(TemplateAwareExpressionParser.java:52) ~[spring-expression-7.0.7.jar:7.0.7]
	at org.thymeleaf.spring6.expression.SPELVariableExpressionEvaluator.getExpression(SPELVariableExpressionEvaluator.java:383) ~[thymeleaf-spring6-3.1.5.RELEASE.jar:3.1.5.RELEASE]
	at org.thymeleaf.spring6.expression.SPELVariableExpressionEvaluator.obtainComputedSpelExpression(SPELVariableExpressionEvaluator.java:331) ~[thymeleaf-spring6-3.1.5.RELEASE.jar:3.1.5.RELEASE]
	at org.thymeleaf.spring6.expression.SPELVariableExpressionEvaluator.evaluate(SPELVariableExpressionEvaluator.java:159) ~[thymeleaf-spring6-3.1.5.RELEASE.jar:3.1.5.RELEASE]
	at org.thymeleaf.standard.expression.VariableExpression.executeVariableExpression(VariableExpression.java:166) ~[thymeleaf-3.1.5.RELEASE.jar:3.1.5.RELEASE]
	at org.thymeleaf.standard.expression.SimpleExpression.executeSimple(SimpleExpression.java:66) ~[thymeleaf-3.1.5.RELEASE.jar:3.1.5.RELEASE]
	at org.thymeleaf.standard.expression.Expression.execute(Expression.java:109) ~[thymeleaf-3.1.5.RELEASE.jar:3.1.5.RELEASE]
	at org.thymeleaf.standard.expression.Expression.execute(Expression.java:138) ~[thymeleaf-3.1.5.RELEASE.jar:3.1.5.RELEASE]
	at org.thymeleaf.standard.expression.Expression.execute(Expression.java:125) ~[thymeleaf-3.1.5.RELEASE.jar:3.1.5.RELEASE]
	at org.thymeleaf.standard.processor.StandardEachTagProcessor.doProcess(StandardEachTagProcessor.java:73) ~[thymeleaf-3.1.5.RELEASE.jar:3.1.5.RELEASE]
	at org.thymeleaf.processor.element.AbstractAttributeTagProcessor.doProcess(AbstractAttributeTagProcessor.java:74) ~[thymeleaf-3.1.5.RELEASE.jar:3.1.5.RELEASE]
	... 110 common frames omitted

2026-08-10T15:51:00.091+05:30 ERROR 13208 --- [Bug Tracking System] [http-nio-8081-exec-8] o.a.c.c.C.[.[.[/].[dispatcherServlet]    : Servlet.service() for servlet [dispatcherServlet] in context with path [] threw exception [Request processing failed: org.thymeleaf.exceptions.TemplateInputException: An error happened during template parsing (template: "class path resource [templates/bugs/list.html]")] with root cause

org.springframework.expression.spel.SpelParseException: Expression [#numbers.sequence(
                                              [[${ [[${ Math.max(1,
                                              currentPage-2) }]] }]],
                                              [[${ Math.min(totalPages,
                                              currentPage+2) }]])] @69: EL1043E: Unexpected token. Expected 'rsquare(])' but was 'lcurly({)'
	at org.springframework.expression.spel.standard.InternalSpelExpressionParser.internalException(InternalSpelExpressionParser.java:1057) ~[spring-expression-7.0.7.jar:7.0.7]
	at org.springframework.expression.spel.standard.InternalSpelExpressionParser.eatToken(InternalSpelExpressionParser.java:938) ~[spring-expression-7.0.7.jar:7.0.7]
	at org.springframework.expression.spel.standard.InternalSpelExpressionParser.maybeEatIndexer(InternalSpelExpressionParser.java:701) ~[spring-expression-7.0.7.jar:7.0.7]
	at org.springframework.expression.spel.standard.InternalSpelExpressionParser.eatStartNode(InternalSpelExpressionParser.java:530) ~[spring-expression-7.0.7.jar:7.0.7]
	at org.springframework.expression.spel.standard.InternalSpelExpressionParser.eatPrimaryExpression(InternalSpelExpressionParser.java:367) ~[spring-expression-7.0.7.jar:7.0.7]
	at org.springframework.expression.spel.standard.InternalSpelExpressionParser.eatUnaryExpression(InternalSpelExpressionParser.java:362) ~[spring-expression-7.0.7.jar:7.0.7]
	at org.springframework.expression.spel.standard.InternalSpelExpressionParser.eatPowerIncDecExpression(InternalSpelExpressionParser.java:316) ~[spring-expression-7.0.7.jar:7.0.7]
	at org.springframework.expression.spel.standard.InternalSpelExpressionParser.eatProductExpression(InternalSpelExpressionParser.java:295) ~[spring-expression-7.0.7.jar:7.0.7]
	at org.springframework.expression.spel.standard.InternalSpelExpressionParser.eatSumExpression(InternalSpelExpressionParser.java:278) ~[spring-expression-7.0.7.jar:7.0.7]
	at org.springframework.expression.spel.standard.InternalSpelExpressionParser.eatRelationalExpression(InternalSpelExpressionParser.java:233) ~[spring-expression-7.0.7.jar:7.0.7]
	at org.springframework.expression.spel.standard.InternalSpelExpressionParser.eatLogicalAndExpression(InternalSpelExpressionParser.java:221) ~[spring-expression-7.0.7.jar:7.0.7]
	at org.springframework.expression.spel.standard.InternalSpelExpressionParser.eatLogicalOrExpression(InternalSpelExpressionParser.java:209) ~[spring-expression-7.0.7.jar:7.0.7]
	at org.springframework.expression.spel.standard.InternalSpelExpressionParser.eatExpression(InternalSpelExpressionParser.java:171) ~[spring-expression-7.0.7.jar:7.0.7]
	at org.springframework.expression.spel.standard.InternalSpelExpressionParser.maybeEatIndexer(InternalSpelExpressionParser.java:697) ~[spring-expression-7.0.7.jar:7.0.7]
	at org.springframework.expression.spel.standard.InternalSpelExpressionParser.eatStartNode(InternalSpelExpressionParser.java:530) ~[spring-expression-7.0.7.jar:7.0.7]
	at org.springframework.expression.spel.standard.InternalSpelExpressionParser.eatPrimaryExpression(InternalSpelExpressionParser.java:367) ~[spring-expression-7.0.7.jar:7.0.7]
	at org.springframework.expression.spel.standard.InternalSpelExpressionParser.eatUnaryExpression(InternalSpelExpressionParser.java:362) ~[spring-expression-7.0.7.jar:7.0.7]
	at org.springframework.expression.spel.standard.InternalSpelExpressionParser.eatPowerIncDecExpression(InternalSpelExpressionParser.java:316) ~[spring-expression-7.0.7.jar:7.0.7]
	at org.springframework.expression.spel.standard.InternalSpelExpressionParser.eatProductExpression(InternalSpelExpressionParser.java:295) ~[spring-expression-7.0.7.jar:7.0.7]
	at org.springframework.expression.spel.standard.InternalSpelExpressionParser.eatSumExpression(InternalSpelExpressionParser.java:278) ~[spring-expression-7.0.7.jar:7.0.7]
	at org.springframework.expression.spel.standard.InternalSpelExpressionParser.eatRelationalExpression(InternalSpelExpressionParser.java:233) ~[spring-expression-7.0.7.jar:7.0.7]
	at org.springframework.expression.spel.standard.InternalSpelExpressionParser.eatLogicalAndExpression(InternalSpelExpressionParser.java:221) ~[spring-expression-7.0.7.jar:7.0.7]
	at org.springframework.expression.spel.standard.InternalSpelExpressionParser.eatLogicalOrExpression(InternalSpelExpressionParser.java:209) ~[spring-expression-7.0.7.jar:7.0.7]
	at org.springframework.expression.spel.standard.InternalSpelExpressionParser.eatExpression(InternalSpelExpressionParser.java:171) ~[spring-expression-7.0.7.jar:7.0.7]
	at org.springframework.expression.spel.standard.InternalSpelExpressionParser.consumeArguments(InternalSpelExpressionParser.java:485) ~[spring-expression-7.0.7.jar:7.0.7]
	at org.springframework.expression.spel.standard.InternalSpelExpressionParser.maybeEatMethodArgs(InternalSpelExpressionParser.java:455) ~[spring-expression-7.0.7.jar:7.0.7]
	at org.springframework.expression.spel.standard.InternalSpelExpressionParser.maybeEatMethodOrProperty(InternalSpelExpressionParser.java:771) ~[spring-expression-7.0.7.jar:7.0.7]
	at org.springframework.expression.spel.standard.InternalSpelExpressionParser.eatDottedNode(InternalSpelExpressionParser.java:412) ~[spring-expression-7.0.7.jar:7.0.7]
	at org.springframework.expression.spel.standard.InternalSpelExpressionParser.eatNode(InternalSpelExpressionParser.java:387) ~[spring-expression-7.0.7.jar:7.0.7]
	at org.springframework.expression.spel.standard.InternalSpelExpressionParser.eatPrimaryExpression(InternalSpelExpressionParser.java:369) ~[spring-expression-7.0.7.jar:7.0.7]
	at org.springframework.expression.spel.standard.InternalSpelExpressionParser.eatUnaryExpression(InternalSpelExpressionParser.java:362) ~[spring-expression-7.0.7.jar:7.0.7]
	at org.springframework.expression.spel.standard.InternalSpelExpressionParser.eatPowerIncDecExpression(InternalSpelExpressionParser.java:316) ~[spring-expression-7.0.7.jar:7.0.7]
	at org.springframework.expression.spel.standard.InternalSpelExpressionParser.eatProductExpression(InternalSpelExpressionParser.java:295) ~[spring-expression-7.0.7.jar:7.0.7]
	at org.springframework.expression.spel.standard.InternalSpelExpressionParser.eatSumExpression(InternalSpelExpressionParser.java:278) ~[spring-expression-7.0.7.jar:7.0.7]
	at org.springframework.expression.spel.standard.InternalSpelExpressionParser.eatRelationalExpression(InternalSpelExpressionParser.java:233) ~[spring-expression-7.0.7.jar:7.0.7]
	at org.springframework.expression.spel.standard.InternalSpelExpressionParser.eatLogicalAndExpression(InternalSpelExpressionParser.java:221) ~[spring-expression-7.0.7.jar:7.0.7]
	at org.springframework.expression.spel.standard.InternalSpelExpressionParser.eatLogicalOrExpression(InternalSpelExpressionParser.java:209) ~[spring-expression-7.0.7.jar:7.0.7]
	at org.springframework.expression.spel.standard.InternalSpelExpressionParser.eatExpression(InternalSpelExpressionParser.java:171) ~[spring-expression-7.0.7.jar:7.0.7]
	at org.springframework.expression.spel.standard.InternalSpelExpressionParser.doParseExpression(InternalSpelExpressionParser.java:141) ~[spring-expression-7.0.7.jar:7.0.7]
	at org.springframework.expression.spel.standard.SpelExpressionParser.doParseExpression(SpelExpressionParser.java:64) ~[spring-expression-7.0.7.jar:7.0.7]
	at org.springframework.expression.spel.standard.SpelExpressionParser.doParseExpression(SpelExpressionParser.java:35) ~[spring-expression-7.0.7.jar:7.0.7]
	at org.springframework.expression.common.TemplateAwareExpressionParser.parseExpression(TemplateAwareExpressionParser.java:63) ~[spring-expression-7.0.7.jar:7.0.7]
	at org.springframework.expression.common.TemplateAwareExpressionParser.parseExpression(TemplateAwareExpressionParser.java:52) ~[spring-expression-7.0.7.jar:7.0.7]
	at org.thymeleaf.spring6.expression.SPELVariableExpressionEvaluator.getExpression(SPELVariableExpressionEvaluator.java:383) ~[thymeleaf-spring6-3.1.5.RELEASE.jar:3.1.5.RELEASE]
	at org.thymeleaf.spring6.expression.SPELVariableExpressionEvaluator.obtainComputedSpelExpression(SPELVariableExpressionEvaluator.java:331) ~[thymeleaf-spring6-3.1.5.RELEASE.jar:3.1.5.RELEASE]
	at org.thymeleaf.spring6.expression.SPELVariableExpressionEvaluator.evaluate(SPELVariableExpressionEvaluator.java:159) ~[thymeleaf-spring6-3.1.5.RELEASE.jar:3.1.5.RELEASE]
	at org.thymeleaf.standard.expression.VariableExpression.executeVariableExpression(VariableExpression.java:166) ~[thymeleaf-3.1.5.RELEASE.jar:3.1.5.RELEASE]
	at org.thymeleaf.standard.expression.SimpleExpression.executeSimple(SimpleExpression.java:66) ~[thymeleaf-3.1.5.RELEASE.jar:3.1.5.RELEASE]
	at org.thymeleaf.standard.expression.Expression.execute(Expression.java:109) ~[thymeleaf-3.1.5.RELEASE.jar:3.1.5.RELEASE]
	at org.thymeleaf.standard.expression.Expression.execute(Expression.java:138) ~[thymeleaf-3.1.5.RELEASE.jar:3.1.5.RELEASE]
	at org.thymeleaf.standard.expression.Expression.execute(Expression.java:125) ~[thymeleaf-3.1.5.RELEASE.jar:3.1.5.RELEASE]
	at org.thymeleaf.standard.processor.StandardEachTagProcessor.doProcess(StandardEachTagProcessor.java:73) ~[thymeleaf-3.1.5.RELEASE.jar:3.1.5.RELEASE]
	at org.thymeleaf.processor.element.AbstractAttributeTagProcessor.doProcess(AbstractAttributeTagProcessor.java:74) ~[thymeleaf-3.1.5.RELEASE.jar:3.1.5.RELEASE]
	at org.thymeleaf.processor.element.AbstractElementTagProcessor.process(AbstractElementTagProcessor.java:95) ~[thymeleaf-3.1.5.RELEASE.jar:3.1.5.RELEASE]
	at org.thymeleaf.util.ProcessorConfigurationUtils$ElementTagProcessorWrapper.process(ProcessorConfigurationUtils.java:633) ~[thymeleaf-3.1.5.RELEASE.jar:3.1.5.RELEASE]
	at org.thymeleaf.engine.ProcessorTemplateHandler.handleOpenElement(ProcessorTemplateHandler.java:1314) ~[thymeleaf-3.1.5.RELEASE.jar:3.1.5.RELEASE]
	at org.thymeleaf.engine.TemplateHandlerAdapterMarkupHandler.handleOpenElementEnd(TemplateHandlerAdapterMarkupHandler.java:304) ~[thymeleaf-3.1.5.RELEASE.jar:3.1.5.RELEASE]
	at org.thymeleaf.templateparser.markup.InlinedOutputExpressionMarkupHandler$InlineMarkupAdapterPreProcessorHandler.handleOpenElementEnd(InlinedOutputExpressionMarkupHandler.java:278) ~[thymeleaf-3.1.5.RELEASE.jar:3.1.5.RELEASE]
	at org.thymeleaf.standard.inline.OutputExpressionInlinePreProcessorHandler.handleOpenElementEnd(OutputExpressionInlinePreProcessorHandler.java:186) ~[thymeleaf-3.1.5.RELEASE.jar:3.1.5.RELEASE]
	at org.thymeleaf.templateparser.markup.InlinedOutputExpressionMarkupHandler.handleOpenElementEnd(InlinedOutputExpressionMarkupHandler.java:124) ~[thymeleaf-3.1.5.RELEASE.jar:3.1.5.RELEASE]
	at org.attoparser.HtmlElement.handleOpenElementEnd(HtmlElement.java:109) ~[attoparser-2.0.7.RELEASE.jar:2.0.7.RELEASE]
	at org.attoparser.HtmlMarkupHandler.handleOpenElementEnd(HtmlMarkupHandler.java:297) ~[attoparser-2.0.7.RELEASE.jar:2.0.7.RELEASE]
	at org.attoparser.MarkupEventProcessorHandler.handleOpenElementEnd(MarkupEventProcessorHandler.java:402) ~[attoparser-2.0.7.RELEASE.jar:2.0.7.RELEASE]
	at org.attoparser.ParsingElementMarkupUtil.parseOpenElement(ParsingElementMarkupUtil.java:159) ~[attoparser-2.0.7.RELEASE.jar:2.0.7.RELEASE]
	at org.attoparser.MarkupParser.parseBuffer(MarkupParser.java:710) ~[attoparser-2.0.7.RELEASE.jar:2.0.7.RELEASE]
	at org.attoparser.MarkupParser.parseDocument(MarkupParser.java:301) ~[attoparser-2.0.7.RELEASE.jar:2.0.7.RELEASE]
	at org.attoparser.MarkupParser.parse(MarkupParser.java:257) ~[attoparser-2.0.7.RELEASE.jar:2.0.7.RELEASE]
	at org.thymeleaf.templateparser.markup.AbstractMarkupTemplateParser.parse(AbstractMarkupTemplateParser.java:230) ~[thymeleaf-3.1.5.RELEASE.jar:3.1.5.RELEASE]
	at org.thymeleaf.templateparser.markup.AbstractMarkupTemplateParser.parseStandalone(AbstractMarkupTemplateParser.java:100) ~[thymeleaf-3.1.5.RELEASE.jar:3.1.5.RELEASE]
	at org.thymeleaf.engine.TemplateManager.parseAndProcess(TemplateManager.java:666) ~[thymeleaf-3.1.5.RELEASE.jar:3.1.5.RELEASE]
	at org.thymeleaf.TemplateEngine.process(TemplateEngine.java:1103) ~[thymeleaf-3.1.5.RELEASE.jar:3.1.5.RELEASE]
	at org.thymeleaf.TemplateEngine.process(TemplateEngine.java:1077) ~[thymeleaf-3.1.5.RELEASE.jar:3.1.5.RELEASE]
	at org.thymeleaf.spring6.view.ThymeleafView.renderFragment(ThymeleafView.java:374) ~[thymeleaf-spring6-3.1.5.RELEASE.jar:3.1.5.RELEASE]
	at org.thymeleaf.spring6.view.ThymeleafView.render(ThymeleafView.java:193) ~[thymeleaf-spring6-3.1.5.RELEASE.jar:3.1.5.RELEASE]
	at org.springframework.web.servlet.DispatcherServlet.render(DispatcherServlet.java:1305) ~[spring-webmvc-7.0.7.jar:7.0.7]
	at org.springframework.web.servlet.DispatcherServlet.processDispatchResult(DispatcherServlet.java:1042) ~[spring-webmvc-7.0.7.jar:7.0.7]
	at org.springframework.web.servlet.DispatcherServlet.doDispatch(DispatcherServlet.java:980) ~[spring-webmvc-7.0.7.jar:7.0.7]
	at org.springframework.web.servlet.DispatcherServlet.doService(DispatcherServlet.java:866) ~[spring-webmvc-7.0.7.jar:7.0.7]
	at org.springframework.web.servlet.FrameworkServlet.processRequest(FrameworkServlet.java:1000) ~[spring-webmvc-7.0.7.jar:7.0.7]
	at org.springframework.web.servlet.FrameworkServlet.doGet(FrameworkServlet.java:892) ~[spring-webmvc-7.0.7.jar:7.0.7]
	at jakarta.servlet.http.HttpServlet.service(HttpServlet.java:622) ~[tomcat-embed-core-11.0.21.jar:6.1]
	at org.springframework.web.servlet.FrameworkServlet.service(FrameworkServlet.java:874) ~[spring-webmvc-7.0.7.jar:7.0.7]
	at jakarta.servlet.http.HttpServlet.service(HttpServlet.java:710) ~[tomcat-embed-core-11.0.21.jar:6.1]
	at org.apache.catalina.core.ApplicationFilterChain.doFilter(ApplicationFilterChain.java:128) ~[tomcat-embed-core-11.0.21.jar:11.0.21]
	at org.apache.tomcat.websocket.server.WsFilter.doFilter(WsFilter.java:53) ~[tomcat-embed-websocket-11.0.21.jar:11.0.21]
	at org.apache.catalina.core.ApplicationFilterChain.doFilter(ApplicationFilterChain.java:107) ~[tomcat-embed-core-11.0.21.jar:11.0.21]
	at org.springframework.web.filter.CompositeFilter$VirtualFilterChain.doFilter(CompositeFilter.java:108) ~[spring-web-7.0.7.jar:7.0.7]
	at org.springframework.security.web.FilterChainProxy.lambda$doFilterInternal$3(FilterChainProxy.java:235) ~[spring-security-web-7.0.5.jar:7.0.5]
	at org.springframework.security.web.FilterChainProxy$VirtualFilterChain.doFilter(FilterChainProxy.java:376) ~[spring-security-web-7.0.5.jar:7.0.5]
	at org.springframework.security.web.access.intercept.AuthorizationFilter.doFilter(AuthorizationFilter.java:101) ~[spring-security-web-7.0.5.jar:7.0.5]
	at org.springframework.security.web.FilterChainProxy$VirtualFilterChain.doFilter(FilterChainProxy.java:385) ~[spring-security-web-7.0.5.jar:7.0.5]
	at org.springframework.security.web.access.ExceptionTranslationFilter.doFilter(ExceptionTranslationFilter.java:126) ~[spring-security-web-7.0.5.jar:7.0.5]
	at org.springframework.security.web.access.ExceptionTranslationFilter.doFilter(ExceptionTranslationFilter.java:120) ~[spring-security-web-7.0.5.jar:7.0.5]
	at org.springframework.security.web.FilterChainProxy$VirtualFilterChain.doFilter(FilterChainProxy.java:385) ~[spring-security-web-7.0.5.jar:7.0.5]
	at org.springframework.security.web.session.SessionManagementFilter.doFilter(SessionManagementFilter.java:132) ~[spring-security-web-7.0.5.jar:7.0.5]
	at org.springframework.security.web.session.SessionManagementFilter.doFilter(SessionManagementFilter.java:86) ~[spring-security-web-7.0.5.jar:7.0.5]
	at org.springframework.security.web.FilterChainProxy$VirtualFilterChain.doFilter(FilterChainProxy.java:385) ~[spring-security-web-7.0.5.jar:7.0.5]
	at org.springframework.security.web.authentication.AnonymousAuthenticationFilter.doFilter(AnonymousAuthenticationFilter.java:100) ~[spring-security-web-7.0.5.jar:7.0.5]
	at org.springframework.security.web.FilterChainProxy$VirtualFilterChain.doFilter(FilterChainProxy.java:385) ~[spring-security-web-7.0.5.jar:7.0.5]
	at org.springframework.security.web.servletapi.SecurityContextHolderAwareRequestFilter.doFilter(SecurityContextHolderAwareRequestFilter.java:181) ~[spring-security-web-7.0.5.jar:7.0.5]
	at org.springframework.security.web.FilterChainProxy$VirtualFilterChain.doFilter(FilterChainProxy.java:385) ~[spring-security-web-7.0.5.jar:7.0.5]
	at org.springframework.security.web.savedrequest.RequestCacheAwareFilter.doFilter(RequestCacheAwareFilter.java:63) ~[spring-security-web-7.0.5.jar:7.0.5]
	at org.springframework.security.web.FilterChainProxy$VirtualFilterChain.doFilter(FilterChainProxy.java:385) ~[spring-security-web-7.0.5.jar:7.0.5]
	at org.springframework.security.web.session.ConcurrentSessionFilter.doFilter(ConcurrentSessionFilter.java:153) ~[spring-security-web-7.0.5.jar:7.0.5]
	at org.springframework.security.web.session.ConcurrentSessionFilter.doFilter(ConcurrentSessionFilter.java:131) ~[spring-security-web-7.0.5.jar:7.0.5]
	at org.springframework.security.web.FilterChainProxy$VirtualFilterChain.doFilter(FilterChainProxy.java:385) ~[spring-security-web-7.0.5.jar:7.0.5]
	at org.springframework.security.web.authentication.AbstractAuthenticationProcessingFilter.doFilter(AbstractAuthenticationProcessingFilter.java:245) ~[spring-security-web-7.0.5.jar:7.0.5]
	at org.springframework.security.web.authentication.AbstractAuthenticationProcessingFilter.doFilter(AbstractAuthenticationProcessingFilter.java:239) ~[spring-security-web-7.0.5.jar:7.0.5]
	at org.springframework.security.web.FilterChainProxy$VirtualFilterChain.doFilter(FilterChainProxy.java:385) ~[spring-security-web-7.0.5.jar:7.0.5]
	at org.springframework.security.web.authentication.logout.LogoutFilter.doFilter(LogoutFilter.java:110) ~[spring-security-web-7.0.5.jar:7.0.5]
	at org.springframework.security.web.authentication.logout.LogoutFilter.doFilter(LogoutFilter.java:96) ~[spring-security-web-7.0.5.jar:7.0.5]
	at org.springframework.security.web.FilterChainProxy$VirtualFilterChain.doFilter(FilterChainProxy.java:385) ~[spring-security-web-7.0.5.jar:7.0.5]
	at org.springframework.security.web.csrf.CsrfFilter.doFilterInternal(CsrfFilter.java:118) ~[spring-security-web-7.0.5.jar:7.0.5]
	at org.springframework.web.filter.OncePerRequestFilter.doFilter(OncePerRequestFilter.java:116) ~[spring-web-7.0.7.jar:7.0.7]
	at org.springframework.security.web.FilterChainProxy$VirtualFilterChain.doFilter(FilterChainProxy.java:385) ~[spring-security-web-7.0.5.jar:7.0.5]
	at org.springframework.security.web.header.HeaderWriterFilter.doHeadersAfter(HeaderWriterFilter.java:90) ~[spring-security-web-7.0.5.jar:7.0.5]
	at org.springframework.security.web.header.HeaderWriterFilter.doFilterInternal(HeaderWriterFilter.java:75) ~[spring-security-web-7.0.5.jar:7.0.5]
	at org.springframework.web.filter.OncePerRequestFilter.doFilter(OncePerRequestFilter.java:116) ~[spring-web-7.0.7.jar:7.0.7]
	at org.springframework.security.web.FilterChainProxy$VirtualFilterChain.doFilter(FilterChainProxy.java:385) ~[spring-security-web-7.0.5.jar:7.0.5]
	at org.springframework.security.web.context.SecurityContextHolderFilter.doFilter(SecurityContextHolderFilter.java:82) ~[spring-security-web-7.0.5.jar:7.0.5]
	at org.springframework.security.web.context.SecurityContextHolderFilter.doFilter(SecurityContextHolderFilter.java:69) ~[spring-security-web-7.0.5.jar:7.0.5]
	at org.springframework.security.web.FilterChainProxy$VirtualFilterChain.doFilter(FilterChainProxy.java:385) ~[spring-security-web-7.0.5.jar:7.0.5]
	at org.springframework.security.web.context.request.async.WebAsyncManagerIntegrationFilter.doFilterInternal(WebAsyncManagerIntegrationFilter.java:62) ~[spring-security-web-7.0.5.jar:7.0.5]
	at org.springframework.web.filter.OncePerRequestFilter.doFilter(OncePerRequestFilter.java:116) ~[spring-web-7.0.7.jar:7.0.7]
	at org.springframework.security.web.FilterChainProxy$VirtualFilterChain.doFilter(FilterChainProxy.java:385) ~[spring-security-web-7.0.5.jar:7.0.5]
	at org.springframework.security.web.session.DisableEncodeUrlFilter.doFilterInternal(DisableEncodeUrlFilter.java:42) ~[spring-security-web-7.0.5.jar:7.0.5]
	at org.springframework.web.filter.OncePerRequestFilter.doFilter(OncePerRequestFilter.java:116) ~[spring-web-7.0.7.jar:7.0.7]
	at org.springframework.security.web.FilterChainProxy$VirtualFilterChain.doFilter(FilterChainProxy.java:385) ~[spring-security-web-7.0.5.jar:7.0.5]
	at org.springframework.security.web.FilterChainProxy.doFilterInternal(FilterChainProxy.java:237) ~[spring-security-web-7.0.5.jar:7.0.5]
	at org.springframework.security.web.FilterChainProxy.doFilter(FilterChainProxy.java:195) ~[spring-security-web-7.0.5.jar:7.0.5]
	at org.springframework.web.filter.CompositeFilter$VirtualFilterChain.doFilter(CompositeFilter.java:113) ~[spring-web-7.0.7.jar:7.0.7]
	at org.springframework.web.filter.ServletRequestPathFilter.doFilter(ServletRequestPathFilter.java:52) ~[spring-web-7.0.7.jar:7.0.7]
	at org.springframework.web.filter.CompositeFilter$VirtualFilterChain.doFilter(CompositeFilter.java:113) ~[spring-web-7.0.7.jar:7.0.7]
	at org.springframework.web.filter.CompositeFilter.doFilter(CompositeFilter.java:74) ~[spring-web-7.0.7.jar:7.0.7]
	at org.springframework.security.config.annotation.web.configuration.WebSecurityConfiguration$CompositeFilterChainProxy.doFilter(WebSecurityConfiguration.java:317) ~[spring-security-config-7.0.5.jar:7.0.5]
	at org.springframework.web.filter.DelegatingFilterProxy.invokeDelegate(DelegatingFilterProxy.java:355) ~[spring-web-7.0.7.jar:7.0.7]
	at org.springframework.web.filter.DelegatingFilterProxy.doFilter(DelegatingFilterProxy.java:272) ~[spring-web-7.0.7.jar:7.0.7]
	at org.apache.catalina.core.ApplicationFilterChain.doFilter(ApplicationFilterChain.java:107) ~[tomcat-embed-core-11.0.21.jar:11.0.21]
	at org.springframework.web.filter.RequestContextFilter.doFilterInternal(RequestContextFilter.java:100) ~[spring-web-7.0.7.jar:7.0.7]
	at org.springframework.web.filter.OncePerRequestFilter.doFilter(OncePerRequestFilter.java:116) ~[spring-web-7.0.7.jar:7.0.7]
	at org.apache.catalina.core.ApplicationFilterChain.doFilter(ApplicationFilterChain.java:107) ~[tomcat-embed-core-11.0.21.jar:11.0.21]
	at org.springframework.web.filter.FormContentFilter.doFilterInternal(FormContentFilter.java:93) ~[spring-web-7.0.7.jar:7.0.7]
	at org.springframework.web.filter.OncePerRequestFilter.doFilter(OncePerRequestFilter.java:116) ~[spring-web-7.0.7.jar:7.0.7]
	at org.apache.catalina.core.ApplicationFilterChain.doFilter(ApplicationFilterChain.java:107) ~[tomcat-embed-core-11.0.21.jar:11.0.21]
	at org.springframework.web.filter.CharacterEncodingFilter.doFilterInternal(CharacterEncodingFilter.java:199) ~[spring-web-7.0.7.jar:7.0.7]
	at org.springframework.web.filter.OncePerRequestFilter.doFilter(OncePerRequestFilter.java:116) ~[spring-web-7.0.7.jar:7.0.7]
	at org.apache.catalina.core.ApplicationFilterChain.doFilter(ApplicationFilterChain.java:107) ~[tomcat-embed-core-11.0.21.jar:11.0.21]
	at org.apache.catalina.core.StandardWrapperValve.invoke(StandardWrapperValve.java:165) ~[tomcat-embed-core-11.0.21.jar:11.0.21]
	at org.apache.catalina.core.StandardContextValve.invoke(StandardContextValve.java:77) ~[tomcat-embed-core-11.0.21.jar:11.0.21]
	at org.apache.catalina.authenticator.AuthenticatorBase.invoke(AuthenticatorBase.java:492) ~[tomcat-embed-core-11.0.21.jar:11.0.21]
	at org.apache.catalina.core.StandardHostValve.invoke(StandardHostValve.java:113) ~[tomcat-embed-core-11.0.21.jar:11.0.21]
	at org.apache.catalina.valves.ErrorReportValve.invoke(ErrorReportValve.java:83) ~[tomcat-embed-core-11.0.21.jar:11.0.21]
	at org.apache.catalina.core.StandardEngineValve.invoke(StandardEngineValve.java:72) ~[tomcat-embed-core-11.0.21.jar:11.0.21]
	at org.apache.catalina.connector.CoyoteAdapter.service(CoyoteAdapter.java:341) ~[tomcat-embed-core-11.0.21.jar:11.0.21]
	at org.apache.coyote.http11.Http11Processor.service(Http11Processor.java:397) ~[tomcat-embed-core-11.0.21.jar:11.0.21]
	at org.apache.coyote.AbstractProcessorLight.process(AbstractProcessorLight.java:63) ~[tomcat-embed-core-11.0.21.jar:11.0.21]
	at org.apache.coyote.AbstractProtocol$ConnectionHandler.process(AbstractProtocol.java:903) ~[tomcat-embed-core-11.0.21.jar:11.0.21]
	at org.apache.tomcat.util.net.NioEndpoint$SocketProcessor.doRun(NioEndpoint.java:1801) ~[tomcat-embed-core-11.0.21.jar:11.0.21]
	at org.apache.tomcat.util.net.SocketProcessorBase.run(SocketProcessorBase.java:52) ~[tomcat-embed-core-11.0.21.jar:11.0.21]
	at org.apache.tomcat.util.threads.ThreadPoolExecutor.runWorker(ThreadPoolExecutor.java:946) ~[tomcat-embed-core-11.0.21.jar:11.0.21]
	at org.apache.tomcat.util.threads.ThreadPoolExecutor$Worker.run(ThreadPoolExecutor.java:480) ~[tomcat-embed-core-11.0.21.jar:11.0.21]
	at org.apache.tomcat.util.threads.TaskThread$WrappingRunnable.run(TaskThread.java:57) ~[tomcat-embed-core-11.0.21.jar:11.0.21]
	at java.base/java.lang.Thread.run(Thread.java:1516) ~[na:na]

2026-08-10T15:51:00.103+05:30 ERROR 13208 --- [Bug Tracking System] [http-nio-8081-exec-8] a.e.ErrorMvcAutoConfiguration$StaticView : Cannot render error page for request [/bugs] and exception [An error happened during template parsing (template: "class path resource [templates/bugs/list.html]")] as the response has already been committed. As a result, the response may have the wrong status code.
2026-08-10T15:51:08.999+05:30 ERROR 13208 --- [Bug Tracking System] [http-nio-8081-exec-9] org.thymeleaf.TemplateEngine             : [THYMELEAF][http-nio-8081-exec-9] Exception processing template "bugs/list": An error happened during template parsing (template: "class path resource [templates/bugs/list.html]")

org.thymeleaf.exceptions.TemplateInputException: An error happened during template parsing (template: "class path resource [templates/bugs/list.html]")
	at org.thymeleaf.templateparser.markup.AbstractMarkupTemplateParser.parse(AbstractMarkupTemplateParser.java:241) ~[thymeleaf-3.1.5.RELEASE.jar:3.1.5.RELEASE]
	at org.thymeleaf.templateparser.markup.AbstractMarkupTemplateParser.parseStandalone(AbstractMarkupTemplateParser.java:100) ~[thymeleaf-3.1.5.RELEASE.jar:3.1.5.RELEASE]
	at org.thymeleaf.engine.TemplateManager.parseAndProcess(TemplateManager.java:666) ~[thymeleaf-3.1.5.RELEASE.jar:3.1.5.RELEASE]
	at org.thymeleaf.TemplateEngine.process(TemplateEngine.java:1103) ~[thymeleaf-3.1.5.RELEASE.jar:3.1.5.RELEASE]
	at org.thymeleaf.TemplateEngine.process(TemplateEngine.java:1077) ~[thymeleaf-3.1.5.RELEASE.jar:3.1.5.RELEASE]
	at org.thymeleaf.spring6.view.ThymeleafView.renderFragment(ThymeleafView.java:374) ~[thymeleaf-spring6-3.1.5.RELEASE.jar:3.1.5.RELEASE]
	at org.thymeleaf.spring6.view.ThymeleafView.render(ThymeleafView.java:193) ~[thymeleaf-spring6-3.1.5.RELEASE.jar:3.1.5.RELEASE]
	at org.springframework.web.servlet.DispatcherServlet.render(DispatcherServlet.java:1305) ~[spring-webmvc-7.0.7.jar:7.0.7]
	at org.springframework.web.servlet.DispatcherServlet.processDispatchResult(DispatcherServlet.java:1042) ~[spring-webmvc-7.0.7.jar:7.0.7]
	at org.springframework.web.servlet.DispatcherServlet.doDispatch(DispatcherServlet.java:980) ~[spring-webmvc-7.0.7.jar:7.0.7]
	at org.springframework.web.servlet.DispatcherServlet.doService(DispatcherServlet.java:866) ~[spring-webmvc-7.0.7.jar:7.0.7]
	at org.springframework.web.servlet.FrameworkServlet.processRequest(FrameworkServlet.java:1000) ~[spring-webmvc-7.0.7.jar:7.0.7]
	at org.springframework.web.servlet.FrameworkServlet.doGet(FrameworkServlet.java:892) ~[spring-webmvc-7.0.7.jar:7.0.7]
	at jakarta.servlet.http.HttpServlet.service(HttpServlet.java:622) ~[tomcat-embed-core-11.0.21.jar:6.1]
	at org.springframework.web.servlet.FrameworkServlet.service(FrameworkServlet.java:874) ~[spring-webmvc-7.0.7.jar:7.0.7]
	at jakarta.servlet.http.HttpServlet.service(HttpServlet.java:710) ~[tomcat-embed-core-11.0.21.jar:6.1]
	at org.apache.catalina.core.ApplicationFilterChain.doFilter(ApplicationFilterChain.java:128) ~[tomcat-embed-core-11.0.21.jar:11.0.21]
	at org.apache.tomcat.websocket.server.WsFilter.doFilter(WsFilter.java:53) ~[tomcat-embed-websocket-11.0.21.jar:11.0.21]
	at org.apache.catalina.core.ApplicationFilterChain.doFilter(ApplicationFilterChain.java:107) ~[tomcat-embed-core-11.0.21.jar:11.0.21]
	at org.springframework.web.filter.CompositeFilter$VirtualFilterChain.doFilter(CompositeFilter.java:108) ~[spring-web-7.0.7.jar:7.0.7]
	at org.springframework.security.web.FilterChainProxy.lambda$doFilterInternal$3(FilterChainProxy.java:235) ~[spring-security-web-7.0.5.jar:7.0.5]
	at org.springframework.security.web.FilterChainProxy$VirtualFilterChain.doFilter(FilterChainProxy.java:376) ~[spring-security-web-7.0.5.jar:7.0.5]
	at org.springframework.security.web.access.intercept.AuthorizationFilter.doFilter(AuthorizationFilter.java:101) ~[spring-security-web-7.0.5.jar:7.0.5]
	at org.springframework.security.web.FilterChainProxy$VirtualFilterChain.doFilter(FilterChainProxy.java:385) ~[spring-security-web-7.0.5.jar:7.0.5]
	at org.springframework.security.web.access.ExceptionTranslationFilter.doFilter(ExceptionTranslationFilter.java:126) ~[spring-security-web-7.0.5.jar:7.0.5]
	at org.springframework.security.web.access.ExceptionTranslationFilter.doFilter(ExceptionTranslationFilter.java:120) ~[spring-security-web-7.0.5.jar:7.0.5]
	at org.springframework.security.web.FilterChainProxy$VirtualFilterChain.doFilter(FilterChainProxy.java:385) ~[spring-security-web-7.0.5.jar:7.0.5]
	at org.springframework.security.web.session.SessionManagementFilter.doFilter(SessionManagementFilter.java:132) ~[spring-security-web-7.0.5.jar:7.0.5]
	at org.springframework.security.web.session.SessionManagementFilter.doFilter(SessionManagementFilter.java:86) ~[spring-security-web-7.0.5.jar:7.0.5]
	at org.springframework.security.web.FilterChainProxy$VirtualFilterChain.doFilter(FilterChainProxy.java:385) ~[spring-security-web-7.0.5.jar:7.0.5]
	at org.springframework.security.web.authentication.AnonymousAuthenticationFilter.doFilter(AnonymousAuthenticationFilter.java:100) ~[spring-security-web-7.0.5.jar:7.0.5]
	at org.springframework.security.web.FilterChainProxy$VirtualFilterChain.doFilter(FilterChainProxy.java:385) ~[spring-security-web-7.0.5.jar:7.0.5]
	at org.springframework.security.web.servletapi.SecurityContextHolderAwareRequestFilter.doFilter(SecurityContextHolderAwareRequestFilter.java:181) ~[spring-security-web-7.0.5.jar:7.0.5]
	at org.springframework.security.web.FilterChainProxy$VirtualFilterChain.doFilter(FilterChainProxy.java:385) ~[spring-security-web-7.0.5.jar:7.0.5]
	at org.springframework.security.web.savedrequest.RequestCacheAwareFilter.doFilter(RequestCacheAwareFilter.java:63) ~[spring-security-web-7.0.5.jar:7.0.5]
	at org.springframework.security.web.FilterChainProxy$VirtualFilterChain.doFilter(FilterChainProxy.java:385) ~[spring-security-web-7.0.5.jar:7.0.5]
	at org.springframework.security.web.session.ConcurrentSessionFilter.doFilter(ConcurrentSessionFilter.java:153) ~[spring-security-web-7.0.5.jar:7.0.5]
	at org.springframework.security.web.session.ConcurrentSessionFilter.doFilter(ConcurrentSessionFilter.java:131) ~[spring-security-web-7.0.5.jar:7.0.5]
	at org.springframework.security.web.FilterChainProxy$VirtualFilterChain.doFilter(FilterChainProxy.java:385) ~[spring-security-web-7.0.5.jar:7.0.5]
	at org.springframework.security.web.authentication.AbstractAuthenticationProcessingFilter.doFilter(AbstractAuthenticationProcessingFilter.java:245) ~[spring-security-web-7.0.5.jar:7.0.5]
	at org.springframework.security.web.authentication.AbstractAuthenticationProcessingFilter.doFilter(AbstractAuthenticationProcessingFilter.java:239) ~[spring-security-web-7.0.5.jar:7.0.5]
	at org.springframework.security.web.FilterChainProxy$VirtualFilterChain.doFilter(FilterChainProxy.java:385) ~[spring-security-web-7.0.5.jar:7.0.5]
	at org.springframework.security.web.authentication.logout.LogoutFilter.doFilter(LogoutFilter.java:110) ~[spring-security-web-7.0.5.jar:7.0.5]
	at org.springframework.security.web.authentication.logout.LogoutFilter.doFilter(LogoutFilter.java:96) ~[spring-security-web-7.0.5.jar:7.0.5]
	at org.springframework.security.web.FilterChainProxy$VirtualFilterChain.doFilter(FilterChainProxy.java:385) ~[spring-security-web-7.0.5.jar:7.0.5]
	at org.springframework.security.web.csrf.CsrfFilter.doFilterInternal(CsrfFilter.java:118) ~[spring-security-web-7.0.5.jar:7.0.5]
	at org.springframework.web.filter.OncePerRequestFilter.doFilter(OncePerRequestFilter.java:116) ~[spring-web-7.0.7.jar:7.0.7]
	at org.springframework.security.web.FilterChainProxy$VirtualFilterChain.doFilter(FilterChainProxy.java:385) ~[spring-security-web-7.0.5.jar:7.0.5]
	at org.springframework.security.web.header.HeaderWriterFilter.doHeadersAfter(HeaderWriterFilter.java:90) ~[spring-security-web-7.0.5.jar:7.0.5]
	at org.springframework.security.web.header.HeaderWriterFilter.doFilterInternal(HeaderWriterFilter.java:75) ~[spring-security-web-7.0.5.jar:7.0.5]
	at org.springframework.web.filter.OncePerRequestFilter.doFilter(OncePerRequestFilter.java:116) ~[spring-web-7.0.7.jar:7.0.7]
	at org.springframework.security.web.FilterChainProxy$VirtualFilterChain.doFilter(FilterChainProxy.java:385) ~[spring-security-web-7.0.5.jar:7.0.5]
	at org.springframework.security.web.context.SecurityContextHolderFilter.doFilter(SecurityContextHolderFilter.java:82) ~[spring-security-web-7.0.5.jar:7.0.5]
	at org.springframework.security.web.context.SecurityContextHolderFilter.doFilter(SecurityContextHolderFilter.java:69) ~[spring-security-web-7.0.5.jar:7.0.5]
	at org.springframework.security.web.FilterChainProxy$VirtualFilterChain.doFilter(FilterChainProxy.java:385) ~[spring-security-web-7.0.5.jar:7.0.5]
	at org.springframework.security.web.context.request.async.WebAsyncManagerIntegrationFilter.doFilterInternal(WebAsyncManagerIntegrationFilter.java:62) ~[spring-security-web-7.0.5.jar:7.0.5]
	at org.springframework.web.filter.OncePerRequestFilter.doFilter(OncePerRequestFilter.java:116) ~[spring-web-7.0.7.jar:7.0.7]
	at org.springframework.security.web.FilterChainProxy$VirtualFilterChain.doFilter(FilterChainProxy.java:385) ~[spring-security-web-7.0.5.jar:7.0.5]
	at org.springframework.security.web.session.DisableEncodeUrlFilter.doFilterInternal(DisableEncodeUrlFilter.java:42) ~[spring-security-web-7.0.5.jar:7.0.5]
	at org.springframework.web.filter.OncePerRequestFilter.doFilter(OncePerRequestFilter.java:116) ~[spring-web-7.0.7.jar:7.0.7]
	at org.springframework.security.web.FilterChainProxy$VirtualFilterChain.doFilter(FilterChainProxy.java:385) ~[spring-security-web-7.0.5.jar:7.0.5]
	at org.springframework.security.web.FilterChainProxy.doFilterInternal(FilterChainProxy.java:237) ~[spring-security-web-7.0.5.jar:7.0.5]
	at org.springframework.security.web.FilterChainProxy.doFilter(FilterChainProxy.java:195) ~[spring-security-web-7.0.5.jar:7.0.5]
	at org.springframework.web.filter.CompositeFilter$VirtualFilterChain.doFilter(CompositeFilter.java:113) ~[spring-web-7.0.7.jar:7.0.7]
	at org.springframework.web.filter.ServletRequestPathFilter.doFilter(ServletRequestPathFilter.java:52) ~[spring-web-7.0.7.jar:7.0.7]
	at org.springframework.web.filter.CompositeFilter$VirtualFilterChain.doFilter(CompositeFilter.java:113) ~[spring-web-7.0.7.jar:7.0.7]
	at org.springframework.web.filter.CompositeFilter.doFilter(CompositeFilter.java:74) ~[spring-web-7.0.7.jar:7.0.7]
	at org.springframework.security.config.annotation.web.configuration.WebSecurityConfiguration$CompositeFilterChainProxy.doFilter(WebSecurityConfiguration.java:317) ~[spring-security-config-7.0.5.jar:7.0.5]
	at org.springframework.web.filter.DelegatingFilterProxy.invokeDelegate(DelegatingFilterProxy.java:355) ~[spring-web-7.0.7.jar:7.0.7]
	at org.springframework.web.filter.DelegatingFilterProxy.doFilter(DelegatingFilterProxy.java:272) ~[spring-web-7.0.7.jar:7.0.7]
	at org.apache.catalina.core.ApplicationFilterChain.doFilter(ApplicationFilterChain.java:107) ~[tomcat-embed-core-11.0.21.jar:11.0.21]
	at org.springframework.web.filter.RequestContextFilter.doFilterInternal(RequestContextFilter.java:100) ~[spring-web-7.0.7.jar:7.0.7]
	at org.springframework.web.filter.OncePerRequestFilter.doFilter(OncePerRequestFilter.java:116) ~[spring-web-7.0.7.jar:7.0.7]
	at org.apache.catalina.core.ApplicationFilterChain.doFilter(ApplicationFilterChain.java:107) ~[tomcat-embed-core-11.0.21.jar:11.0.21]
	at org.springframework.web.filter.FormContentFilter.doFilterInternal(FormContentFilter.java:93) ~[spring-web-7.0.7.jar:7.0.7]
	at org.springframework.web.filter.OncePerRequestFilter.doFilter(OncePerRequestFilter.java:116) ~[spring-web-7.0.7.jar:7.0.7]
	at org.apache.catalina.core.ApplicationFilterChain.doFilter(ApplicationFilterChain.java:107) ~[tomcat-embed-core-11.0.21.jar:11.0.21]
	at org.springframework.web.filter.CharacterEncodingFilter.doFilterInternal(CharacterEncodingFilter.java:199) ~[spring-web-7.0.7.jar:7.0.7]
	at org.springframework.web.filter.OncePerRequestFilter.doFilter(OncePerRequestFilter.java:116) ~[spring-web-7.0.7.jar:7.0.7]
	at org.apache.catalina.core.ApplicationFilterChain.doFilter(ApplicationFilterChain.java:107) ~[tomcat-embed-core-11.0.21.jar:11.0.21]
	at org.apache.catalina.core.StandardWrapperValve.invoke(StandardWrapperValve.java:165) ~[tomcat-embed-core-11.0.21.jar:11.0.21]
	at org.apache.catalina.core.StandardContextValve.invoke(StandardContextValve.java:77) ~[tomcat-embed-core-11.0.21.jar:11.0.21]
	at org.apache.catalina.authenticator.AuthenticatorBase.invoke(AuthenticatorBase.java:492) ~[tomcat-embed-core-11.0.21.jar:11.0.21]
	at org.apache.catalina.core.StandardHostValve.invoke(StandardHostValve.java:113) ~[tomcat-embed-core-11.0.21.jar:11.0.21]
	at org.apache.catalina.valves.ErrorReportValve.invoke(ErrorReportValve.java:83) ~[tomcat-embed-core-11.0.21.jar:11.0.21]
	at org.apache.catalina.core.StandardEngineValve.invoke(StandardEngineValve.java:72) ~[tomcat-embed-core-11.0.21.jar:11.0.21]
	at org.apache.catalina.connector.CoyoteAdapter.service(CoyoteAdapter.java:341) ~[tomcat-embed-core-11.0.21.jar:11.0.21]
	at org.apache.coyote.http11.Http11Processor.service(Http11Processor.java:397) ~[tomcat-embed-core-11.0.21.jar:11.0.21]
	at org.apache.coyote.AbstractProcessorLight.process(AbstractProcessorLight.java:63) ~[tomcat-embed-core-11.0.21.jar:11.0.21]
	at org.apache.coyote.AbstractProtocol$ConnectionHandler.process(AbstractProtocol.java:903) ~[tomcat-embed-core-11.0.21.jar:11.0.21]
	at org.apache.tomcat.util.net.NioEndpoint$SocketProcessor.doRun(NioEndpoint.java:1801) ~[tomcat-embed-core-11.0.21.jar:11.0.21]
	at org.apache.tomcat.util.net.SocketProcessorBase.run(SocketProcessorBase.java:52) ~[tomcat-embed-core-11.0.21.jar:11.0.21]
	at org.apache.tomcat.util.threads.ThreadPoolExecutor.runWorker(ThreadPoolExecutor.java:946) ~[tomcat-embed-core-11.0.21.jar:11.0.21]
	at org.apache.tomcat.util.threads.ThreadPoolExecutor$Worker.run(ThreadPoolExecutor.java:480) ~[tomcat-embed-core-11.0.21.jar:11.0.21]
	at org.apache.tomcat.util.threads.TaskThread$WrappingRunnable.run(TaskThread.java:57) ~[tomcat-embed-core-11.0.21.jar:11.0.21]
	at java.base/java.lang.Thread.run(Thread.java:1516) ~[na:na]
Caused by: org.attoparser.ParseException: Error during execution of processor 'org.thymeleaf.standard.processor.StandardEachTagProcessor' (template: "bugs/list" - line 501, col 33)
	at org.attoparser.MarkupParser.parseDocument(MarkupParser.java:393) ~[attoparser-2.0.7.RELEASE.jar:2.0.7.RELEASE]
	at org.attoparser.MarkupParser.parse(MarkupParser.java:257) ~[attoparser-2.0.7.RELEASE.jar:2.0.7.RELEASE]
	at org.thymeleaf.templateparser.markup.AbstractMarkupTemplateParser.parse(AbstractMarkupTemplateParser.java:230) ~[thymeleaf-3.1.5.RELEASE.jar:3.1.5.RELEASE]
	... 95 common frames omitted
Caused by: org.thymeleaf.exceptions.TemplateProcessingException: Error during execution of processor 'org.thymeleaf.standard.processor.StandardEachTagProcessor' (template: "bugs/list" - line 501, col 33)
	at org.thymeleaf.processor.element.AbstractAttributeTagProcessor.doProcess(AbstractAttributeTagProcessor.java:117) ~[thymeleaf-3.1.5.RELEASE.jar:3.1.5.RELEASE]
	at org.thymeleaf.processor.element.AbstractElementTagProcessor.process(AbstractElementTagProcessor.java:95) ~[thymeleaf-3.1.5.RELEASE.jar:3.1.5.RELEASE]
	at org.thymeleaf.util.ProcessorConfigurationUtils$ElementTagProcessorWrapper.process(ProcessorConfigurationUtils.java:633) ~[thymeleaf-3.1.5.RELEASE.jar:3.1.5.RELEASE]
	at org.thymeleaf.engine.ProcessorTemplateHandler.handleOpenElement(ProcessorTemplateHandler.java:1314) ~[thymeleaf-3.1.5.RELEASE.jar:3.1.5.RELEASE]
	at org.thymeleaf.engine.TemplateHandlerAdapterMarkupHandler.handleOpenElementEnd(TemplateHandlerAdapterMarkupHandler.java:304) ~[thymeleaf-3.1.5.RELEASE.jar:3.1.5.RELEASE]
	at org.thymeleaf.templateparser.markup.InlinedOutputExpressionMarkupHandler$InlineMarkupAdapterPreProcessorHandler.handleOpenElementEnd(InlinedOutputExpressionMarkupHandler.java:278) ~[thymeleaf-3.1.5.RELEASE.jar:3.1.5.RELEASE]
	at org.thymeleaf.standard.inline.OutputExpressionInlinePreProcessorHandler.handleOpenElementEnd(OutputExpressionInlinePreProcessorHandler.java:186) ~[thymeleaf-3.1.5.RELEASE.jar:3.1.5.RELEASE]
	at org.thymeleaf.templateparser.markup.InlinedOutputExpressionMarkupHandler.handleOpenElementEnd(InlinedOutputExpressionMarkupHandler.java:124) ~[thymeleaf-3.1.5.RELEASE.jar:3.1.5.RELEASE]
	at org.attoparser.HtmlElement.handleOpenElementEnd(HtmlElement.java:109) ~[attoparser-2.0.7.RELEASE.jar:2.0.7.RELEASE]
	at org.attoparser.HtmlMarkupHandler.handleOpenElementEnd(HtmlMarkupHandler.java:297) ~[attoparser-2.0.7.RELEASE.jar:2.0.7.RELEASE]
	at org.attoparser.MarkupEventProcessorHandler.handleOpenElementEnd(MarkupEventProcessorHandler.java:402) ~[attoparser-2.0.7.RELEASE.jar:2.0.7.RELEASE]
	at org.attoparser.ParsingElementMarkupUtil.parseOpenElement(ParsingElementMarkupUtil.java:159) ~[attoparser-2.0.7.RELEASE.jar:2.0.7.RELEASE]
	at org.attoparser.MarkupParser.parseBuffer(MarkupParser.java:710) ~[attoparser-2.0.7.RELEASE.jar:2.0.7.RELEASE]
	at org.attoparser.MarkupParser.parseDocument(MarkupParser.java:301) ~[attoparser-2.0.7.RELEASE.jar:2.0.7.RELEASE]
	... 97 common frames omitted
Caused by: org.springframework.expression.spel.SpelParseException: Expression [#numbers.sequence(
                                              [[${ [[${ Math.max(1,
                                              currentPage-2) }]] }]],
                                              [[${ Math.min(totalPages,
                                              currentPage+2) }]])] @69: EL1043E: Unexpected token. Expected 'rsquare(])' but was 'lcurly({)'
	at org.springframework.expression.spel.standard.InternalSpelExpressionParser.internalException(InternalSpelExpressionParser.java:1057) ~[spring-expression-7.0.7.jar:7.0.7]
	at org.springframework.expression.spel.standard.InternalSpelExpressionParser.eatToken(InternalSpelExpressionParser.java:938) ~[spring-expression-7.0.7.jar:7.0.7]
	at org.springframework.expression.spel.standard.InternalSpelExpressionParser.maybeEatIndexer(InternalSpelExpressionParser.java:701) ~[spring-expression-7.0.7.jar:7.0.7]
	at org.springframework.expression.spel.standard.InternalSpelExpressionParser.eatStartNode(InternalSpelExpressionParser.java:530) ~[spring-expression-7.0.7.jar:7.0.7]
	at org.springframework.expression.spel.standard.InternalSpelExpressionParser.eatPrimaryExpression(InternalSpelExpressionParser.java:367) ~[spring-expression-7.0.7.jar:7.0.7]
	at org.springframework.expression.spel.standard.InternalSpelExpressionParser.eatUnaryExpression(InternalSpelExpressionParser.java:362) ~[spring-expression-7.0.7.jar:7.0.7]
	at org.springframework.expression.spel.standard.InternalSpelExpressionParser.eatPowerIncDecExpression(InternalSpelExpressionParser.java:316) ~[spring-expression-7.0.7.jar:7.0.7]
	at org.springframework.expression.spel.standard.InternalSpelExpressionParser.eatProductExpression(InternalSpelExpressionParser.java:295) ~[spring-expression-7.0.7.jar:7.0.7]
	at org.springframework.expression.spel.standard.InternalSpelExpressionParser.eatSumExpression(InternalSpelExpressionParser.java:278) ~[spring-expression-7.0.7.jar:7.0.7]
	at org.springframework.expression.spel.standard.InternalSpelExpressionParser.eatRelationalExpression(InternalSpelExpressionParser.java:233) ~[spring-expression-7.0.7.jar:7.0.7]
	at org.springframework.expression.spel.standard.InternalSpelExpressionParser.eatLogicalAndExpression(InternalSpelExpressionParser.java:221) ~[spring-expression-7.0.7.jar:7.0.7]
	at org.springframework.expression.spel.standard.InternalSpelExpressionParser.eatLogicalOrExpression(InternalSpelExpressionParser.java:209) ~[spring-expression-7.0.7.jar:7.0.7]
	at org.springframework.expression.spel.standard.InternalSpelExpressionParser.eatExpression(InternalSpelExpressionParser.java:171) ~[spring-expression-7.0.7.jar:7.0.7]
	at org.springframework.expression.spel.standard.InternalSpelExpressionParser.maybeEatIndexer(InternalSpelExpressionParser.java:697) ~[spring-expression-7.0.7.jar:7.0.7]
	at org.springframework.expression.spel.standard.InternalSpelExpressionParser.eatStartNode(InternalSpelExpressionParser.java:530) ~[spring-expression-7.0.7.jar:7.0.7]
	at org.springframework.expression.spel.standard.InternalSpelExpressionParser.eatPrimaryExpression(InternalSpelExpressionParser.java:367) ~[spring-expression-7.0.7.jar:7.0.7]
	at org.springframework.expression.spel.standard.InternalSpelExpressionParser.eatUnaryExpression(InternalSpelExpressionParser.java:362) ~[spring-expression-7.0.7.jar:7.0.7]
	at org.springframework.expression.spel.standard.InternalSpelExpressionParser.eatPowerIncDecExpression(InternalSpelExpressionParser.java:316) ~[spring-expression-7.0.7.jar:7.0.7]
	at org.springframework.expression.spel.standard.InternalSpelExpressionParser.eatProductExpression(InternalSpelExpressionParser.java:295) ~[spring-expression-7.0.7.jar:7.0.7]
	at org.springframework.expression.spel.standard.InternalSpelExpressionParser.eatSumExpression(InternalSpelExpressionParser.java:278) ~[spring-expression-7.0.7.jar:7.0.7]
	at org.springframework.expression.spel.standard.InternalSpelExpressionParser.eatRelationalExpression(InternalSpelExpressionParser.java:233) ~[spring-expression-7.0.7.jar:7.0.7]
	at org.springframework.expression.spel.standard.InternalSpelExpressionParser.eatLogicalAndExpression(InternalSpelExpressionParser.java:221) ~[spring-expression-7.0.7.jar:7.0.7]
	at org.springframework.expression.spel.standard.InternalSpelExpressionParser.eatLogicalOrExpression(InternalSpelExpressionParser.java:209) ~[spring-expression-7.0.7.jar:7.0.7]
	at org.springframework.expression.spel.standard.InternalSpelExpressionParser.eatExpression(InternalSpelExpressionParser.java:171) ~[spring-expression-7.0.7.jar:7.0.7]
	at org.springframework.expression.spel.standard.InternalSpelExpressionParser.consumeArguments(InternalSpelExpressionParser.java:485) ~[spring-expression-7.0.7.jar:7.0.7]
	at org.springframework.expression.spel.standard.InternalSpelExpressionParser.maybeEatMethodArgs(InternalSpelExpressionParser.java:455) ~[spring-expression-7.0.7.jar:7.0.7]
	at org.springframework.expression.spel.standard.InternalSpelExpressionParser.maybeEatMethodOrProperty(InternalSpelExpressionParser.java:771) ~[spring-expression-7.0.7.jar:7.0.7]
	at org.springframework.expression.spel.standard.InternalSpelExpressionParser.eatDottedNode(InternalSpelExpressionParser.java:412) ~[spring-expression-7.0.7.jar:7.0.7]
	at org.springframework.expression.spel.standard.InternalSpelExpressionParser.eatNode(InternalSpelExpressionParser.java:387) ~[spring-expression-7.0.7.jar:7.0.7]
	at org.springframework.expression.spel.standard.InternalSpelExpressionParser.eatPrimaryExpression(InternalSpelExpressionParser.java:369) ~[spring-expression-7.0.7.jar:7.0.7]
	at org.springframework.expression.spel.standard.InternalSpelExpressionParser.eatUnaryExpression(InternalSpelExpressionParser.java:362) ~[spring-expression-7.0.7.jar:7.0.7]
	at org.springframework.expression.spel.standard.InternalSpelExpressionParser.eatPowerIncDecExpression(InternalSpelExpressionParser.java:316) ~[spring-expression-7.0.7.jar:7.0.7]
	at org.springframework.expression.spel.standard.InternalSpelExpressionParser.eatProductExpression(InternalSpelExpressionParser.java:295) ~[spring-expression-7.0.7.jar:7.0.7]
	at org.springframework.expression.spel.standard.InternalSpelExpressionParser.eatSumExpression(InternalSpelExpressionParser.java:278) ~[spring-expression-7.0.7.jar:7.0.7]
	at org.springframework.expression.spel.standard.InternalSpelExpressionParser.eatRelationalExpression(InternalSpelExpressionParser.java:233) ~[spring-expression-7.0.7.jar:7.0.7]
	at org.springframework.expression.spel.standard.InternalSpelExpressionParser.eatLogicalAndExpression(InternalSpelExpressionParser.java:221) ~[spring-expression-7.0.7.jar:7.0.7]
	at org.springframework.expression.spel.standard.InternalSpelExpressionParser.eatLogicalOrExpression(InternalSpelExpressionParser.java:209) ~[spring-expression-7.0.7.jar:7.0.7]
	at org.springframework.expression.spel.standard.InternalSpelExpressionParser.eatExpression(InternalSpelExpressionParser.java:171) ~[spring-expression-7.0.7.jar:7.0.7]
	at org.springframework.expression.spel.standard.InternalSpelExpressionParser.doParseExpression(InternalSpelExpressionParser.java:141) ~[spring-expression-7.0.7.jar:7.0.7]
	at org.springframework.expression.spel.standard.SpelExpressionParser.doParseExpression(SpelExpressionParser.java:64) ~[spring-expression-7.0.7.jar:7.0.7]
	at org.springframework.expression.spel.standard.SpelExpressionParser.doParseExpression(SpelExpressionParser.java:35) ~[spring-expression-7.0.7.jar:7.0.7]
	at org.springframework.expression.common.TemplateAwareExpressionParser.parseExpression(TemplateAwareExpressionParser.java:63) ~[spring-expression-7.0.7.jar:7.0.7]
	at org.springframework.expression.common.TemplateAwareExpressionParser.parseExpression(TemplateAwareExpressionParser.java:52) ~[spring-expression-7.0.7.jar:7.0.7]
	at org.thymeleaf.spring6.expression.SPELVariableExpressionEvaluator.getExpression(SPELVariableExpressionEvaluator.java:383) ~[thymeleaf-spring6-3.1.5.RELEASE.jar:3.1.5.RELEASE]
	at org.thymeleaf.spring6.expression.SPELVariableExpressionEvaluator.obtainComputedSpelExpression(SPELVariableExpressionEvaluator.java:331) ~[thymeleaf-spring6-3.1.5.RELEASE.jar:3.1.5.RELEASE]
	at org.thymeleaf.spring6.expression.SPELVariableExpressionEvaluator.evaluate(SPELVariableExpressionEvaluator.java:159) ~[thymeleaf-spring6-3.1.5.RELEASE.jar:3.1.5.RELEASE]
	at org.thymeleaf.standard.expression.VariableExpression.executeVariableExpression(VariableExpression.java:166) ~[thymeleaf-3.1.5.RELEASE.jar:3.1.5.RELEASE]
	at org.thymeleaf.standard.expression.SimpleExpression.executeSimple(SimpleExpression.java:66) ~[thymeleaf-3.1.5.RELEASE.jar:3.1.5.RELEASE]
	at org.thymeleaf.standard.expression.Expression.execute(Expression.java:109) ~[thymeleaf-3.1.5.RELEASE.jar:3.1.5.RELEASE]
	at org.thymeleaf.standard.expression.Expression.execute(Expression.java:138) ~[thymeleaf-3.1.5.RELEASE.jar:3.1.5.RELEASE]
	at org.thymeleaf.standard.expression.Expression.execute(Expression.java:125) ~[thymeleaf-3.1.5.RELEASE.jar:3.1.5.RELEASE]
	at org.thymeleaf.standard.processor.StandardEachTagProcessor.doProcess(StandardEachTagProcessor.java:73) ~[thymeleaf-3.1.5.RELEASE.jar:3.1.5.RELEASE]
	at org.thymeleaf.processor.element.AbstractAttributeTagProcessor.doProcess(AbstractAttributeTagProcessor.java:74) ~[thymeleaf-3.1.5.RELEASE.jar:3.1.5.RELEASE]
	... 110 common frames omitted

2026-08-10T15:51:09.013+05:30 ERROR 13208 --- [Bug Tracking System] [http-nio-8081-exec-9] o.a.c.c.C.[.[.[/].[dispatcherServlet]    : Servlet.service() for servlet [dispatcherServlet] in context with path [] threw exception [Request processing failed: org.thymeleaf.exceptions.TemplateInputException: An error happened during template parsing (template: "class path resource [templates/bugs/list.html]")] with root cause

org.springframework.expression.spel.SpelParseException: Expression [#numbers.sequence(
                                              [[${ [[${ Math.max(1,
                                              currentPage-2) }]] }]],
                                              [[${ Math.min(totalPages,
                                              currentPage+2) }]])] @69: EL1043E: Unexpected token. Expected 'rsquare(])' but was 'lcurly({)'
	at org.springframework.expression.spel.standard.InternalSpelExpressionParser.internalException(InternalSpelExpressionParser.java:1057) ~[spring-expression-7.0.7.jar:7.0.7]
	at org.springframework.expression.spel.standard.InternalSpelExpressionParser.eatToken(InternalSpelExpressionParser.java:938) ~[spring-expression-7.0.7.jar:7.0.7]
	at org.springframework.expression.spel.standard.InternalSpelExpressionParser.maybeEatIndexer(InternalSpelExpressionParser.java:701) ~[spring-expression-7.0.7.jar:7.0.7]
	at org.springframework.expression.spel.standard.InternalSpelExpressionParser.eatStartNode(InternalSpelExpressionParser.java:530) ~[spring-expression-7.0.7.jar:7.0.7]
	at org.springframework.expression.spel.standard.InternalSpelExpressionParser.eatPrimaryExpression(InternalSpelExpressionParser.java:367) ~[spring-expression-7.0.7.jar:7.0.7]
	at org.springframework.expression.spel.standard.InternalSpelExpressionParser.eatUnaryExpression(InternalSpelExpressionParser.java:362) ~[spring-expression-7.0.7.jar:7.0.7]
	at org.springframework.expression.spel.standard.InternalSpelExpressionParser.eatPowerIncDecExpression(InternalSpelExpressionParser.java:316) ~[spring-expression-7.0.7.jar:7.0.7]
	at org.springframework.expression.spel.standard.InternalSpelExpressionParser.eatProductExpression(InternalSpelExpressionParser.java:295) ~[spring-expression-7.0.7.jar:7.0.7]
	at org.springframework.expression.spel.standard.InternalSpelExpressionParser.eatSumExpression(InternalSpelExpressionParser.java:278) ~[spring-expression-7.0.7.jar:7.0.7]
	at org.springframework.expression.spel.standard.InternalSpelExpressionParser.eatRelationalExpression(InternalSpelExpressionParser.java:233) ~[spring-expression-7.0.7.jar:7.0.7]
	at org.springframework.expression.spel.standard.InternalSpelExpressionParser.eatLogicalAndExpression(InternalSpelExpressionParser.java:221) ~[spring-expression-7.0.7.jar:7.0.7]
	at org.springframework.expression.spel.standard.InternalSpelExpressionParser.eatLogicalOrExpression(InternalSpelExpressionParser.java:209) ~[spring-expression-7.0.7.jar:7.0.7]
	at org.springframework.expression.spel.standard.InternalSpelExpressionParser.eatExpression(InternalSpelExpressionParser.java:171) ~[spring-expression-7.0.7.jar:7.0.7]
	at org.springframework.expression.spel.standard.InternalSpelExpressionParser.maybeEatIndexer(InternalSpelExpressionParser.java:697) ~[spring-expression-7.0.7.jar:7.0.7]
	at org.springframework.expression.spel.standard.InternalSpelExpressionParser.eatStartNode(InternalSpelExpressionParser.java:530) ~[spring-expression-7.0.7.jar:7.0.7]
	at org.springframework.expression.spel.standard.InternalSpelExpressionParser.eatPrimaryExpression(InternalSpelExpressionParser.java:367) ~[spring-expression-7.0.7.jar:7.0.7]
	at org.springframework.expression.spel.standard.InternalSpelExpressionParser.eatUnaryExpression(InternalSpelExpressionParser.java:362) ~[spring-expression-7.0.7.jar:7.0.7]
	at org.springframework.expression.spel.standard.InternalSpelExpressionParser.eatPowerIncDecExpression(InternalSpelExpressionParser.java:316) ~[spring-expression-7.0.7.jar:7.0.7]
	at org.springframework.expression.spel.standard.InternalSpelExpressionParser.eatProductExpression(InternalSpelExpressionParser.java:295) ~[spring-expression-7.0.7.jar:7.0.7]
	at org.springframework.expression.spel.standard.InternalSpelExpressionParser.eatSumExpression(InternalSpelExpressionParser.java:278) ~[spring-expression-7.0.7.jar:7.0.7]
	at org.springframework.expression.spel.standard.InternalSpelExpressionParser.eatRelationalExpression(InternalSpelExpressionParser.java:233) ~[spring-expression-7.0.7.jar:7.0.7]
	at org.springframework.expression.spel.standard.InternalSpelExpressionParser.eatLogicalAndExpression(InternalSpelExpressionParser.java:221) ~[spring-expression-7.0.7.jar:7.0.7]
	at org.springframework.expression.spel.standard.InternalSpelExpressionParser.eatLogicalOrExpression(InternalSpelExpressionParser.java:209) ~[spring-expression-7.0.7.jar:7.0.7]
	at org.springframework.expression.spel.standard.InternalSpelExpressionParser.eatExpression(InternalSpelExpressionParser.java:171) ~[spring-expression-7.0.7.jar:7.0.7]
	at org.springframework.expression.spel.standard.InternalSpelExpressionParser.consumeArguments(InternalSpelExpressionParser.java:485) ~[spring-expression-7.0.7.jar:7.0.7]
	at org.springframework.expression.spel.standard.InternalSpelExpressionParser.maybeEatMethodArgs(InternalSpelExpressionParser.java:455) ~[spring-expression-7.0.7.jar:7.0.7]
	at org.springframework.expression.spel.standard.InternalSpelExpressionParser.maybeEatMethodOrProperty(InternalSpelExpressionParser.java:771) ~[spring-expression-7.0.7.jar:7.0.7]
	at org.springframework.expression.spel.standard.InternalSpelExpressionParser.eatDottedNode(InternalSpelExpressionParser.java:412) ~[spring-expression-7.0.7.jar:7.0.7]
	at org.springframework.expression.spel.standard.InternalSpelExpressionParser.eatNode(InternalSpelExpressionParser.java:387) ~[spring-expression-7.0.7.jar:7.0.7]
	at org.springframework.expression.spel.standard.InternalSpelExpressionParser.eatPrimaryExpression(InternalSpelExpressionParser.java:369) ~[spring-expression-7.0.7.jar:7.0.7]
	at org.springframework.expression.spel.standard.InternalSpelExpressionParser.eatUnaryExpression(InternalSpelExpressionParser.java:362) ~[spring-expression-7.0.7.jar:7.0.7]
	at org.springframework.expression.spel.standard.InternalSpelExpressionParser.eatPowerIncDecExpression(InternalSpelExpressionParser.java:316) ~[spring-expression-7.0.7.jar:7.0.7]
	at org.springframework.expression.spel.standard.InternalSpelExpressionParser.eatProductExpression(InternalSpelExpressionParser.java:295) ~[spring-expression-7.0.7.jar:7.0.7]
	at org.springframework.expression.spel.standard.InternalSpelExpressionParser.eatSumExpression(InternalSpelExpressionParser.java:278) ~[spring-expression-7.0.7.jar:7.0.7]
	at org.springframework.expression.spel.standard.InternalSpelExpressionParser.eatRelationalExpression(InternalSpelExpressionParser.java:233) ~[spring-expression-7.0.7.jar:7.0.7]
	at org.springframework.expression.spel.standard.InternalSpelExpressionParser.eatLogicalAndExpression(InternalSpelExpressionParser.java:221) ~[spring-expression-7.0.7.jar:7.0.7]
	at org.springframework.expression.spel.standard.InternalSpelExpressionParser.eatLogicalOrExpression(InternalSpelExpressionParser.java:209) ~[spring-expression-7.0.7.jar:7.0.7]
	at org.springframework.expression.spel.standard.InternalSpelExpressionParser.eatExpression(InternalSpelExpressionParser.java:171) ~[spring-expression-7.0.7.jar:7.0.7]
	at org.springframework.expression.spel.standard.InternalSpelExpressionParser.doParseExpression(InternalSpelExpressionParser.java:141) ~[spring-expression-7.0.7.jar:7.0.7]
	at org.springframework.expression.spel.standard.SpelExpressionParser.doParseExpression(SpelExpressionParser.java:64) ~[spring-expression-7.0.7.jar:7.0.7]
	at org.springframework.expression.spel.standard.SpelExpressionParser.doParseExpression(SpelExpressionParser.java:35) ~[spring-expression-7.0.7.jar:7.0.7]
	at org.springframework.expression.common.TemplateAwareExpressionParser.parseExpression(TemplateAwareExpressionParser.java:63) ~[spring-expression-7.0.7.jar:7.0.7]
	at org.springframework.expression.common.TemplateAwareExpressionParser.parseExpression(TemplateAwareExpressionParser.java:52) ~[spring-expression-7.0.7.jar:7.0.7]
	at org.thymeleaf.spring6.expression.SPELVariableExpressionEvaluator.getExpression(SPELVariableExpressionEvaluator.java:383) ~[thymeleaf-spring6-3.1.5.RELEASE.jar:3.1.5.RELEASE]
	at org.thymeleaf.spring6.expression.SPELVariableExpressionEvaluator.obtainComputedSpelExpression(SPELVariableExpressionEvaluator.java:331) ~[thymeleaf-spring6-3.1.5.RELEASE.jar:3.1.5.RELEASE]
	at org.thymeleaf.spring6.expression.SPELVariableExpressionEvaluator.evaluate(SPELVariableExpressionEvaluator.java:159) ~[thymeleaf-spring6-3.1.5.RELEASE.jar:3.1.5.RELEASE]
	at org.thymeleaf.standard.expression.VariableExpression.executeVariableExpression(VariableExpression.java:166) ~[thymeleaf-3.1.5.RELEASE.jar:3.1.5.RELEASE]
	at org.thymeleaf.standard.expression.SimpleExpression.executeSimple(SimpleExpression.java:66) ~[thymeleaf-3.1.5.RELEASE.jar:3.1.5.RELEASE]
	at org.thymeleaf.standard.expression.Expression.execute(Expression.java:109) ~[thymeleaf-3.1.5.RELEASE.jar:3.1.5.RELEASE]
	at org.thymeleaf.standard.expression.Expression.execute(Expression.java:138) ~[thymeleaf-3.1.5.RELEASE.jar:3.1.5.RELEASE]
	at org.thymeleaf.standard.expression.Expression.execute(Expression.java:125) ~[thymeleaf-3.1.5.RELEASE.jar:3.1.5.RELEASE]
	at org.thymeleaf.standard.processor.StandardEachTagProcessor.doProcess(StandardEachTagProcessor.java:73) ~[thymeleaf-3.1.5.RELEASE.jar:3.1.5.RELEASE]
	at org.thymeleaf.processor.element.AbstractAttributeTagProcessor.doProcess(AbstractAttributeTagProcessor.java:74) ~[thymeleaf-3.1.5.RELEASE.jar:3.1.5.RELEASE]
	at org.thymeleaf.processor.element.AbstractElementTagProcessor.process(AbstractElementTagProcessor.java:95) ~[thymeleaf-3.1.5.RELEASE.jar:3.1.5.RELEASE]
	at org.thymeleaf.util.ProcessorConfigurationUtils$ElementTagProcessorWrapper.process(ProcessorConfigurationUtils.java:633) ~[thymeleaf-3.1.5.RELEASE.jar:3.1.5.RELEASE]
	at org.thymeleaf.engine.ProcessorTemplateHandler.handleOpenElement(ProcessorTemplateHandler.java:1314) ~[thymeleaf-3.1.5.RELEASE.jar:3.1.5.RELEASE]
	at org.thymeleaf.engine.TemplateHandlerAdapterMarkupHandler.handleOpenElementEnd(TemplateHandlerAdapterMarkupHandler.java:304) ~[thymeleaf-3.1.5.RELEASE.jar:3.1.5.RELEASE]
	at org.thymeleaf.templateparser.markup.InlinedOutputExpressionMarkupHandler$InlineMarkupAdapterPreProcessorHandler.handleOpenElementEnd(InlinedOutputExpressionMarkupHandler.java:278) ~[thymeleaf-3.1.5.RELEASE.jar:3.1.5.RELEASE]
	at org.thymeleaf.standard.inline.OutputExpressionInlinePreProcessorHandler.handleOpenElementEnd(OutputExpressionInlinePreProcessorHandler.java:186) ~[thymeleaf-3.1.5.RELEASE.jar:3.1.5.RELEASE]
	at org.thymeleaf.templateparser.markup.InlinedOutputExpressionMarkupHandler.handleOpenElementEnd(InlinedOutputExpressionMarkupHandler.java:124) ~[thymeleaf-3.1.5.RELEASE.jar:3.1.5.RELEASE]
	at org.attoparser.HtmlElement.handleOpenElementEnd(HtmlElement.java:109) ~[attoparser-2.0.7.RELEASE.jar:2.0.7.RELEASE]
	at org.attoparser.HtmlMarkupHandler.handleOpenElementEnd(HtmlMarkupHandler.java:297) ~[attoparser-2.0.7.RELEASE.jar:2.0.7.RELEASE]
	at org.attoparser.MarkupEventProcessorHandler.handleOpenElementEnd(MarkupEventProcessorHandler.java:402) ~[attoparser-2.0.7.RELEASE.jar:2.0.7.RELEASE]
	at org.attoparser.ParsingElementMarkupUtil.parseOpenElement(ParsingElementMarkupUtil.java:159) ~[attoparser-2.0.7.RELEASE.jar:2.0.7.RELEASE]
	at org.attoparser.MarkupParser.parseBuffer(MarkupParser.java:710) ~[attoparser-2.0.7.RELEASE.jar:2.0.7.RELEASE]
	at org.attoparser.MarkupParser.parseDocument(MarkupParser.java:301) ~[attoparser-2.0.7.RELEASE.jar:2.0.7.RELEASE]
	at org.attoparser.MarkupParser.parse(MarkupParser.java:257) ~[attoparser-2.0.7.RELEASE.jar:2.0.7.RELEASE]
	at org.thymeleaf.templateparser.markup.AbstractMarkupTemplateParser.parse(AbstractMarkupTemplateParser.java:230) ~[thymeleaf-3.1.5.RELEASE.jar:3.1.5.RELEASE]
	at org.thymeleaf.templateparser.markup.AbstractMarkupTemplateParser.parseStandalone(AbstractMarkupTemplateParser.java:100) ~[thymeleaf-3.1.5.RELEASE.jar:3.1.5.RELEASE]
	at org.thymeleaf.engine.TemplateManager.parseAndProcess(TemplateManager.java:666) ~[thymeleaf-3.1.5.RELEASE.jar:3.1.5.RELEASE]
	at org.thymeleaf.TemplateEngine.process(TemplateEngine.java:1103) ~[thymeleaf-3.1.5.RELEASE.jar:3.1.5.RELEASE]
	at org.thymeleaf.TemplateEngine.process(TemplateEngine.java:1077) ~[thymeleaf-3.1.5.RELEASE.jar:3.1.5.RELEASE]
	at org.thymeleaf.spring6.view.ThymeleafView.renderFragment(ThymeleafView.java:374) ~[thymeleaf-spring6-3.1.5.RELEASE.jar:3.1.5.RELEASE]
	at org.thymeleaf.spring6.view.ThymeleafView.render(ThymeleafView.java:193) ~[thymeleaf-spring6-3.1.5.RELEASE.jar:3.1.5.RELEASE]
	at org.springframework.web.servlet.DispatcherServlet.render(DispatcherServlet.java:1305) ~[spring-webmvc-7.0.7.jar:7.0.7]
	at org.springframework.web.servlet.DispatcherServlet.processDispatchResult(DispatcherServlet.java:1042) ~[spring-webmvc-7.0.7.jar:7.0.7]
	at org.springframework.web.servlet.DispatcherServlet.doDispatch(DispatcherServlet.java:980) ~[spring-webmvc-7.0.7.jar:7.0.7]
	at org.springframework.web.servlet.DispatcherServlet.doService(DispatcherServlet.java:866) ~[spring-webmvc-7.0.7.jar:7.0.7]
	at org.springframework.web.servlet.FrameworkServlet.processRequest(FrameworkServlet.java:1000) ~[spring-webmvc-7.0.7.jar:7.0.7]
	at org.springframework.web.servlet.FrameworkServlet.doGet(FrameworkServlet.java:892) ~[spring-webmvc-7.0.7.jar:7.0.7]
	at jakarta.servlet.http.HttpServlet.service(HttpServlet.java:622) ~[tomcat-embed-core-11.0.21.jar:6.1]
	at org.springframework.web.servlet.FrameworkServlet.service(FrameworkServlet.java:874) ~[spring-webmvc-7.0.7.jar:7.0.7]
	at jakarta.servlet.http.HttpServlet.service(HttpServlet.java:710) ~[tomcat-embed-core-11.0.21.jar:6.1]
	at org.apache.catalina.core.ApplicationFilterChain.doFilter(ApplicationFilterChain.java:128) ~[tomcat-embed-core-11.0.21.jar:11.0.21]
	at org.apache.tomcat.websocket.server.WsFilter.doFilter(WsFilter.java:53) ~[tomcat-embed-websocket-11.0.21.jar:11.0.21]
	at org.apache.catalina.core.ApplicationFilterChain.doFilter(ApplicationFilterChain.java:107) ~[tomcat-embed-core-11.0.21.jar:11.0.21]
	at org.springframework.web.filter.CompositeFilter$VirtualFilterChain.doFilter(CompositeFilter.java:108) ~[spring-web-7.0.7.jar:7.0.7]
	at org.springframework.security.web.FilterChainProxy.lambda$doFilterInternal$3(FilterChainProxy.java:235) ~[spring-security-web-7.0.5.jar:7.0.5]
	at org.springframework.security.web.FilterChainProxy$VirtualFilterChain.doFilter(FilterChainProxy.java:376) ~[spring-security-web-7.0.5.jar:7.0.5]
	at org.springframework.security.web.access.intercept.AuthorizationFilter.doFilter(AuthorizationFilter.java:101) ~[spring-security-web-7.0.5.jar:7.0.5]
	at org.springframework.security.web.FilterChainProxy$VirtualFilterChain.doFilter(FilterChainProxy.java:385) ~[spring-security-web-7.0.5.jar:7.0.5]
	at org.springframework.security.web.access.ExceptionTranslationFilter.doFilter(ExceptionTranslationFilter.java:126) ~[spring-security-web-7.0.5.jar:7.0.5]
	at org.springframework.security.web.access.ExceptionTranslationFilter.doFilter(ExceptionTranslationFilter.java:120) ~[spring-security-web-7.0.5.jar:7.0.5]
	at org.springframework.security.web.FilterChainProxy$VirtualFilterChain.doFilter(FilterChainProxy.java:385) ~[spring-security-web-7.0.5.jar:7.0.5]
	at org.springframework.security.web.session.SessionManagementFilter.doFilter(SessionManagementFilter.java:132) ~[spring-security-web-7.0.5.jar:7.0.5]
	at org.springframework.security.web.session.SessionManagementFilter.doFilter(SessionManagementFilter.java:86) ~[spring-security-web-7.0.5.jar:7.0.5]
	at org.springframework.security.web.FilterChainProxy$VirtualFilterChain.doFilter(FilterChainProxy.java:385) ~[spring-security-web-7.0.5.jar:7.0.5]
	at org.springframework.security.web.authentication.AnonymousAuthenticationFilter.doFilter(AnonymousAuthenticationFilter.java:100) ~[spring-security-web-7.0.5.jar:7.0.5]
	at org.springframework.security.web.FilterChainProxy$VirtualFilterChain.doFilter(FilterChainProxy.java:385) ~[spring-security-web-7.0.5.jar:7.0.5]
	at org.springframework.security.web.servletapi.SecurityContextHolderAwareRequestFilter.doFilter(SecurityContextHolderAwareRequestFilter.java:181) ~[spring-security-web-7.0.5.jar:7.0.5]
	at org.springframework.security.web.FilterChainProxy$VirtualFilterChain.doFilter(FilterChainProxy.java:385) ~[spring-security-web-7.0.5.jar:7.0.5]
	at org.springframework.security.web.savedrequest.RequestCacheAwareFilter.doFilter(RequestCacheAwareFilter.java:63) ~[spring-security-web-7.0.5.jar:7.0.5]
	at org.springframework.security.web.FilterChainProxy$VirtualFilterChain.doFilter(FilterChainProxy.java:385) ~[spring-security-web-7.0.5.jar:7.0.5]
	at org.springframework.security.web.session.ConcurrentSessionFilter.doFilter(ConcurrentSessionFilter.java:153) ~[spring-security-web-7.0.5.jar:7.0.5]
	at org.springframework.security.web.session.ConcurrentSessionFilter.doFilter(ConcurrentSessionFilter.java:131) ~[spring-security-web-7.0.5.jar:7.0.5]
	at org.springframework.security.web.FilterChainProxy$VirtualFilterChain.doFilter(FilterChainProxy.java:385) ~[spring-security-web-7.0.5.jar:7.0.5]
	at org.springframework.security.web.authentication.AbstractAuthenticationProcessingFilter.doFilter(AbstractAuthenticationProcessingFilter.java:245) ~[spring-security-web-7.0.5.jar:7.0.5]
	at org.springframework.security.web.authentication.AbstractAuthenticationProcessingFilter.doFilter(AbstractAuthenticationProcessingFilter.java:239) ~[spring-security-web-7.0.5.jar:7.0.5]
	at org.springframework.security.web.FilterChainProxy$VirtualFilterChain.doFilter(FilterChainProxy.java:385) ~[spring-security-web-7.0.5.jar:7.0.5]
	at org.springframework.security.web.authentication.logout.LogoutFilter.doFilter(LogoutFilter.java:110) ~[spring-security-web-7.0.5.jar:7.0.5]
	at org.springframework.security.web.authentication.logout.LogoutFilter.doFilter(LogoutFilter.java:96) ~[spring-security-web-7.0.5.jar:7.0.5]
	at org.springframework.security.web.FilterChainProxy$VirtualFilterChain.doFilter(FilterChainProxy.java:385) ~[spring-security-web-7.0.5.jar:7.0.5]
	at org.springframework.security.web.csrf.CsrfFilter.doFilterInternal(CsrfFilter.java:118) ~[spring-security-web-7.0.5.jar:7.0.5]
	at org.springframework.web.filter.OncePerRequestFilter.doFilter(OncePerRequestFilter.java:116) ~[spring-web-7.0.7.jar:7.0.7]
	at org.springframework.security.web.FilterChainProxy$VirtualFilterChain.doFilter(FilterChainProxy.java:385) ~[spring-security-web-7.0.5.jar:7.0.5]
	at org.springframework.security.web.header.HeaderWriterFilter.doHeadersAfter(HeaderWriterFilter.java:90) ~[spring-security-web-7.0.5.jar:7.0.5]
	at org.springframework.security.web.header.HeaderWriterFilter.doFilterInternal(HeaderWriterFilter.java:75) ~[spring-security-web-7.0.5.jar:7.0.5]
	at org.springframework.web.filter.OncePerRequestFilter.doFilter(OncePerRequestFilter.java:116) ~[spring-web-7.0.7.jar:7.0.7]
	at org.springframework.security.web.FilterChainProxy$VirtualFilterChain.doFilter(FilterChainProxy.java:385) ~[spring-security-web-7.0.5.jar:7.0.5]
	at org.springframework.security.web.context.SecurityContextHolderFilter.doFilter(SecurityContextHolderFilter.java:82) ~[spring-security-web-7.0.5.jar:7.0.5]
	at org.springframework.security.web.context.SecurityContextHolderFilter.doFilter(SecurityContextHolderFilter.java:69) ~[spring-security-web-7.0.5.jar:7.0.5]
	at org.springframework.security.web.FilterChainProxy$VirtualFilterChain.doFilter(FilterChainProxy.java:385) ~[spring-security-web-7.0.5.jar:7.0.5]
	at org.springframework.security.web.context.request.async.WebAsyncManagerIntegrationFilter.doFilterInternal(WebAsyncManagerIntegrationFilter.java:62) ~[spring-security-web-7.0.5.jar:7.0.5]
	at org.springframework.web.filter.OncePerRequestFilter.doFilter(OncePerRequestFilter.java:116) ~[spring-web-7.0.7.jar:7.0.7]
	at org.springframework.security.web.FilterChainProxy$VirtualFilterChain.doFilter(FilterChainProxy.java:385) ~[spring-security-web-7.0.5.jar:7.0.5]
	at org.springframework.security.web.session.DisableEncodeUrlFilter.doFilterInternal(DisableEncodeUrlFilter.java:42) ~[spring-security-web-7.0.5.jar:7.0.5]
	at org.springframework.web.filter.OncePerRequestFilter.doFilter(OncePerRequestFilter.java:116) ~[spring-web-7.0.7.jar:7.0.7]
	at org.springframework.security.web.FilterChainProxy$VirtualFilterChain.doFilter(FilterChainProxy.java:385) ~[spring-security-web-7.0.5.jar:7.0.5]
	at org.springframework.security.web.FilterChainProxy.doFilterInternal(FilterChainProxy.java:237) ~[spring-security-web-7.0.5.jar:7.0.5]
	at org.springframework.security.web.FilterChainProxy.doFilter(FilterChainProxy.java:195) ~[spring-security-web-7.0.5.jar:7.0.5]
	at org.springframework.web.filter.CompositeFilter$VirtualFilterChain.doFilter(CompositeFilter.java:113) ~[spring-web-7.0.7.jar:7.0.7]
	at org.springframework.web.filter.ServletRequestPathFilter.doFilter(ServletRequestPathFilter.java:52) ~[spring-web-7.0.7.jar:7.0.7]
	at org.springframework.web.filter.CompositeFilter$VirtualFilterChain.doFilter(CompositeFilter.java:113) ~[spring-web-7.0.7.jar:7.0.7]
	at org.springframework.web.filter.CompositeFilter.doFilter(CompositeFilter.java:74) ~[spring-web-7.0.7.jar:7.0.7]
	at org.springframework.security.config.annotation.web.configuration.WebSecurityConfiguration$CompositeFilterChainProxy.doFilter(WebSecurityConfiguration.java:317) ~[spring-security-config-7.0.5.jar:7.0.5]
	at org.springframework.web.filter.DelegatingFilterProxy.invokeDelegate(DelegatingFilterProxy.java:355) ~[spring-web-7.0.7.jar:7.0.7]
	at org.springframework.web.filter.DelegatingFilterProxy.doFilter(DelegatingFilterProxy.java:272) ~[spring-web-7.0.7.jar:7.0.7]
	at org.apache.catalina.core.ApplicationFilterChain.doFilter(ApplicationFilterChain.java:107) ~[tomcat-embed-core-11.0.21.jar:11.0.21]
	at org.springframework.web.filter.RequestContextFilter.doFilterInternal(RequestContextFilter.java:100) ~[spring-web-7.0.7.jar:7.0.7]
	at org.springframework.web.filter.OncePerRequestFilter.doFilter(OncePerRequestFilter.java:116) ~[spring-web-7.0.7.jar:7.0.7]
	at org.apache.catalina.core.ApplicationFilterChain.doFilter(ApplicationFilterChain.java:107) ~[tomcat-embed-core-11.0.21.jar:11.0.21]
	at org.springframework.web.filter.FormContentFilter.doFilterInternal(FormContentFilter.java:93) ~[spring-web-7.0.7.jar:7.0.7]
	at org.springframework.web.filter.OncePerRequestFilter.doFilter(OncePerRequestFilter.java:116) ~[spring-web-7.0.7.jar:7.0.7]
	at org.apache.catalina.core.ApplicationFilterChain.doFilter(ApplicationFilterChain.java:107) ~[tomcat-embed-core-11.0.21.jar:11.0.21]
	at org.springframework.web.filter.CharacterEncodingFilter.doFilterInternal(CharacterEncodingFilter.java:199) ~[spring-web-7.0.7.jar:7.0.7]
	at org.springframework.web.filter.OncePerRequestFilter.doFilter(OncePerRequestFilter.java:116) ~[spring-web-7.0.7.jar:7.0.7]
	at org.apache.catalina.core.ApplicationFilterChain.doFilter(ApplicationFilterChain.java:107) ~[tomcat-embed-core-11.0.21.jar:11.0.21]
	at org.apache.catalina.core.StandardWrapperValve.invoke(StandardWrapperValve.java:165) ~[tomcat-embed-core-11.0.21.jar:11.0.21]
	at org.apache.catalina.core.StandardContextValve.invoke(StandardContextValve.java:77) ~[tomcat-embed-core-11.0.21.jar:11.0.21]
	at org.apache.catalina.authenticator.AuthenticatorBase.invoke(AuthenticatorBase.java:492) ~[tomcat-embed-core-11.0.21.jar:11.0.21]
	at org.apache.catalina.core.StandardHostValve.invoke(StandardHostValve.java:113) ~[tomcat-embed-core-11.0.21.jar:11.0.21]
	at org.apache.catalina.valves.ErrorReportValve.invoke(ErrorReportValve.java:83) ~[tomcat-embed-core-11.0.21.jar:11.0.21]
	at org.apache.catalina.core.StandardEngineValve.invoke(StandardEngineValve.java:72) ~[tomcat-embed-core-11.0.21.jar:11.0.21]
	at org.apache.catalina.connector.CoyoteAdapter.service(CoyoteAdapter.java:341) ~[tomcat-embed-core-11.0.21.jar:11.0.21]
	at org.apache.coyote.http11.Http11Processor.service(Http11Processor.java:397) ~[tomcat-embed-core-11.0.21.jar:11.0.21]
	at org.apache.coyote.AbstractProcessorLight.process(AbstractProcessorLight.java:63) ~[tomcat-embed-core-11.0.21.jar:11.0.21]
	at org.apache.coyote.AbstractProtocol$ConnectionHandler.process(AbstractProtocol.java:903) ~[tomcat-embed-core-11.0.21.jar:11.0.21]
	at org.apache.tomcat.util.net.NioEndpoint$SocketProcessor.doRun(NioEndpoint.java:1801) ~[tomcat-embed-core-11.0.21.jar:11.0.21]
	at org.apache.tomcat.util.net.SocketProcessorBase.run(SocketProcessorBase.java:52) ~[tomcat-embed-core-11.0.21.jar:11.0.21]
	at org.apache.tomcat.util.threads.ThreadPoolExecutor.runWorker(ThreadPoolExecutor.java:946) ~[tomcat-embed-core-11.0.21.jar:11.0.21]
	at org.apache.tomcat.util.threads.ThreadPoolExecutor$Worker.run(ThreadPoolExecutor.java:480) ~[tomcat-embed-core-11.0.21.jar:11.0.21]
	at org.apache.tomcat.util.threads.TaskThread$WrappingRunnable.run(TaskThread.java:57) ~[tomcat-embed-core-11.0.21.jar:11.0.21]
	at java.base/java.lang.Thread.run(Thread.java:1516) ~[na:na]

2026-08-10T15:51:09.041+05:30 ERROR 13208 --- [Bug Tracking System] [http-nio-8081-exec-9] a.e.ErrorMvcAutoConfiguration$StaticView : Cannot render error page for request [/bugs] and exception [An error happened during template parsing (template: "class path resource [templates/bugs/list.html]")] as the response has already been committed. As a result, the response may have the wrong status code.
2026-08-10T15:56:02.421+05:30  INFO 11276 --- [Bug Tracking System] [restartedMain] com.bugtracker.BugtrackerApplication     : Starting BugtrackerApplication using Java 26.0.1 with PID 11276 (D:\Users\Downloads\bugtracker\bugtracker\target\classes started by lovely in D:\Users\Downloads\bugtracker)
2026-08-10T15:56:02.425+05:30  INFO 11276 --- [Bug Tracking System] [restartedMain] com.bugtracker.BugtrackerApplication     : No active profile set, falling back to 1 default profile: "default"
2026-08-10T15:56:05.364+05:30  WARN 11276 --- [Bug Tracking System] [restartedMain] o.a.c.c.C.[Tomcat].[localhost].[/]       : Cannot deserialize session attribute [SPRING_SECURITY_CONTEXT] for session [F9E4681ABA24FCD79BC1512A1D92407D]
2026-08-10T15:56:09.898+05:30  WARN 11276 --- [Bug Tracking System] [restartedMain] JpaBaseConfiguration$JpaWebConfiguration : spring.jpa.open-in-view is enabled by default. Therefore, database queries may be performed during view rendering. Explicitly configure spring.jpa.open-in-view to disable this warning
2026-08-10T15:56:10.080+05:30  WARN 11276 --- [Bug Tracking System] [restartedMain] r$InitializeUserDetailsManagerConfigurer : Global AuthenticationManager configured with an AuthenticationProvider bean. UserDetailsService beans will not be used by Spring Security for automatically configuring username/password login. Consider removing the AuthenticationProvider bean. Alternatively, consider using the UserDetailsService in a manually instantiated DaoAuthenticationProvider. If the current configuration is intentional, to turn off this warning, increase the logging level of 'org.springframework.security.config.annotation.authentication.configuration.InitializeUserDetailsBeanManagerConfigurer' to ERROR
2026-08-10T15:56:10.761+05:30  INFO 11276 --- [Bug Tracking System] [restartedMain] com.bugtracker.BugtrackerApplication     : Started BugtrackerApplication in 9.093 seconds (process running for 9.949)
2026-08-10T16:13:18.491+05:30  WARN 11276 --- [Bug Tracking System] [HikariPool-1:housekeeper] com.zaxxer.hikari.pool.HikariPool        : HikariPool-1 - Thread starvation or clock leap detected (housekeeper delta=10m11s676ms578µs600ns).
